"date","series","value","label"
2008-01-21,"SF61745",7.5,"Tasa objetivo Banco de México"
2008-01-22,"SF61745",7.5,"Tasa objetivo Banco de México"
2008-01-23,"SF61745",7.5,"Tasa objetivo Banco de México"
2008-01-24,"SF61745",7.5,"Tasa objetivo Banco de México"
2008-01-25,"SF61745",7.5,"Tasa objetivo Banco de México"
2008-01-28,"SF61745",7.5,"Tasa objetivo Banco de México"
2008-01-29,"SF61745",7.5,"Tasa objetivo Banco de México"
2008-01-30,"SF61745",7.5,"Tasa objetivo Banco de México"
2008-01-31,"SF61745",7.5,"Tasa objetivo Banco de México"
2008-02-01,"SF61745",7.5,"Tasa objetivo Banco de México"
2008-02-05,"SF61745",7.5,"Tasa objetivo Banco de México"
2008-02-06,"SF61745",7.5,"Tasa objetivo Banco de México"
2008-02-07,"SF61745",7.5,"Tasa objetivo Banco de México"
2008-02-08,"SF61745",7.5,"Tasa objetivo Banco de México"
2008-02-11,"SF61745",7.5,"Tasa objetivo Banco de México"
2008-02-12,"SF61745",7.5,"Tasa objetivo Banco de México"
2008-02-13,"SF61745",7.5,"Tasa objetivo Banco de México"
2008-02-14,"SF61745",7.5,"Tasa objetivo Banco de México"
2008-02-15,"SF61745",7.5,"Tasa objetivo Banco de México"
2008-02-18,"SF61745",7.5,"Tasa objetivo Banco de México"
2008-02-19,"SF61745",7.5,"Tasa objetivo Banco de México"
2008-02-20,"SF61745",7.5,"Tasa objetivo Banco de México"
2008-02-21,"SF61745",7.5,"Tasa objetivo Banco de México"
2008-02-22,"SF61745",7.5,"Tasa objetivo Banco de México"
2008-02-25,"SF61745",7.5,"Tasa objetivo Banco de México"
2008-02-26,"SF61745",7.5,"Tasa objetivo Banco de México"
2008-02-27,"SF61745",7.5,"Tasa objetivo Banco de México"
2008-02-28,"SF61745",7.5,"Tasa objetivo Banco de México"
2008-02-29,"SF61745",7.5,"Tasa objetivo Banco de México"
2008-03-03,"SF61745",7.5,"Tasa objetivo Banco de México"
2008-03-04,"SF61745",7.5,"Tasa objetivo Banco de México"
2008-03-05,"SF61745",7.5,"Tasa objetivo Banco de México"
2008-03-06,"SF61745",7.5,"Tasa objetivo Banco de México"
2008-03-07,"SF61745",7.5,"Tasa objetivo Banco de México"
2008-03-10,"SF61745",7.5,"Tasa objetivo Banco de México"
2008-03-11,"SF61745",7.5,"Tasa objetivo Banco de México"
2008-03-12,"SF61745",7.5,"Tasa objetivo Banco de México"
2008-03-13,"SF61745",7.5,"Tasa objetivo Banco de México"
2008-03-14,"SF61745",7.5,"Tasa objetivo Banco de México"
2008-03-18,"SF61745",7.5,"Tasa objetivo Banco de México"
2008-03-19,"SF61745",7.5,"Tasa objetivo Banco de México"
2008-03-24,"SF61745",7.5,"Tasa objetivo Banco de México"
2008-03-25,"SF61745",7.5,"Tasa objetivo Banco de México"
2008-03-26,"SF61745",7.5,"Tasa objetivo Banco de México"
2008-03-27,"SF61745",7.5,"Tasa objetivo Banco de México"
2008-03-28,"SF61745",7.5,"Tasa objetivo Banco de México"
2008-03-31,"SF61745",7.5,"Tasa objetivo Banco de México"
2008-04-01,"SF61745",7.5,"Tasa objetivo Banco de México"
2008-04-02,"SF61745",7.5,"Tasa objetivo Banco de México"
2008-04-03,"SF61745",7.5,"Tasa objetivo Banco de México"
2008-04-04,"SF61745",7.5,"Tasa objetivo Banco de México"
2008-04-07,"SF61745",7.5,"Tasa objetivo Banco de México"
2008-04-08,"SF61745",7.5,"Tasa objetivo Banco de México"
2008-04-09,"SF61745",7.5,"Tasa objetivo Banco de México"
2008-04-10,"SF61745",7.5,"Tasa objetivo Banco de México"
2008-04-11,"SF61745",7.5,"Tasa objetivo Banco de México"
2008-04-14,"SF61745",7.5,"Tasa objetivo Banco de México"
2008-04-15,"SF61745",7.5,"Tasa objetivo Banco de México"
2008-04-16,"SF61745",7.5,"Tasa objetivo Banco de México"
2008-04-17,"SF61745",7.5,"Tasa objetivo Banco de México"
2008-04-18,"SF61745",7.5,"Tasa objetivo Banco de México"
2008-04-21,"SF61745",7.5,"Tasa objetivo Banco de México"
2008-04-22,"SF61745",7.5,"Tasa objetivo Banco de México"
2008-04-23,"SF61745",7.5,"Tasa objetivo Banco de México"
2008-04-24,"SF61745",7.5,"Tasa objetivo Banco de México"
2008-04-25,"SF61745",7.5,"Tasa objetivo Banco de México"
2008-04-28,"SF61745",7.5,"Tasa objetivo Banco de México"
2008-04-29,"SF61745",7.5,"Tasa objetivo Banco de México"
2008-04-30,"SF61745",7.5,"Tasa objetivo Banco de México"
2008-05-02,"SF61745",7.5,"Tasa objetivo Banco de México"
2008-05-05,"SF61745",7.5,"Tasa objetivo Banco de México"
2008-05-06,"SF61745",7.5,"Tasa objetivo Banco de México"
2008-05-07,"SF61745",7.5,"Tasa objetivo Banco de México"
2008-05-08,"SF61745",7.5,"Tasa objetivo Banco de México"
2008-05-09,"SF61745",7.5,"Tasa objetivo Banco de México"
2008-05-12,"SF61745",7.5,"Tasa objetivo Banco de México"
2008-05-13,"SF61745",7.5,"Tasa objetivo Banco de México"
2008-05-14,"SF61745",7.5,"Tasa objetivo Banco de México"
2008-05-15,"SF61745",7.5,"Tasa objetivo Banco de México"
2008-05-16,"SF61745",7.5,"Tasa objetivo Banco de México"
2008-05-19,"SF61745",7.5,"Tasa objetivo Banco de México"
2008-05-20,"SF61745",7.5,"Tasa objetivo Banco de México"
2008-05-21,"SF61745",7.5,"Tasa objetivo Banco de México"
2008-05-22,"SF61745",7.5,"Tasa objetivo Banco de México"
2008-05-23,"SF61745",7.5,"Tasa objetivo Banco de México"
2008-05-26,"SF61745",7.5,"Tasa objetivo Banco de México"
2008-05-27,"SF61745",7.5,"Tasa objetivo Banco de México"
2008-05-28,"SF61745",7.5,"Tasa objetivo Banco de México"
2008-05-29,"SF61745",7.5,"Tasa objetivo Banco de México"
2008-05-30,"SF61745",7.5,"Tasa objetivo Banco de México"
2008-06-02,"SF61745",7.5,"Tasa objetivo Banco de México"
2008-06-03,"SF61745",7.5,"Tasa objetivo Banco de México"
2008-06-04,"SF61745",7.5,"Tasa objetivo Banco de México"
2008-06-05,"SF61745",7.5,"Tasa objetivo Banco de México"
2008-06-06,"SF61745",7.5,"Tasa objetivo Banco de México"
2008-06-09,"SF61745",7.5,"Tasa objetivo Banco de México"
2008-06-10,"SF61745",7.5,"Tasa objetivo Banco de México"
2008-06-11,"SF61745",7.5,"Tasa objetivo Banco de México"
2008-06-12,"SF61745",7.5,"Tasa objetivo Banco de México"
2008-06-13,"SF61745",7.5,"Tasa objetivo Banco de México"
2008-06-16,"SF61745",7.5,"Tasa objetivo Banco de México"
2008-06-17,"SF61745",7.5,"Tasa objetivo Banco de México"
2008-06-18,"SF61745",7.5,"Tasa objetivo Banco de México"
2008-06-19,"SF61745",7.5,"Tasa objetivo Banco de México"
2008-06-20,"SF61745",7.75,"Tasa objetivo Banco de México"
2008-06-23,"SF61745",7.75,"Tasa objetivo Banco de México"
2008-06-24,"SF61745",7.75,"Tasa objetivo Banco de México"
2008-06-25,"SF61745",7.75,"Tasa objetivo Banco de México"
2008-06-26,"SF61745",7.75,"Tasa objetivo Banco de México"
2008-06-27,"SF61745",7.75,"Tasa objetivo Banco de México"
2008-06-30,"SF61745",7.75,"Tasa objetivo Banco de México"
2008-07-01,"SF61745",7.75,"Tasa objetivo Banco de México"
2008-07-02,"SF61745",7.75,"Tasa objetivo Banco de México"
2008-07-03,"SF61745",7.75,"Tasa objetivo Banco de México"
2008-07-04,"SF61745",7.75,"Tasa objetivo Banco de México"
2008-07-07,"SF61745",7.75,"Tasa objetivo Banco de México"
2008-07-08,"SF61745",7.75,"Tasa objetivo Banco de México"
2008-07-09,"SF61745",7.75,"Tasa objetivo Banco de México"
2008-07-10,"SF61745",7.75,"Tasa objetivo Banco de México"
2008-07-11,"SF61745",7.75,"Tasa objetivo Banco de México"
2008-07-14,"SF61745",7.75,"Tasa objetivo Banco de México"
2008-07-15,"SF61745",7.75,"Tasa objetivo Banco de México"
2008-07-16,"SF61745",7.75,"Tasa objetivo Banco de México"
2008-07-17,"SF61745",7.75,"Tasa objetivo Banco de México"
2008-07-18,"SF61745",8,"Tasa objetivo Banco de México"
2008-07-21,"SF61745",8,"Tasa objetivo Banco de México"
2008-07-22,"SF61745",8,"Tasa objetivo Banco de México"
2008-07-23,"SF61745",8,"Tasa objetivo Banco de México"
2008-07-24,"SF61745",8,"Tasa objetivo Banco de México"
2008-07-25,"SF61745",8,"Tasa objetivo Banco de México"
2008-07-28,"SF61745",8,"Tasa objetivo Banco de México"
2008-07-29,"SF61745",8,"Tasa objetivo Banco de México"
2008-07-30,"SF61745",8,"Tasa objetivo Banco de México"
2008-07-31,"SF61745",8,"Tasa objetivo Banco de México"
2008-08-01,"SF61745",8,"Tasa objetivo Banco de México"
2008-08-04,"SF61745",8,"Tasa objetivo Banco de México"
2008-08-05,"SF61745",8,"Tasa objetivo Banco de México"
2008-08-06,"SF61745",8,"Tasa objetivo Banco de México"
2008-08-07,"SF61745",8,"Tasa objetivo Banco de México"
2008-08-08,"SF61745",8,"Tasa objetivo Banco de México"
2008-08-11,"SF61745",8,"Tasa objetivo Banco de México"
2008-08-12,"SF61745",8,"Tasa objetivo Banco de México"
2008-08-13,"SF61745",8,"Tasa objetivo Banco de México"
2008-08-14,"SF61745",8,"Tasa objetivo Banco de México"
2008-08-15,"SF61745",8.25,"Tasa objetivo Banco de México"
2008-08-18,"SF61745",8.25,"Tasa objetivo Banco de México"
2008-08-19,"SF61745",8.25,"Tasa objetivo Banco de México"
2008-08-20,"SF61745",8.25,"Tasa objetivo Banco de México"
2008-08-21,"SF61745",8.25,"Tasa objetivo Banco de México"
2008-08-22,"SF61745",8.25,"Tasa objetivo Banco de México"
2008-08-25,"SF61745",8.25,"Tasa objetivo Banco de México"
2008-08-26,"SF61745",8.25,"Tasa objetivo Banco de México"
2008-08-27,"SF61745",8.25,"Tasa objetivo Banco de México"
2008-08-28,"SF61745",8.25,"Tasa objetivo Banco de México"
2008-08-29,"SF61745",8.25,"Tasa objetivo Banco de México"
2008-09-01,"SF61745",8.25,"Tasa objetivo Banco de México"
2008-09-02,"SF61745",8.25,"Tasa objetivo Banco de México"
2008-09-03,"SF61745",8.25,"Tasa objetivo Banco de México"
2008-09-04,"SF61745",8.25,"Tasa objetivo Banco de México"
2008-09-05,"SF61745",8.25,"Tasa objetivo Banco de México"
2008-09-08,"SF61745",8.25,"Tasa objetivo Banco de México"
2008-09-09,"SF61745",8.25,"Tasa objetivo Banco de México"
2008-09-10,"SF61745",8.25,"Tasa objetivo Banco de México"
2008-09-11,"SF61745",8.25,"Tasa objetivo Banco de México"
2008-09-12,"SF61745",8.25,"Tasa objetivo Banco de México"
2008-09-15,"SF61745",8.25,"Tasa objetivo Banco de México"
2008-09-17,"SF61745",8.25,"Tasa objetivo Banco de México"
2008-09-18,"SF61745",8.25,"Tasa objetivo Banco de México"
2008-09-19,"SF61745",8.25,"Tasa objetivo Banco de México"
2008-09-22,"SF61745",8.25,"Tasa objetivo Banco de México"
2008-09-23,"SF61745",8.25,"Tasa objetivo Banco de México"
2008-09-24,"SF61745",8.25,"Tasa objetivo Banco de México"
2008-09-25,"SF61745",8.25,"Tasa objetivo Banco de México"
2008-09-26,"SF61745",8.25,"Tasa objetivo Banco de México"
2008-09-29,"SF61745",8.25,"Tasa objetivo Banco de México"
2008-09-30,"SF61745",8.25,"Tasa objetivo Banco de México"
2008-10-01,"SF61745",8.25,"Tasa objetivo Banco de México"
2008-10-02,"SF61745",8.25,"Tasa objetivo Banco de México"
2008-10-03,"SF61745",8.25,"Tasa objetivo Banco de México"
2008-10-06,"SF61745",8.25,"Tasa objetivo Banco de México"
2008-10-07,"SF61745",8.25,"Tasa objetivo Banco de México"
2008-10-08,"SF61745",8.25,"Tasa objetivo Banco de México"
2008-10-09,"SF61745",8.25,"Tasa objetivo Banco de México"
2008-10-10,"SF61745",8.25,"Tasa objetivo Banco de México"
2008-10-12,"SF61745",8.25,"Tasa objetivo Banco de México"
2008-10-13,"SF61745",8.25,"Tasa objetivo Banco de México"
2008-10-14,"SF61745",8.25,"Tasa objetivo Banco de México"
2008-10-15,"SF61745",8.25,"Tasa objetivo Banco de México"
2008-10-16,"SF61745",8.25,"Tasa objetivo Banco de México"
2008-10-17,"SF61745",8.25,"Tasa objetivo Banco de México"
2008-10-18,"SF61745",8.25,"Tasa objetivo Banco de México"
2008-10-19,"SF61745",8.25,"Tasa objetivo Banco de México"
2008-10-20,"SF61745",8.25,"Tasa objetivo Banco de México"
2008-10-21,"SF61745",8.25,"Tasa objetivo Banco de México"
2008-10-22,"SF61745",8.25,"Tasa objetivo Banco de México"
2008-10-23,"SF61745",8.25,"Tasa objetivo Banco de México"
2008-10-24,"SF61745",8.25,"Tasa objetivo Banco de México"
2008-10-25,"SF61745",8.25,"Tasa objetivo Banco de México"
2008-10-26,"SF61745",8.25,"Tasa objetivo Banco de México"
2008-10-27,"SF61745",8.25,"Tasa objetivo Banco de México"
2008-10-28,"SF61745",8.25,"Tasa objetivo Banco de México"
2008-10-29,"SF61745",8.25,"Tasa objetivo Banco de México"
2008-10-30,"SF61745",8.25,"Tasa objetivo Banco de México"
2008-10-31,"SF61745",8.25,"Tasa objetivo Banco de México"
2008-11-01,"SF61745",8.25,"Tasa objetivo Banco de México"
2008-11-02,"SF61745",8.25,"Tasa objetivo Banco de México"
2008-11-03,"SF61745",8.25,"Tasa objetivo Banco de México"
2008-11-04,"SF61745",8.25,"Tasa objetivo Banco de México"
2008-11-05,"SF61745",8.25,"Tasa objetivo Banco de México"
2008-11-06,"SF61745",8.25,"Tasa objetivo Banco de México"
2008-11-07,"SF61745",8.25,"Tasa objetivo Banco de México"
2008-11-08,"SF61745",8.25,"Tasa objetivo Banco de México"
2008-11-09,"SF61745",8.25,"Tasa objetivo Banco de México"
2008-11-10,"SF61745",8.25,"Tasa objetivo Banco de México"
2008-11-11,"SF61745",8.25,"Tasa objetivo Banco de México"
2008-11-12,"SF61745",8.25,"Tasa objetivo Banco de México"
2008-11-13,"SF61745",8.25,"Tasa objetivo Banco de México"
2008-11-14,"SF61745",8.25,"Tasa objetivo Banco de México"
2008-11-15,"SF61745",8.25,"Tasa objetivo Banco de México"
2008-11-16,"SF61745",8.25,"Tasa objetivo Banco de México"
2008-11-17,"SF61745",8.25,"Tasa objetivo Banco de México"
2008-11-18,"SF61745",8.25,"Tasa objetivo Banco de México"
2008-11-19,"SF61745",8.25,"Tasa objetivo Banco de México"
2008-11-20,"SF61745",8.25,"Tasa objetivo Banco de México"
2008-11-21,"SF61745",8.25,"Tasa objetivo Banco de México"
2008-11-22,"SF61745",8.25,"Tasa objetivo Banco de México"
2008-11-23,"SF61745",8.25,"Tasa objetivo Banco de México"
2008-11-24,"SF61745",8.25,"Tasa objetivo Banco de México"
2008-11-25,"SF61745",8.25,"Tasa objetivo Banco de México"
2008-11-26,"SF61745",8.25,"Tasa objetivo Banco de México"
2008-11-27,"SF61745",8.25,"Tasa objetivo Banco de México"
2008-11-28,"SF61745",8.25,"Tasa objetivo Banco de México"
2008-11-29,"SF61745",8.25,"Tasa objetivo Banco de México"
2008-11-30,"SF61745",8.25,"Tasa objetivo Banco de México"
2008-12-01,"SF61745",8.25,"Tasa objetivo Banco de México"
2008-12-02,"SF61745",8.25,"Tasa objetivo Banco de México"
2008-12-03,"SF61745",8.25,"Tasa objetivo Banco de México"
2008-12-04,"SF61745",8.25,"Tasa objetivo Banco de México"
2008-12-05,"SF61745",8.25,"Tasa objetivo Banco de México"
2008-12-06,"SF61745",8.25,"Tasa objetivo Banco de México"
2008-12-07,"SF61745",8.25,"Tasa objetivo Banco de México"
2008-12-08,"SF61745",8.25,"Tasa objetivo Banco de México"
2008-12-09,"SF61745",8.25,"Tasa objetivo Banco de México"
2008-12-10,"SF61745",8.25,"Tasa objetivo Banco de México"
2008-12-11,"SF61745",8.25,"Tasa objetivo Banco de México"
2008-12-12,"SF61745",8.25,"Tasa objetivo Banco de México"
2008-12-13,"SF61745",8.25,"Tasa objetivo Banco de México"
2008-12-14,"SF61745",8.25,"Tasa objetivo Banco de México"
2008-12-15,"SF61745",8.25,"Tasa objetivo Banco de México"
2008-12-16,"SF61745",8.25,"Tasa objetivo Banco de México"
2008-12-17,"SF61745",8.25,"Tasa objetivo Banco de México"
2008-12-18,"SF61745",8.25,"Tasa objetivo Banco de México"
2008-12-19,"SF61745",8.25,"Tasa objetivo Banco de México"
2008-12-20,"SF61745",8.25,"Tasa objetivo Banco de México"
2008-12-21,"SF61745",8.25,"Tasa objetivo Banco de México"
2008-12-22,"SF61745",8.25,"Tasa objetivo Banco de México"
2008-12-23,"SF61745",8.25,"Tasa objetivo Banco de México"
2008-12-24,"SF61745",8.25,"Tasa objetivo Banco de México"
2008-12-25,"SF61745",8.25,"Tasa objetivo Banco de México"
2008-12-26,"SF61745",8.25,"Tasa objetivo Banco de México"
2008-12-27,"SF61745",8.25,"Tasa objetivo Banco de México"
2008-12-28,"SF61745",8.25,"Tasa objetivo Banco de México"
2008-12-29,"SF61745",8.25,"Tasa objetivo Banco de México"
2008-12-30,"SF61745",8.25,"Tasa objetivo Banco de México"
2008-12-31,"SF61745",8.25,"Tasa objetivo Banco de México"
2009-01-01,"SF61745",8.25,"Tasa objetivo Banco de México"
2009-01-02,"SF61745",8.25,"Tasa objetivo Banco de México"
2009-01-03,"SF61745",8.25,"Tasa objetivo Banco de México"
2009-01-04,"SF61745",8.25,"Tasa objetivo Banco de México"
2009-01-05,"SF61745",8.25,"Tasa objetivo Banco de México"
2009-01-06,"SF61745",8.25,"Tasa objetivo Banco de México"
2009-01-07,"SF61745",8.25,"Tasa objetivo Banco de México"
2009-01-08,"SF61745",8.25,"Tasa objetivo Banco de México"
2009-01-09,"SF61745",8.25,"Tasa objetivo Banco de México"
2009-01-10,"SF61745",8.25,"Tasa objetivo Banco de México"
2009-01-11,"SF61745",8.25,"Tasa objetivo Banco de México"
2009-01-12,"SF61745",8.25,"Tasa objetivo Banco de México"
2009-01-13,"SF61745",8.25,"Tasa objetivo Banco de México"
2009-01-14,"SF61745",8.25,"Tasa objetivo Banco de México"
2009-01-15,"SF61745",8.25,"Tasa objetivo Banco de México"
2009-01-16,"SF61745",7.75,"Tasa objetivo Banco de México"
2009-01-17,"SF61745",7.75,"Tasa objetivo Banco de México"
2009-01-18,"SF61745",7.75,"Tasa objetivo Banco de México"
2009-01-19,"SF61745",7.75,"Tasa objetivo Banco de México"
2009-01-20,"SF61745",7.75,"Tasa objetivo Banco de México"
2009-01-21,"SF61745",7.75,"Tasa objetivo Banco de México"
2009-01-22,"SF61745",7.75,"Tasa objetivo Banco de México"
2009-01-23,"SF61745",7.75,"Tasa objetivo Banco de México"
2009-01-24,"SF61745",7.75,"Tasa objetivo Banco de México"
2009-01-25,"SF61745",7.75,"Tasa objetivo Banco de México"
2009-01-26,"SF61745",7.75,"Tasa objetivo Banco de México"
2009-01-27,"SF61745",7.75,"Tasa objetivo Banco de México"
2009-01-28,"SF61745",7.75,"Tasa objetivo Banco de México"
2009-01-29,"SF61745",7.75,"Tasa objetivo Banco de México"
2009-01-30,"SF61745",7.75,"Tasa objetivo Banco de México"
2009-01-31,"SF61745",7.75,"Tasa objetivo Banco de México"
2009-02-01,"SF61745",7.75,"Tasa objetivo Banco de México"
2009-02-02,"SF61745",7.75,"Tasa objetivo Banco de México"
2009-02-03,"SF61745",7.75,"Tasa objetivo Banco de México"
2009-02-04,"SF61745",7.75,"Tasa objetivo Banco de México"
2009-02-05,"SF61745",7.75,"Tasa objetivo Banco de México"
2009-02-06,"SF61745",7.75,"Tasa objetivo Banco de México"
2009-02-07,"SF61745",7.75,"Tasa objetivo Banco de México"
2009-02-08,"SF61745",7.75,"Tasa objetivo Banco de México"
2009-02-09,"SF61745",7.75,"Tasa objetivo Banco de México"
2009-02-10,"SF61745",7.75,"Tasa objetivo Banco de México"
2009-02-11,"SF61745",7.75,"Tasa objetivo Banco de México"
2009-02-12,"SF61745",7.75,"Tasa objetivo Banco de México"
2009-02-13,"SF61745",7.75,"Tasa objetivo Banco de México"
2009-02-14,"SF61745",7.75,"Tasa objetivo Banco de México"
2009-02-15,"SF61745",7.75,"Tasa objetivo Banco de México"
2009-02-16,"SF61745",7.75,"Tasa objetivo Banco de México"
2009-02-17,"SF61745",7.75,"Tasa objetivo Banco de México"
2009-02-18,"SF61745",7.75,"Tasa objetivo Banco de México"
2009-02-19,"SF61745",7.75,"Tasa objetivo Banco de México"
2009-02-20,"SF61745",7.5,"Tasa objetivo Banco de México"
2009-02-21,"SF61745",7.5,"Tasa objetivo Banco de México"
2009-02-22,"SF61745",7.5,"Tasa objetivo Banco de México"
2009-02-23,"SF61745",7.5,"Tasa objetivo Banco de México"
2009-02-24,"SF61745",7.5,"Tasa objetivo Banco de México"
2009-02-25,"SF61745",7.5,"Tasa objetivo Banco de México"
2009-02-26,"SF61745",7.5,"Tasa objetivo Banco de México"
2009-02-27,"SF61745",7.5,"Tasa objetivo Banco de México"
2009-02-28,"SF61745",7.5,"Tasa objetivo Banco de México"
2009-03-01,"SF61745",7.5,"Tasa objetivo Banco de México"
2009-03-02,"SF61745",7.5,"Tasa objetivo Banco de México"
2009-03-03,"SF61745",7.5,"Tasa objetivo Banco de México"
2009-03-04,"SF61745",7.5,"Tasa objetivo Banco de México"
2009-03-05,"SF61745",7.5,"Tasa objetivo Banco de México"
2009-03-06,"SF61745",7.5,"Tasa objetivo Banco de México"
2009-03-07,"SF61745",7.5,"Tasa objetivo Banco de México"
2009-03-08,"SF61745",7.5,"Tasa objetivo Banco de México"
2009-03-09,"SF61745",7.5,"Tasa objetivo Banco de México"
2009-03-10,"SF61745",7.5,"Tasa objetivo Banco de México"
2009-03-11,"SF61745",7.5,"Tasa objetivo Banco de México"
2009-03-12,"SF61745",7.5,"Tasa objetivo Banco de México"
2009-03-13,"SF61745",7.5,"Tasa objetivo Banco de México"
2009-03-14,"SF61745",7.5,"Tasa objetivo Banco de México"
2009-03-15,"SF61745",7.5,"Tasa objetivo Banco de México"
2009-03-16,"SF61745",7.5,"Tasa objetivo Banco de México"
2009-03-17,"SF61745",7.5,"Tasa objetivo Banco de México"
2009-03-18,"SF61745",7.5,"Tasa objetivo Banco de México"
2009-03-19,"SF61745",7.5,"Tasa objetivo Banco de México"
2009-03-20,"SF61745",6.75,"Tasa objetivo Banco de México"
2009-03-21,"SF61745",6.75,"Tasa objetivo Banco de México"
2009-03-22,"SF61745",6.75,"Tasa objetivo Banco de México"
2009-03-23,"SF61745",6.75,"Tasa objetivo Banco de México"
2009-03-24,"SF61745",6.75,"Tasa objetivo Banco de México"
2009-03-25,"SF61745",6.75,"Tasa objetivo Banco de México"
2009-03-26,"SF61745",6.75,"Tasa objetivo Banco de México"
2009-03-27,"SF61745",6.75,"Tasa objetivo Banco de México"
2009-03-28,"SF61745",6.75,"Tasa objetivo Banco de México"
2009-03-29,"SF61745",6.75,"Tasa objetivo Banco de México"
2009-03-30,"SF61745",6.75,"Tasa objetivo Banco de México"
2009-03-31,"SF61745",6.75,"Tasa objetivo Banco de México"
2009-04-01,"SF61745",6.75,"Tasa objetivo Banco de México"
2009-04-02,"SF61745",6.75,"Tasa objetivo Banco de México"
2009-04-03,"SF61745",6.75,"Tasa objetivo Banco de México"
2009-04-04,"SF61745",6.75,"Tasa objetivo Banco de México"
2009-04-05,"SF61745",6.75,"Tasa objetivo Banco de México"
2009-04-06,"SF61745",6.75,"Tasa objetivo Banco de México"
2009-04-07,"SF61745",6.75,"Tasa objetivo Banco de México"
2009-04-08,"SF61745",6.75,"Tasa objetivo Banco de México"
2009-04-09,"SF61745",6.75,"Tasa objetivo Banco de México"
2009-04-10,"SF61745",6.75,"Tasa objetivo Banco de México"
2009-04-11,"SF61745",6.75,"Tasa objetivo Banco de México"
2009-04-12,"SF61745",6.75,"Tasa objetivo Banco de México"
2009-04-13,"SF61745",6.75,"Tasa objetivo Banco de México"
2009-04-14,"SF61745",6.75,"Tasa objetivo Banco de México"
2009-04-15,"SF61745",6.75,"Tasa objetivo Banco de México"
2009-04-16,"SF61745",6.75,"Tasa objetivo Banco de México"
2009-04-17,"SF61745",6,"Tasa objetivo Banco de México"
2009-04-18,"SF61745",6,"Tasa objetivo Banco de México"
2009-04-19,"SF61745",6,"Tasa objetivo Banco de México"
2009-04-20,"SF61745",6,"Tasa objetivo Banco de México"
2009-04-21,"SF61745",6,"Tasa objetivo Banco de México"
2009-04-22,"SF61745",6,"Tasa objetivo Banco de México"
2009-04-23,"SF61745",6,"Tasa objetivo Banco de México"
2009-04-24,"SF61745",6,"Tasa objetivo Banco de México"
2009-04-25,"SF61745",6,"Tasa objetivo Banco de México"
2009-04-26,"SF61745",6,"Tasa objetivo Banco de México"
2009-04-27,"SF61745",6,"Tasa objetivo Banco de México"
2009-04-28,"SF61745",6,"Tasa objetivo Banco de México"
2009-04-29,"SF61745",6,"Tasa objetivo Banco de México"
2009-04-30,"SF61745",6,"Tasa objetivo Banco de México"
2009-05-01,"SF61745",6,"Tasa objetivo Banco de México"
2009-05-02,"SF61745",6,"Tasa objetivo Banco de México"
2009-05-03,"SF61745",6,"Tasa objetivo Banco de México"
2009-05-04,"SF61745",6,"Tasa objetivo Banco de México"
2009-05-05,"SF61745",6,"Tasa objetivo Banco de México"
2009-05-06,"SF61745",6,"Tasa objetivo Banco de México"
2009-05-07,"SF61745",6,"Tasa objetivo Banco de México"
2009-05-08,"SF61745",6,"Tasa objetivo Banco de México"
2009-05-09,"SF61745",6,"Tasa objetivo Banco de México"
2009-05-10,"SF61745",6,"Tasa objetivo Banco de México"
2009-05-11,"SF61745",6,"Tasa objetivo Banco de México"
2009-05-12,"SF61745",6,"Tasa objetivo Banco de México"
2009-05-13,"SF61745",6,"Tasa objetivo Banco de México"
2009-05-14,"SF61745",6,"Tasa objetivo Banco de México"
2009-05-15,"SF61745",5.25,"Tasa objetivo Banco de México"
2009-05-16,"SF61745",5.25,"Tasa objetivo Banco de México"
2009-05-17,"SF61745",5.25,"Tasa objetivo Banco de México"
2009-05-18,"SF61745",5.25,"Tasa objetivo Banco de México"
2009-05-19,"SF61745",5.25,"Tasa objetivo Banco de México"
2009-05-20,"SF61745",5.25,"Tasa objetivo Banco de México"
2009-05-21,"SF61745",5.25,"Tasa objetivo Banco de México"
2009-05-22,"SF61745",5.25,"Tasa objetivo Banco de México"
2009-05-23,"SF61745",5.25,"Tasa objetivo Banco de México"
2009-05-24,"SF61745",5.25,"Tasa objetivo Banco de México"
2009-05-25,"SF61745",5.25,"Tasa objetivo Banco de México"
2009-05-26,"SF61745",5.25,"Tasa objetivo Banco de México"
2009-05-27,"SF61745",5.25,"Tasa objetivo Banco de México"
2009-05-28,"SF61745",5.25,"Tasa objetivo Banco de México"
2009-05-29,"SF61745",5.25,"Tasa objetivo Banco de México"
2009-05-30,"SF61745",5.25,"Tasa objetivo Banco de México"
2009-05-31,"SF61745",5.25,"Tasa objetivo Banco de México"
2009-06-01,"SF61745",5.25,"Tasa objetivo Banco de México"
2009-06-02,"SF61745",5.25,"Tasa objetivo Banco de México"
2009-06-03,"SF61745",5.25,"Tasa objetivo Banco de México"
2009-06-04,"SF61745",5.25,"Tasa objetivo Banco de México"
2009-06-05,"SF61745",5.25,"Tasa objetivo Banco de México"
2009-06-06,"SF61745",5.25,"Tasa objetivo Banco de México"
2009-06-07,"SF61745",5.25,"Tasa objetivo Banco de México"
2009-06-08,"SF61745",5.25,"Tasa objetivo Banco de México"
2009-06-09,"SF61745",5.25,"Tasa objetivo Banco de México"
2009-06-10,"SF61745",5.25,"Tasa objetivo Banco de México"
2009-06-11,"SF61745",5.25,"Tasa objetivo Banco de México"
2009-06-12,"SF61745",5.25,"Tasa objetivo Banco de México"
2009-06-13,"SF61745",5.25,"Tasa objetivo Banco de México"
2009-06-14,"SF61745",5.25,"Tasa objetivo Banco de México"
2009-06-15,"SF61745",5.25,"Tasa objetivo Banco de México"
2009-06-16,"SF61745",5.25,"Tasa objetivo Banco de México"
2009-06-17,"SF61745",5.25,"Tasa objetivo Banco de México"
2009-06-18,"SF61745",5.25,"Tasa objetivo Banco de México"
2009-06-19,"SF61745",4.75,"Tasa objetivo Banco de México"
2009-06-20,"SF61745",4.75,"Tasa objetivo Banco de México"
2009-06-21,"SF61745",4.75,"Tasa objetivo Banco de México"
2009-06-22,"SF61745",4.75,"Tasa objetivo Banco de México"
2009-06-23,"SF61745",4.75,"Tasa objetivo Banco de México"
2009-06-24,"SF61745",4.75,"Tasa objetivo Banco de México"
2009-06-25,"SF61745",4.75,"Tasa objetivo Banco de México"
2009-06-26,"SF61745",4.75,"Tasa objetivo Banco de México"
2009-06-27,"SF61745",4.75,"Tasa objetivo Banco de México"
2009-06-28,"SF61745",4.75,"Tasa objetivo Banco de México"
2009-06-29,"SF61745",4.75,"Tasa objetivo Banco de México"
2009-06-30,"SF61745",4.75,"Tasa objetivo Banco de México"
2009-07-01,"SF61745",4.75,"Tasa objetivo Banco de México"
2009-07-02,"SF61745",4.75,"Tasa objetivo Banco de México"
2009-07-03,"SF61745",4.75,"Tasa objetivo Banco de México"
2009-07-04,"SF61745",4.75,"Tasa objetivo Banco de México"
2009-07-05,"SF61745",4.75,"Tasa objetivo Banco de México"
2009-07-06,"SF61745",4.75,"Tasa objetivo Banco de México"
2009-07-07,"SF61745",4.75,"Tasa objetivo Banco de México"
2009-07-08,"SF61745",4.75,"Tasa objetivo Banco de México"
2009-07-09,"SF61745",4.75,"Tasa objetivo Banco de México"
2009-07-10,"SF61745",4.75,"Tasa objetivo Banco de México"
2009-07-11,"SF61745",4.75,"Tasa objetivo Banco de México"
2009-07-12,"SF61745",4.75,"Tasa objetivo Banco de México"
2009-07-13,"SF61745",4.75,"Tasa objetivo Banco de México"
2009-07-14,"SF61745",4.75,"Tasa objetivo Banco de México"
2009-07-15,"SF61745",4.75,"Tasa objetivo Banco de México"
2009-07-16,"SF61745",4.75,"Tasa objetivo Banco de México"
2009-07-17,"SF61745",4.5,"Tasa objetivo Banco de México"
2009-07-18,"SF61745",4.5,"Tasa objetivo Banco de México"
2009-07-19,"SF61745",4.5,"Tasa objetivo Banco de México"
2009-07-20,"SF61745",4.5,"Tasa objetivo Banco de México"
2009-07-21,"SF61745",4.5,"Tasa objetivo Banco de México"
2009-07-22,"SF61745",4.5,"Tasa objetivo Banco de México"
2009-07-23,"SF61745",4.5,"Tasa objetivo Banco de México"
2009-07-24,"SF61745",4.5,"Tasa objetivo Banco de México"
2009-07-25,"SF61745",4.5,"Tasa objetivo Banco de México"
2009-07-26,"SF61745",4.5,"Tasa objetivo Banco de México"
2009-07-27,"SF61745",4.5,"Tasa objetivo Banco de México"
2009-07-28,"SF61745",4.5,"Tasa objetivo Banco de México"
2009-07-29,"SF61745",4.5,"Tasa objetivo Banco de México"
2009-07-30,"SF61745",4.5,"Tasa objetivo Banco de México"
2009-07-31,"SF61745",4.5,"Tasa objetivo Banco de México"
2009-08-01,"SF61745",4.5,"Tasa objetivo Banco de México"
2009-08-02,"SF61745",4.5,"Tasa objetivo Banco de México"
2009-08-03,"SF61745",4.5,"Tasa objetivo Banco de México"
2009-08-04,"SF61745",4.5,"Tasa objetivo Banco de México"
2009-08-05,"SF61745",4.5,"Tasa objetivo Banco de México"
2009-08-06,"SF61745",4.5,"Tasa objetivo Banco de México"
2009-08-07,"SF61745",4.5,"Tasa objetivo Banco de México"
2009-08-08,"SF61745",4.5,"Tasa objetivo Banco de México"
2009-08-09,"SF61745",4.5,"Tasa objetivo Banco de México"
2009-08-10,"SF61745",4.5,"Tasa objetivo Banco de México"
2009-08-11,"SF61745",4.5,"Tasa objetivo Banco de México"
2009-08-12,"SF61745",4.5,"Tasa objetivo Banco de México"
2009-08-13,"SF61745",4.5,"Tasa objetivo Banco de México"
2009-08-14,"SF61745",4.5,"Tasa objetivo Banco de México"
2009-08-15,"SF61745",4.5,"Tasa objetivo Banco de México"
2009-08-16,"SF61745",4.5,"Tasa objetivo Banco de México"
2009-08-17,"SF61745",4.5,"Tasa objetivo Banco de México"
2009-08-18,"SF61745",4.5,"Tasa objetivo Banco de México"
2009-08-19,"SF61745",4.5,"Tasa objetivo Banco de México"
2009-08-20,"SF61745",4.5,"Tasa objetivo Banco de México"
2009-08-21,"SF61745",4.5,"Tasa objetivo Banco de México"
2009-08-22,"SF61745",4.5,"Tasa objetivo Banco de México"
2009-08-23,"SF61745",4.5,"Tasa objetivo Banco de México"
2009-08-24,"SF61745",4.5,"Tasa objetivo Banco de México"
2009-08-25,"SF61745",4.5,"Tasa objetivo Banco de México"
2009-08-26,"SF61745",4.5,"Tasa objetivo Banco de México"
2009-08-27,"SF61745",4.5,"Tasa objetivo Banco de México"
2009-08-28,"SF61745",4.5,"Tasa objetivo Banco de México"
2009-08-29,"SF61745",4.5,"Tasa objetivo Banco de México"
2009-08-30,"SF61745",4.5,"Tasa objetivo Banco de México"
2009-08-31,"SF61745",4.5,"Tasa objetivo Banco de México"
2009-09-01,"SF61745",4.5,"Tasa objetivo Banco de México"
2009-09-02,"SF61745",4.5,"Tasa objetivo Banco de México"
2009-09-03,"SF61745",4.5,"Tasa objetivo Banco de México"
2009-09-04,"SF61745",4.5,"Tasa objetivo Banco de México"
2009-09-05,"SF61745",4.5,"Tasa objetivo Banco de México"
2009-09-06,"SF61745",4.5,"Tasa objetivo Banco de México"
2009-09-07,"SF61745",4.5,"Tasa objetivo Banco de México"
2009-09-08,"SF61745",4.5,"Tasa objetivo Banco de México"
2009-09-09,"SF61745",4.5,"Tasa objetivo Banco de México"
2009-09-10,"SF61745",4.5,"Tasa objetivo Banco de México"
2009-09-11,"SF61745",4.5,"Tasa objetivo Banco de México"
2009-09-12,"SF61745",4.5,"Tasa objetivo Banco de México"
2009-09-13,"SF61745",4.5,"Tasa objetivo Banco de México"
2009-09-14,"SF61745",4.5,"Tasa objetivo Banco de México"
2009-09-15,"SF61745",4.5,"Tasa objetivo Banco de México"
2009-09-16,"SF61745",4.5,"Tasa objetivo Banco de México"
2009-09-17,"SF61745",4.5,"Tasa objetivo Banco de México"
2009-09-18,"SF61745",4.5,"Tasa objetivo Banco de México"
2009-09-19,"SF61745",4.5,"Tasa objetivo Banco de México"
2009-09-20,"SF61745",4.5,"Tasa objetivo Banco de México"
2009-09-21,"SF61745",4.5,"Tasa objetivo Banco de México"
2009-09-22,"SF61745",4.5,"Tasa objetivo Banco de México"
2009-09-23,"SF61745",4.5,"Tasa objetivo Banco de México"
2009-09-24,"SF61745",4.5,"Tasa objetivo Banco de México"
2009-09-25,"SF61745",4.5,"Tasa objetivo Banco de México"
2009-09-26,"SF61745",4.5,"Tasa objetivo Banco de México"
2009-09-27,"SF61745",4.5,"Tasa objetivo Banco de México"
2009-09-28,"SF61745",4.5,"Tasa objetivo Banco de México"
2009-09-29,"SF61745",4.5,"Tasa objetivo Banco de México"
2009-09-30,"SF61745",4.5,"Tasa objetivo Banco de México"
2009-10-01,"SF61745",4.5,"Tasa objetivo Banco de México"
2009-10-02,"SF61745",4.5,"Tasa objetivo Banco de México"
2009-10-03,"SF61745",4.5,"Tasa objetivo Banco de México"
2009-10-04,"SF61745",4.5,"Tasa objetivo Banco de México"
2009-10-05,"SF61745",4.5,"Tasa objetivo Banco de México"
2009-10-06,"SF61745",4.5,"Tasa objetivo Banco de México"
2009-10-07,"SF61745",4.5,"Tasa objetivo Banco de México"
2009-10-08,"SF61745",4.5,"Tasa objetivo Banco de México"
2009-10-09,"SF61745",4.5,"Tasa objetivo Banco de México"
2009-10-10,"SF61745",4.5,"Tasa objetivo Banco de México"
2009-10-11,"SF61745",4.5,"Tasa objetivo Banco de México"
2009-10-12,"SF61745",4.5,"Tasa objetivo Banco de México"
2009-10-13,"SF61745",4.5,"Tasa objetivo Banco de México"
2009-10-14,"SF61745",4.5,"Tasa objetivo Banco de México"
2009-10-15,"SF61745",4.5,"Tasa objetivo Banco de México"
2009-10-16,"SF61745",4.5,"Tasa objetivo Banco de México"
2009-10-17,"SF61745",4.5,"Tasa objetivo Banco de México"
2009-10-18,"SF61745",4.5,"Tasa objetivo Banco de México"
2009-10-19,"SF61745",4.5,"Tasa objetivo Banco de México"
2009-10-20,"SF61745",4.5,"Tasa objetivo Banco de México"
2009-10-21,"SF61745",4.5,"Tasa objetivo Banco de México"
2009-10-22,"SF61745",4.5,"Tasa objetivo Banco de México"
2009-10-23,"SF61745",4.5,"Tasa objetivo Banco de México"
2009-10-24,"SF61745",4.5,"Tasa objetivo Banco de México"
2009-10-25,"SF61745",4.5,"Tasa objetivo Banco de México"
2009-10-26,"SF61745",4.5,"Tasa objetivo Banco de México"
2009-10-27,"SF61745",4.5,"Tasa objetivo Banco de México"
2009-10-28,"SF61745",4.5,"Tasa objetivo Banco de México"
2009-10-29,"SF61745",4.5,"Tasa objetivo Banco de México"
2009-10-30,"SF61745",4.5,"Tasa objetivo Banco de México"
2009-10-31,"SF61745",4.5,"Tasa objetivo Banco de México"
2009-11-01,"SF61745",4.5,"Tasa objetivo Banco de México"
2009-11-02,"SF61745",4.5,"Tasa objetivo Banco de México"
2009-11-03,"SF61745",4.5,"Tasa objetivo Banco de México"
2009-11-04,"SF61745",4.5,"Tasa objetivo Banco de México"
2009-11-05,"SF61745",4.5,"Tasa objetivo Banco de México"
2009-11-06,"SF61745",4.5,"Tasa objetivo Banco de México"
2009-11-07,"SF61745",4.5,"Tasa objetivo Banco de México"
2009-11-08,"SF61745",4.5,"Tasa objetivo Banco de México"
2009-11-09,"SF61745",4.5,"Tasa objetivo Banco de México"
2009-11-10,"SF61745",4.5,"Tasa objetivo Banco de México"
2009-11-11,"SF61745",4.5,"Tasa objetivo Banco de México"
2009-11-12,"SF61745",4.5,"Tasa objetivo Banco de México"
2009-11-13,"SF61745",4.5,"Tasa objetivo Banco de México"
2009-11-14,"SF61745",4.5,"Tasa objetivo Banco de México"
2009-11-15,"SF61745",4.5,"Tasa objetivo Banco de México"
2009-11-16,"SF61745",4.5,"Tasa objetivo Banco de México"
2009-11-17,"SF61745",4.5,"Tasa objetivo Banco de México"
2009-11-18,"SF61745",4.5,"Tasa objetivo Banco de México"
2009-11-19,"SF61745",4.5,"Tasa objetivo Banco de México"
2009-11-20,"SF61745",4.5,"Tasa objetivo Banco de México"
2009-11-21,"SF61745",4.5,"Tasa objetivo Banco de México"
2009-11-22,"SF61745",4.5,"Tasa objetivo Banco de México"
2009-11-23,"SF61745",4.5,"Tasa objetivo Banco de México"
2009-11-24,"SF61745",4.5,"Tasa objetivo Banco de México"
2009-11-25,"SF61745",4.5,"Tasa objetivo Banco de México"
2009-11-26,"SF61745",4.5,"Tasa objetivo Banco de México"
2009-11-27,"SF61745",4.5,"Tasa objetivo Banco de México"
2009-11-28,"SF61745",4.5,"Tasa objetivo Banco de México"
2009-11-29,"SF61745",4.5,"Tasa objetivo Banco de México"
2009-11-30,"SF61745",4.5,"Tasa objetivo Banco de México"
2009-12-01,"SF61745",4.5,"Tasa objetivo Banco de México"
2009-12-02,"SF61745",4.5,"Tasa objetivo Banco de México"
2009-12-03,"SF61745",4.5,"Tasa objetivo Banco de México"
2009-12-04,"SF61745",4.5,"Tasa objetivo Banco de México"
2009-12-05,"SF61745",4.5,"Tasa objetivo Banco de México"
2009-12-06,"SF61745",4.5,"Tasa objetivo Banco de México"
2009-12-07,"SF61745",4.5,"Tasa objetivo Banco de México"
2009-12-08,"SF61745",4.5,"Tasa objetivo Banco de México"
2009-12-09,"SF61745",4.5,"Tasa objetivo Banco de México"
2009-12-10,"SF61745",4.5,"Tasa objetivo Banco de México"
2009-12-11,"SF61745",4.5,"Tasa objetivo Banco de México"
2009-12-12,"SF61745",4.5,"Tasa objetivo Banco de México"
2009-12-13,"SF61745",4.5,"Tasa objetivo Banco de México"
2009-12-14,"SF61745",4.5,"Tasa objetivo Banco de México"
2009-12-15,"SF61745",4.5,"Tasa objetivo Banco de México"
2009-12-16,"SF61745",4.5,"Tasa objetivo Banco de México"
2009-12-17,"SF61745",4.5,"Tasa objetivo Banco de México"
2009-12-18,"SF61745",4.5,"Tasa objetivo Banco de México"
2009-12-19,"SF61745",4.5,"Tasa objetivo Banco de México"
2009-12-20,"SF61745",4.5,"Tasa objetivo Banco de México"
2009-12-21,"SF61745",4.5,"Tasa objetivo Banco de México"
2009-12-22,"SF61745",4.5,"Tasa objetivo Banco de México"
2009-12-23,"SF61745",4.5,"Tasa objetivo Banco de México"
2009-12-24,"SF61745",4.5,"Tasa objetivo Banco de México"
2009-12-25,"SF61745",4.5,"Tasa objetivo Banco de México"
2009-12-26,"SF61745",4.5,"Tasa objetivo Banco de México"
2009-12-27,"SF61745",4.5,"Tasa objetivo Banco de México"
2009-12-28,"SF61745",4.5,"Tasa objetivo Banco de México"
2009-12-29,"SF61745",4.5,"Tasa objetivo Banco de México"
2009-12-30,"SF61745",4.5,"Tasa objetivo Banco de México"
2009-12-31,"SF61745",4.5,"Tasa objetivo Banco de México"
2010-01-01,"SF61745",4.5,"Tasa objetivo Banco de México"
2010-01-02,"SF61745",4.5,"Tasa objetivo Banco de México"
2010-01-03,"SF61745",4.5,"Tasa objetivo Banco de México"
2010-01-04,"SF61745",4.5,"Tasa objetivo Banco de México"
2010-01-05,"SF61745",4.5,"Tasa objetivo Banco de México"
2010-01-06,"SF61745",4.5,"Tasa objetivo Banco de México"
2010-01-07,"SF61745",4.5,"Tasa objetivo Banco de México"
2010-01-08,"SF61745",4.5,"Tasa objetivo Banco de México"
2010-01-09,"SF61745",4.5,"Tasa objetivo Banco de México"
2010-01-10,"SF61745",4.5,"Tasa objetivo Banco de México"
2010-01-11,"SF61745",4.5,"Tasa objetivo Banco de México"
2010-01-12,"SF61745",4.5,"Tasa objetivo Banco de México"
2010-01-13,"SF61745",4.5,"Tasa objetivo Banco de México"
2010-01-14,"SF61745",4.5,"Tasa objetivo Banco de México"
2010-01-15,"SF61745",4.5,"Tasa objetivo Banco de México"
2010-01-16,"SF61745",4.5,"Tasa objetivo Banco de México"
2010-01-17,"SF61745",4.5,"Tasa objetivo Banco de México"
2010-01-18,"SF61745",4.5,"Tasa objetivo Banco de México"
2010-01-19,"SF61745",4.5,"Tasa objetivo Banco de México"
2010-01-20,"SF61745",4.5,"Tasa objetivo Banco de México"
2010-01-21,"SF61745",4.5,"Tasa objetivo Banco de México"
2010-01-22,"SF61745",4.5,"Tasa objetivo Banco de México"
2010-01-23,"SF61745",4.5,"Tasa objetivo Banco de México"
2010-01-24,"SF61745",4.5,"Tasa objetivo Banco de México"
2010-01-25,"SF61745",4.5,"Tasa objetivo Banco de México"
2010-01-26,"SF61745",4.5,"Tasa objetivo Banco de México"
2010-01-27,"SF61745",4.5,"Tasa objetivo Banco de México"
2010-01-28,"SF61745",4.5,"Tasa objetivo Banco de México"
2010-01-29,"SF61745",4.5,"Tasa objetivo Banco de México"
2010-01-30,"SF61745",4.5,"Tasa objetivo Banco de México"
2010-01-31,"SF61745",4.5,"Tasa objetivo Banco de México"
2010-02-01,"SF61745",4.5,"Tasa objetivo Banco de México"
2010-02-02,"SF61745",4.5,"Tasa objetivo Banco de México"
2010-02-03,"SF61745",4.5,"Tasa objetivo Banco de México"
2010-02-04,"SF61745",4.5,"Tasa objetivo Banco de México"
2010-02-05,"SF61745",4.5,"Tasa objetivo Banco de México"
2010-02-06,"SF61745",4.5,"Tasa objetivo Banco de México"
2010-02-07,"SF61745",4.5,"Tasa objetivo Banco de México"
2010-02-08,"SF61745",4.5,"Tasa objetivo Banco de México"
2010-02-09,"SF61745",4.5,"Tasa objetivo Banco de México"
2010-02-10,"SF61745",4.5,"Tasa objetivo Banco de México"
2010-02-11,"SF61745",4.5,"Tasa objetivo Banco de México"
2010-02-12,"SF61745",4.5,"Tasa objetivo Banco de México"
2010-02-13,"SF61745",4.5,"Tasa objetivo Banco de México"
2010-02-14,"SF61745",4.5,"Tasa objetivo Banco de México"
2010-02-15,"SF61745",4.5,"Tasa objetivo Banco de México"
2010-02-16,"SF61745",4.5,"Tasa objetivo Banco de México"
2010-02-17,"SF61745",4.5,"Tasa objetivo Banco de México"
2010-02-18,"SF61745",4.5,"Tasa objetivo Banco de México"
2010-02-19,"SF61745",4.5,"Tasa objetivo Banco de México"
2010-02-20,"SF61745",4.5,"Tasa objetivo Banco de México"
2010-02-21,"SF61745",4.5,"Tasa objetivo Banco de México"
2010-02-22,"SF61745",4.5,"Tasa objetivo Banco de México"
2010-02-23,"SF61745",4.5,"Tasa objetivo Banco de México"
2010-02-24,"SF61745",4.5,"Tasa objetivo Banco de México"
2010-02-25,"SF61745",4.5,"Tasa objetivo Banco de México"
2010-02-26,"SF61745",4.5,"Tasa objetivo Banco de México"
2010-02-27,"SF61745",4.5,"Tasa objetivo Banco de México"
2010-02-28,"SF61745",4.5,"Tasa objetivo Banco de México"
2010-03-01,"SF61745",4.5,"Tasa objetivo Banco de México"
2010-03-02,"SF61745",4.5,"Tasa objetivo Banco de México"
2010-03-03,"SF61745",4.5,"Tasa objetivo Banco de México"
2010-03-04,"SF61745",4.5,"Tasa objetivo Banco de México"
2010-03-05,"SF61745",4.5,"Tasa objetivo Banco de México"
2010-03-06,"SF61745",4.5,"Tasa objetivo Banco de México"
2010-03-07,"SF61745",4.5,"Tasa objetivo Banco de México"
2010-03-08,"SF61745",4.5,"Tasa objetivo Banco de México"
2010-03-09,"SF61745",4.5,"Tasa objetivo Banco de México"
2010-03-10,"SF61745",4.5,"Tasa objetivo Banco de México"
2010-03-11,"SF61745",4.5,"Tasa objetivo Banco de México"
2010-03-12,"SF61745",4.5,"Tasa objetivo Banco de México"
2010-03-13,"SF61745",4.5,"Tasa objetivo Banco de México"
2010-03-14,"SF61745",4.5,"Tasa objetivo Banco de México"
2010-03-15,"SF61745",4.5,"Tasa objetivo Banco de México"
2010-03-16,"SF61745",4.5,"Tasa objetivo Banco de México"
2010-03-17,"SF61745",4.5,"Tasa objetivo Banco de México"
2010-03-18,"SF61745",4.5,"Tasa objetivo Banco de México"
2010-03-19,"SF61745",4.5,"Tasa objetivo Banco de México"
2010-03-20,"SF61745",4.5,"Tasa objetivo Banco de México"
2010-03-21,"SF61745",4.5,"Tasa objetivo Banco de México"
2010-03-22,"SF61745",4.5,"Tasa objetivo Banco de México"
2010-03-23,"SF61745",4.5,"Tasa objetivo Banco de México"
2010-03-24,"SF61745",4.5,"Tasa objetivo Banco de México"
2010-03-25,"SF61745",4.5,"Tasa objetivo Banco de México"
2010-03-26,"SF61745",4.5,"Tasa objetivo Banco de México"
2010-03-27,"SF61745",4.5,"Tasa objetivo Banco de México"
2010-03-28,"SF61745",4.5,"Tasa objetivo Banco de México"
2010-03-29,"SF61745",4.5,"Tasa objetivo Banco de México"
2010-03-30,"SF61745",4.5,"Tasa objetivo Banco de México"
2010-03-31,"SF61745",4.5,"Tasa objetivo Banco de México"
2010-04-01,"SF61745",4.5,"Tasa objetivo Banco de México"
2010-04-02,"SF61745",4.5,"Tasa objetivo Banco de México"
2010-04-03,"SF61745",4.5,"Tasa objetivo Banco de México"
2010-04-04,"SF61745",4.5,"Tasa objetivo Banco de México"
2010-04-05,"SF61745",4.5,"Tasa objetivo Banco de México"
2010-04-06,"SF61745",4.5,"Tasa objetivo Banco de México"
2010-04-07,"SF61745",4.5,"Tasa objetivo Banco de México"
2010-04-08,"SF61745",4.5,"Tasa objetivo Banco de México"
2010-04-09,"SF61745",4.5,"Tasa objetivo Banco de México"
2010-04-10,"SF61745",4.5,"Tasa objetivo Banco de México"
2010-04-11,"SF61745",4.5,"Tasa objetivo Banco de México"
2010-04-12,"SF61745",4.5,"Tasa objetivo Banco de México"
2010-04-13,"SF61745",4.5,"Tasa objetivo Banco de México"
2010-04-14,"SF61745",4.5,"Tasa objetivo Banco de México"
2010-04-15,"SF61745",4.5,"Tasa objetivo Banco de México"
2010-04-16,"SF61745",4.5,"Tasa objetivo Banco de México"
2010-04-17,"SF61745",4.5,"Tasa objetivo Banco de México"
2010-04-18,"SF61745",4.5,"Tasa objetivo Banco de México"
2010-04-19,"SF61745",4.5,"Tasa objetivo Banco de México"
2010-04-20,"SF61745",4.5,"Tasa objetivo Banco de México"
2010-04-21,"SF61745",4.5,"Tasa objetivo Banco de México"
2010-04-22,"SF61745",4.5,"Tasa objetivo Banco de México"
2010-04-23,"SF61745",4.5,"Tasa objetivo Banco de México"
2010-04-24,"SF61745",4.5,"Tasa objetivo Banco de México"
2010-04-25,"SF61745",4.5,"Tasa objetivo Banco de México"
2010-04-26,"SF61745",4.5,"Tasa objetivo Banco de México"
2010-04-27,"SF61745",4.5,"Tasa objetivo Banco de México"
2010-04-28,"SF61745",4.5,"Tasa objetivo Banco de México"
2010-04-29,"SF61745",4.5,"Tasa objetivo Banco de México"
2010-04-30,"SF61745",4.5,"Tasa objetivo Banco de México"
2010-05-01,"SF61745",4.5,"Tasa objetivo Banco de México"
2010-05-02,"SF61745",4.5,"Tasa objetivo Banco de México"
2010-05-03,"SF61745",4.5,"Tasa objetivo Banco de México"
2010-05-04,"SF61745",4.5,"Tasa objetivo Banco de México"
2010-05-05,"SF61745",4.5,"Tasa objetivo Banco de México"
2010-05-06,"SF61745",4.5,"Tasa objetivo Banco de México"
2010-05-07,"SF61745",4.5,"Tasa objetivo Banco de México"
2010-05-08,"SF61745",4.5,"Tasa objetivo Banco de México"
2010-05-09,"SF61745",4.5,"Tasa objetivo Banco de México"
2010-05-10,"SF61745",4.5,"Tasa objetivo Banco de México"
2010-05-11,"SF61745",4.5,"Tasa objetivo Banco de México"
2010-05-12,"SF61745",4.5,"Tasa objetivo Banco de México"
2010-05-13,"SF61745",4.5,"Tasa objetivo Banco de México"
2010-05-14,"SF61745",4.5,"Tasa objetivo Banco de México"
2010-05-15,"SF61745",4.5,"Tasa objetivo Banco de México"
2010-05-16,"SF61745",4.5,"Tasa objetivo Banco de México"
2010-05-17,"SF61745",4.5,"Tasa objetivo Banco de México"
2010-05-18,"SF61745",4.5,"Tasa objetivo Banco de México"
2010-05-19,"SF61745",4.5,"Tasa objetivo Banco de México"
2010-05-20,"SF61745",4.5,"Tasa objetivo Banco de México"
2010-05-21,"SF61745",4.5,"Tasa objetivo Banco de México"
2010-05-22,"SF61745",4.5,"Tasa objetivo Banco de México"
2010-05-23,"SF61745",4.5,"Tasa objetivo Banco de México"
2010-05-24,"SF61745",4.5,"Tasa objetivo Banco de México"
2010-05-25,"SF61745",4.5,"Tasa objetivo Banco de México"
2010-05-26,"SF61745",4.5,"Tasa objetivo Banco de México"
2010-05-27,"SF61745",4.5,"Tasa objetivo Banco de México"
2010-05-28,"SF61745",4.5,"Tasa objetivo Banco de México"
2010-05-29,"SF61745",4.5,"Tasa objetivo Banco de México"
2010-05-30,"SF61745",4.5,"Tasa objetivo Banco de México"
2010-05-31,"SF61745",4.5,"Tasa objetivo Banco de México"
2010-06-01,"SF61745",4.5,"Tasa objetivo Banco de México"
2010-06-02,"SF61745",4.5,"Tasa objetivo Banco de México"
2010-06-03,"SF61745",4.5,"Tasa objetivo Banco de México"
2010-06-04,"SF61745",4.5,"Tasa objetivo Banco de México"
2010-06-05,"SF61745",4.5,"Tasa objetivo Banco de México"
2010-06-06,"SF61745",4.5,"Tasa objetivo Banco de México"
2010-06-07,"SF61745",4.5,"Tasa objetivo Banco de México"
2010-06-08,"SF61745",4.5,"Tasa objetivo Banco de México"
2010-06-09,"SF61745",4.5,"Tasa objetivo Banco de México"
2010-06-10,"SF61745",4.5,"Tasa objetivo Banco de México"
2010-06-11,"SF61745",4.5,"Tasa objetivo Banco de México"
2010-06-12,"SF61745",4.5,"Tasa objetivo Banco de México"
2010-06-13,"SF61745",4.5,"Tasa objetivo Banco de México"
2010-06-14,"SF61745",4.5,"Tasa objetivo Banco de México"
2010-06-15,"SF61745",4.5,"Tasa objetivo Banco de México"
2010-06-16,"SF61745",4.5,"Tasa objetivo Banco de México"
2010-06-17,"SF61745",4.5,"Tasa objetivo Banco de México"
2010-06-18,"SF61745",4.5,"Tasa objetivo Banco de México"
2010-06-19,"SF61745",4.5,"Tasa objetivo Banco de México"
2010-06-20,"SF61745",4.5,"Tasa objetivo Banco de México"
2010-06-21,"SF61745",4.5,"Tasa objetivo Banco de México"
2010-06-22,"SF61745",4.5,"Tasa objetivo Banco de México"
2010-06-23,"SF61745",4.5,"Tasa objetivo Banco de México"
2010-06-24,"SF61745",4.5,"Tasa objetivo Banco de México"
2010-06-25,"SF61745",4.5,"Tasa objetivo Banco de México"
2010-06-26,"SF61745",4.5,"Tasa objetivo Banco de México"
2010-06-27,"SF61745",4.5,"Tasa objetivo Banco de México"
2010-06-28,"SF61745",4.5,"Tasa objetivo Banco de México"
2010-06-29,"SF61745",4.5,"Tasa objetivo Banco de México"
2010-06-30,"SF61745",4.5,"Tasa objetivo Banco de México"
2010-07-01,"SF61745",4.5,"Tasa objetivo Banco de México"
2010-07-02,"SF61745",4.5,"Tasa objetivo Banco de México"
2010-07-03,"SF61745",4.5,"Tasa objetivo Banco de México"
2010-07-04,"SF61745",4.5,"Tasa objetivo Banco de México"
2010-07-05,"SF61745",4.5,"Tasa objetivo Banco de México"
2010-07-06,"SF61745",4.5,"Tasa objetivo Banco de México"
2010-07-07,"SF61745",4.5,"Tasa objetivo Banco de México"
2010-07-08,"SF61745",4.5,"Tasa objetivo Banco de México"
2010-07-09,"SF61745",4.5,"Tasa objetivo Banco de México"
2010-07-10,"SF61745",4.5,"Tasa objetivo Banco de México"
2010-07-11,"SF61745",4.5,"Tasa objetivo Banco de México"
2010-07-12,"SF61745",4.5,"Tasa objetivo Banco de México"
2010-07-13,"SF61745",4.5,"Tasa objetivo Banco de México"
2010-07-14,"SF61745",4.5,"Tasa objetivo Banco de México"
2010-07-15,"SF61745",4.5,"Tasa objetivo Banco de México"
2010-07-16,"SF61745",4.5,"Tasa objetivo Banco de México"
2010-07-17,"SF61745",4.5,"Tasa objetivo Banco de México"
2010-07-18,"SF61745",4.5,"Tasa objetivo Banco de México"
2010-07-19,"SF61745",4.5,"Tasa objetivo Banco de México"
2010-07-20,"SF61745",4.5,"Tasa objetivo Banco de México"
2010-07-21,"SF61745",4.5,"Tasa objetivo Banco de México"
2010-07-22,"SF61745",4.5,"Tasa objetivo Banco de México"
2010-07-23,"SF61745",4.5,"Tasa objetivo Banco de México"
2010-07-24,"SF61745",4.5,"Tasa objetivo Banco de México"
2010-07-25,"SF61745",4.5,"Tasa objetivo Banco de México"
2010-07-26,"SF61745",4.5,"Tasa objetivo Banco de México"
2010-07-27,"SF61745",4.5,"Tasa objetivo Banco de México"
2010-07-28,"SF61745",4.5,"Tasa objetivo Banco de México"
2010-07-29,"SF61745",4.5,"Tasa objetivo Banco de México"
2010-07-30,"SF61745",4.5,"Tasa objetivo Banco de México"
2010-07-31,"SF61745",4.5,"Tasa objetivo Banco de México"
2010-08-01,"SF61745",4.5,"Tasa objetivo Banco de México"
2010-08-02,"SF61745",4.5,"Tasa objetivo Banco de México"
2010-08-03,"SF61745",4.5,"Tasa objetivo Banco de México"
2010-08-04,"SF61745",4.5,"Tasa objetivo Banco de México"
2010-08-05,"SF61745",4.5,"Tasa objetivo Banco de México"
2010-08-06,"SF61745",4.5,"Tasa objetivo Banco de México"
2010-08-07,"SF61745",4.5,"Tasa objetivo Banco de México"
2010-08-08,"SF61745",4.5,"Tasa objetivo Banco de México"
2010-08-09,"SF61745",4.5,"Tasa objetivo Banco de México"
2010-08-10,"SF61745",4.5,"Tasa objetivo Banco de México"
2010-08-11,"SF61745",4.5,"Tasa objetivo Banco de México"
2010-08-12,"SF61745",4.5,"Tasa objetivo Banco de México"
2010-08-13,"SF61745",4.5,"Tasa objetivo Banco de México"
2010-08-14,"SF61745",4.5,"Tasa objetivo Banco de México"
2010-08-15,"SF61745",4.5,"Tasa objetivo Banco de México"
2010-08-16,"SF61745",4.5,"Tasa objetivo Banco de México"
2010-08-17,"SF61745",4.5,"Tasa objetivo Banco de México"
2010-08-18,"SF61745",4.5,"Tasa objetivo Banco de México"
2010-08-19,"SF61745",4.5,"Tasa objetivo Banco de México"
2010-08-20,"SF61745",4.5,"Tasa objetivo Banco de México"
2010-08-21,"SF61745",4.5,"Tasa objetivo Banco de México"
2010-08-22,"SF61745",4.5,"Tasa objetivo Banco de México"
2010-08-23,"SF61745",4.5,"Tasa objetivo Banco de México"
2010-08-24,"SF61745",4.5,"Tasa objetivo Banco de México"
2010-08-25,"SF61745",4.5,"Tasa objetivo Banco de México"
2010-08-26,"SF61745",4.5,"Tasa objetivo Banco de México"
2010-08-27,"SF61745",4.5,"Tasa objetivo Banco de México"
2010-08-28,"SF61745",4.5,"Tasa objetivo Banco de México"
2010-08-29,"SF61745",4.5,"Tasa objetivo Banco de México"
2010-08-30,"SF61745",4.5,"Tasa objetivo Banco de México"
2010-08-31,"SF61745",4.5,"Tasa objetivo Banco de México"
2010-09-01,"SF61745",4.5,"Tasa objetivo Banco de México"
2010-09-02,"SF61745",4.5,"Tasa objetivo Banco de México"
2010-09-03,"SF61745",4.5,"Tasa objetivo Banco de México"
2010-09-04,"SF61745",4.5,"Tasa objetivo Banco de México"
2010-09-05,"SF61745",4.5,"Tasa objetivo Banco de México"
2010-09-06,"SF61745",4.5,"Tasa objetivo Banco de México"
2010-09-07,"SF61745",4.5,"Tasa objetivo Banco de México"
2010-09-08,"SF61745",4.5,"Tasa objetivo Banco de México"
2010-09-09,"SF61745",4.5,"Tasa objetivo Banco de México"
2010-09-10,"SF61745",4.5,"Tasa objetivo Banco de México"
2010-09-11,"SF61745",4.5,"Tasa objetivo Banco de México"
2010-09-12,"SF61745",4.5,"Tasa objetivo Banco de México"
2010-09-13,"SF61745",4.5,"Tasa objetivo Banco de México"
2010-09-14,"SF61745",4.5,"Tasa objetivo Banco de México"
2010-09-15,"SF61745",4.5,"Tasa objetivo Banco de México"
2010-09-16,"SF61745",4.5,"Tasa objetivo Banco de México"
2010-09-17,"SF61745",4.5,"Tasa objetivo Banco de México"
2010-09-18,"SF61745",4.5,"Tasa objetivo Banco de México"
2010-09-19,"SF61745",4.5,"Tasa objetivo Banco de México"
2010-09-20,"SF61745",4.5,"Tasa objetivo Banco de México"
2010-09-21,"SF61745",4.5,"Tasa objetivo Banco de México"
2010-09-22,"SF61745",4.5,"Tasa objetivo Banco de México"
2010-09-23,"SF61745",4.5,"Tasa objetivo Banco de México"
2010-09-24,"SF61745",4.5,"Tasa objetivo Banco de México"
2010-09-25,"SF61745",4.5,"Tasa objetivo Banco de México"
2010-09-26,"SF61745",4.5,"Tasa objetivo Banco de México"
2010-09-27,"SF61745",4.5,"Tasa objetivo Banco de México"
2010-09-28,"SF61745",4.5,"Tasa objetivo Banco de México"
2010-09-29,"SF61745",4.5,"Tasa objetivo Banco de México"
2010-09-30,"SF61745",4.5,"Tasa objetivo Banco de México"
2010-10-01,"SF61745",4.5,"Tasa objetivo Banco de México"
2010-10-02,"SF61745",4.5,"Tasa objetivo Banco de México"
2010-10-03,"SF61745",4.5,"Tasa objetivo Banco de México"
2010-10-04,"SF61745",4.5,"Tasa objetivo Banco de México"
2010-10-05,"SF61745",4.5,"Tasa objetivo Banco de México"
2010-10-06,"SF61745",4.5,"Tasa objetivo Banco de México"
2010-10-07,"SF61745",4.5,"Tasa objetivo Banco de México"
2010-10-08,"SF61745",4.5,"Tasa objetivo Banco de México"
2010-10-09,"SF61745",4.5,"Tasa objetivo Banco de México"
2010-10-10,"SF61745",4.5,"Tasa objetivo Banco de México"
2010-10-11,"SF61745",4.5,"Tasa objetivo Banco de México"
2010-10-12,"SF61745",4.5,"Tasa objetivo Banco de México"
2010-10-13,"SF61745",4.5,"Tasa objetivo Banco de México"
2010-10-14,"SF61745",4.5,"Tasa objetivo Banco de México"
2010-10-15,"SF61745",4.5,"Tasa objetivo Banco de México"
2010-10-16,"SF61745",4.5,"Tasa objetivo Banco de México"
2010-10-17,"SF61745",4.5,"Tasa objetivo Banco de México"
2010-10-18,"SF61745",4.5,"Tasa objetivo Banco de México"
2010-10-19,"SF61745",4.5,"Tasa objetivo Banco de México"
2010-10-20,"SF61745",4.5,"Tasa objetivo Banco de México"
2010-10-21,"SF61745",4.5,"Tasa objetivo Banco de México"
2010-10-22,"SF61745",4.5,"Tasa objetivo Banco de México"
2010-10-23,"SF61745",4.5,"Tasa objetivo Banco de México"
2010-10-24,"SF61745",4.5,"Tasa objetivo Banco de México"
2010-10-25,"SF61745",4.5,"Tasa objetivo Banco de México"
2010-10-26,"SF61745",4.5,"Tasa objetivo Banco de México"
2010-10-27,"SF61745",4.5,"Tasa objetivo Banco de México"
2010-10-28,"SF61745",4.5,"Tasa objetivo Banco de México"
2010-10-29,"SF61745",4.5,"Tasa objetivo Banco de México"
2010-10-30,"SF61745",4.5,"Tasa objetivo Banco de México"
2010-10-31,"SF61745",4.5,"Tasa objetivo Banco de México"
2010-11-01,"SF61745",4.5,"Tasa objetivo Banco de México"
2010-11-02,"SF61745",4.5,"Tasa objetivo Banco de México"
2010-11-03,"SF61745",4.5,"Tasa objetivo Banco de México"
2010-11-04,"SF61745",4.5,"Tasa objetivo Banco de México"
2010-11-05,"SF61745",4.5,"Tasa objetivo Banco de México"
2010-11-06,"SF61745",4.5,"Tasa objetivo Banco de México"
2010-11-07,"SF61745",4.5,"Tasa objetivo Banco de México"
2010-11-08,"SF61745",4.5,"Tasa objetivo Banco de México"
2010-11-09,"SF61745",4.5,"Tasa objetivo Banco de México"
2010-11-10,"SF61745",4.5,"Tasa objetivo Banco de México"
2010-11-11,"SF61745",4.5,"Tasa objetivo Banco de México"
2010-11-12,"SF61745",4.5,"Tasa objetivo Banco de México"
2010-11-13,"SF61745",4.5,"Tasa objetivo Banco de México"
2010-11-14,"SF61745",4.5,"Tasa objetivo Banco de México"
2010-11-15,"SF61745",4.5,"Tasa objetivo Banco de México"
2010-11-16,"SF61745",4.5,"Tasa objetivo Banco de México"
2010-11-17,"SF61745",4.5,"Tasa objetivo Banco de México"
2010-11-18,"SF61745",4.5,"Tasa objetivo Banco de México"
2010-11-19,"SF61745",4.5,"Tasa objetivo Banco de México"
2010-11-20,"SF61745",4.5,"Tasa objetivo Banco de México"
2010-11-21,"SF61745",4.5,"Tasa objetivo Banco de México"
2010-11-22,"SF61745",4.5,"Tasa objetivo Banco de México"
2010-11-23,"SF61745",4.5,"Tasa objetivo Banco de México"
2010-11-24,"SF61745",4.5,"Tasa objetivo Banco de México"
2010-11-25,"SF61745",4.5,"Tasa objetivo Banco de México"
2010-11-26,"SF61745",4.5,"Tasa objetivo Banco de México"
2010-11-27,"SF61745",4.5,"Tasa objetivo Banco de México"
2010-11-28,"SF61745",4.5,"Tasa objetivo Banco de México"
2010-11-29,"SF61745",4.5,"Tasa objetivo Banco de México"
2010-11-30,"SF61745",4.5,"Tasa objetivo Banco de México"
2010-12-01,"SF61745",4.5,"Tasa objetivo Banco de México"
2010-12-02,"SF61745",4.5,"Tasa objetivo Banco de México"
2010-12-03,"SF61745",4.5,"Tasa objetivo Banco de México"
2010-12-04,"SF61745",4.5,"Tasa objetivo Banco de México"
2010-12-05,"SF61745",4.5,"Tasa objetivo Banco de México"
2010-12-06,"SF61745",4.5,"Tasa objetivo Banco de México"
2010-12-07,"SF61745",4.5,"Tasa objetivo Banco de México"
2010-12-08,"SF61745",4.5,"Tasa objetivo Banco de México"
2010-12-09,"SF61745",4.5,"Tasa objetivo Banco de México"
2010-12-10,"SF61745",4.5,"Tasa objetivo Banco de México"
2010-12-11,"SF61745",4.5,"Tasa objetivo Banco de México"
2010-12-12,"SF61745",4.5,"Tasa objetivo Banco de México"
2010-12-13,"SF61745",4.5,"Tasa objetivo Banco de México"
2010-12-14,"SF61745",4.5,"Tasa objetivo Banco de México"
2010-12-15,"SF61745",4.5,"Tasa objetivo Banco de México"
2010-12-16,"SF61745",4.5,"Tasa objetivo Banco de México"
2010-12-17,"SF61745",4.5,"Tasa objetivo Banco de México"
2010-12-18,"SF61745",4.5,"Tasa objetivo Banco de México"
2010-12-19,"SF61745",4.5,"Tasa objetivo Banco de México"
2010-12-20,"SF61745",4.5,"Tasa objetivo Banco de México"
2010-12-21,"SF61745",4.5,"Tasa objetivo Banco de México"
2010-12-22,"SF61745",4.5,"Tasa objetivo Banco de México"
2010-12-23,"SF61745",4.5,"Tasa objetivo Banco de México"
2010-12-24,"SF61745",4.5,"Tasa objetivo Banco de México"
2010-12-25,"SF61745",4.5,"Tasa objetivo Banco de México"
2010-12-26,"SF61745",4.5,"Tasa objetivo Banco de México"
2010-12-27,"SF61745",4.5,"Tasa objetivo Banco de México"
2010-12-28,"SF61745",4.5,"Tasa objetivo Banco de México"
2010-12-29,"SF61745",4.5,"Tasa objetivo Banco de México"
2010-12-30,"SF61745",4.5,"Tasa objetivo Banco de México"
2010-12-31,"SF61745",4.5,"Tasa objetivo Banco de México"
2011-01-01,"SF61745",4.5,"Tasa objetivo Banco de México"
2011-01-02,"SF61745",4.5,"Tasa objetivo Banco de México"
2011-01-03,"SF61745",4.5,"Tasa objetivo Banco de México"
2011-01-04,"SF61745",4.5,"Tasa objetivo Banco de México"
2011-01-05,"SF61745",4.5,"Tasa objetivo Banco de México"
2011-01-06,"SF61745",4.5,"Tasa objetivo Banco de México"
2011-01-07,"SF61745",4.5,"Tasa objetivo Banco de México"
2011-01-08,"SF61745",4.5,"Tasa objetivo Banco de México"
2011-01-09,"SF61745",4.5,"Tasa objetivo Banco de México"
2011-01-10,"SF61745",4.5,"Tasa objetivo Banco de México"
2011-01-11,"SF61745",4.5,"Tasa objetivo Banco de México"
2011-01-12,"SF61745",4.5,"Tasa objetivo Banco de México"
2011-01-13,"SF61745",4.5,"Tasa objetivo Banco de México"
2011-01-14,"SF61745",4.5,"Tasa objetivo Banco de México"
2011-01-15,"SF61745",4.5,"Tasa objetivo Banco de México"
2011-01-16,"SF61745",4.5,"Tasa objetivo Banco de México"
2011-01-17,"SF61745",4.5,"Tasa objetivo Banco de México"
2011-01-18,"SF61745",4.5,"Tasa objetivo Banco de México"
2011-01-19,"SF61745",4.5,"Tasa objetivo Banco de México"
2011-01-20,"SF61745",4.5,"Tasa objetivo Banco de México"
2011-01-21,"SF61745",4.5,"Tasa objetivo Banco de México"
2011-01-22,"SF61745",4.5,"Tasa objetivo Banco de México"
2011-01-23,"SF61745",4.5,"Tasa objetivo Banco de México"
2011-01-24,"SF61745",4.5,"Tasa objetivo Banco de México"
2011-01-25,"SF61745",4.5,"Tasa objetivo Banco de México"
2011-01-26,"SF61745",4.5,"Tasa objetivo Banco de México"
2011-01-27,"SF61745",4.5,"Tasa objetivo Banco de México"
2011-01-28,"SF61745",4.5,"Tasa objetivo Banco de México"
2011-01-29,"SF61745",4.5,"Tasa objetivo Banco de México"
2011-01-30,"SF61745",4.5,"Tasa objetivo Banco de México"
2011-01-31,"SF61745",4.5,"Tasa objetivo Banco de México"
2011-02-01,"SF61745",4.5,"Tasa objetivo Banco de México"
2011-02-02,"SF61745",4.5,"Tasa objetivo Banco de México"
2011-02-03,"SF61745",4.5,"Tasa objetivo Banco de México"
2011-02-04,"SF61745",4.5,"Tasa objetivo Banco de México"
2011-02-05,"SF61745",4.5,"Tasa objetivo Banco de México"
2011-02-06,"SF61745",4.5,"Tasa objetivo Banco de México"
2011-02-07,"SF61745",4.5,"Tasa objetivo Banco de México"
2011-02-08,"SF61745",4.5,"Tasa objetivo Banco de México"
2011-02-09,"SF61745",4.5,"Tasa objetivo Banco de México"
2011-02-10,"SF61745",4.5,"Tasa objetivo Banco de México"
2011-02-11,"SF61745",4.5,"Tasa objetivo Banco de México"
2011-02-12,"SF61745",4.5,"Tasa objetivo Banco de México"
2011-02-13,"SF61745",4.5,"Tasa objetivo Banco de México"
2011-02-14,"SF61745",4.5,"Tasa objetivo Banco de México"
2011-02-15,"SF61745",4.5,"Tasa objetivo Banco de México"
2011-02-16,"SF61745",4.5,"Tasa objetivo Banco de México"
2011-02-17,"SF61745",4.5,"Tasa objetivo Banco de México"
2011-02-18,"SF61745",4.5,"Tasa objetivo Banco de México"
2011-02-19,"SF61745",4.5,"Tasa objetivo Banco de México"
2011-02-20,"SF61745",4.5,"Tasa objetivo Banco de México"
2011-02-21,"SF61745",4.5,"Tasa objetivo Banco de México"
2011-02-22,"SF61745",4.5,"Tasa objetivo Banco de México"
2011-02-23,"SF61745",4.5,"Tasa objetivo Banco de México"
2011-02-24,"SF61745",4.5,"Tasa objetivo Banco de México"
2011-02-25,"SF61745",4.5,"Tasa objetivo Banco de México"
2011-02-26,"SF61745",4.5,"Tasa objetivo Banco de México"
2011-02-27,"SF61745",4.5,"Tasa objetivo Banco de México"
2011-02-28,"SF61745",4.5,"Tasa objetivo Banco de México"
2011-03-01,"SF61745",4.5,"Tasa objetivo Banco de México"
2011-03-02,"SF61745",4.5,"Tasa objetivo Banco de México"
2011-03-03,"SF61745",4.5,"Tasa objetivo Banco de México"
2011-03-04,"SF61745",4.5,"Tasa objetivo Banco de México"
2011-03-05,"SF61745",4.5,"Tasa objetivo Banco de México"
2011-03-06,"SF61745",4.5,"Tasa objetivo Banco de México"
2011-03-07,"SF61745",4.5,"Tasa objetivo Banco de México"
2011-03-08,"SF61745",4.5,"Tasa objetivo Banco de México"
2011-03-09,"SF61745",4.5,"Tasa objetivo Banco de México"
2011-03-10,"SF61745",4.5,"Tasa objetivo Banco de México"
2011-03-11,"SF61745",4.5,"Tasa objetivo Banco de México"
2011-03-12,"SF61745",4.5,"Tasa objetivo Banco de México"
2011-03-13,"SF61745",4.5,"Tasa objetivo Banco de México"
2011-03-14,"SF61745",4.5,"Tasa objetivo Banco de México"
2011-03-15,"SF61745",4.5,"Tasa objetivo Banco de México"
2011-03-16,"SF61745",4.5,"Tasa objetivo Banco de México"
2011-03-17,"SF61745",4.5,"Tasa objetivo Banco de México"
2011-03-18,"SF61745",4.5,"Tasa objetivo Banco de México"
2011-03-19,"SF61745",4.5,"Tasa objetivo Banco de México"
2011-03-20,"SF61745",4.5,"Tasa objetivo Banco de México"
2011-03-21,"SF61745",4.5,"Tasa objetivo Banco de México"
2011-03-22,"SF61745",4.5,"Tasa objetivo Banco de México"
2011-03-23,"SF61745",4.5,"Tasa objetivo Banco de México"
2011-03-24,"SF61745",4.5,"Tasa objetivo Banco de México"
2011-03-25,"SF61745",4.5,"Tasa objetivo Banco de México"
2011-03-26,"SF61745",4.5,"Tasa objetivo Banco de México"
2011-03-27,"SF61745",4.5,"Tasa objetivo Banco de México"
2011-03-28,"SF61745",4.5,"Tasa objetivo Banco de México"
2011-03-29,"SF61745",4.5,"Tasa objetivo Banco de México"
2011-03-30,"SF61745",4.5,"Tasa objetivo Banco de México"
2011-03-31,"SF61745",4.5,"Tasa objetivo Banco de México"
2011-04-01,"SF61745",4.5,"Tasa objetivo Banco de México"
2011-04-02,"SF61745",4.5,"Tasa objetivo Banco de México"
2011-04-03,"SF61745",4.5,"Tasa objetivo Banco de México"
2011-04-04,"SF61745",4.5,"Tasa objetivo Banco de México"
2011-04-05,"SF61745",4.5,"Tasa objetivo Banco de México"
2011-04-06,"SF61745",4.5,"Tasa objetivo Banco de México"
2011-04-07,"SF61745",4.5,"Tasa objetivo Banco de México"
2011-04-08,"SF61745",4.5,"Tasa objetivo Banco de México"
2011-04-09,"SF61745",4.5,"Tasa objetivo Banco de México"
2011-04-10,"SF61745",4.5,"Tasa objetivo Banco de México"
2011-04-11,"SF61745",4.5,"Tasa objetivo Banco de México"
2011-04-12,"SF61745",4.5,"Tasa objetivo Banco de México"
2011-04-13,"SF61745",4.5,"Tasa objetivo Banco de México"
2011-04-14,"SF61745",4.5,"Tasa objetivo Banco de México"
2011-04-15,"SF61745",4.5,"Tasa objetivo Banco de México"
2011-04-16,"SF61745",4.5,"Tasa objetivo Banco de México"
2011-04-17,"SF61745",4.5,"Tasa objetivo Banco de México"
2011-04-18,"SF61745",4.5,"Tasa objetivo Banco de México"
2011-04-19,"SF61745",4.5,"Tasa objetivo Banco de México"
2011-04-20,"SF61745",4.5,"Tasa objetivo Banco de México"
2011-04-21,"SF61745",4.5,"Tasa objetivo Banco de México"
2011-04-22,"SF61745",4.5,"Tasa objetivo Banco de México"
2011-04-23,"SF61745",4.5,"Tasa objetivo Banco de México"
2011-04-24,"SF61745",4.5,"Tasa objetivo Banco de México"
2011-04-25,"SF61745",4.5,"Tasa objetivo Banco de México"
2011-04-26,"SF61745",4.5,"Tasa objetivo Banco de México"
2011-04-27,"SF61745",4.5,"Tasa objetivo Banco de México"
2011-04-28,"SF61745",4.5,"Tasa objetivo Banco de México"
2011-04-29,"SF61745",4.5,"Tasa objetivo Banco de México"
2011-04-30,"SF61745",4.5,"Tasa objetivo Banco de México"
2011-05-01,"SF61745",4.5,"Tasa objetivo Banco de México"
2011-05-02,"SF61745",4.5,"Tasa objetivo Banco de México"
2011-05-03,"SF61745",4.5,"Tasa objetivo Banco de México"
2011-05-04,"SF61745",4.5,"Tasa objetivo Banco de México"
2011-05-05,"SF61745",4.5,"Tasa objetivo Banco de México"
2011-05-06,"SF61745",4.5,"Tasa objetivo Banco de México"
2011-05-07,"SF61745",4.5,"Tasa objetivo Banco de México"
2011-05-08,"SF61745",4.5,"Tasa objetivo Banco de México"
2011-05-09,"SF61745",4.5,"Tasa objetivo Banco de México"
2011-05-10,"SF61745",4.5,"Tasa objetivo Banco de México"
2011-05-11,"SF61745",4.5,"Tasa objetivo Banco de México"
2011-05-12,"SF61745",4.5,"Tasa objetivo Banco de México"
2011-05-13,"SF61745",4.5,"Tasa objetivo Banco de México"
2011-05-14,"SF61745",4.5,"Tasa objetivo Banco de México"
2011-05-15,"SF61745",4.5,"Tasa objetivo Banco de México"
2011-05-16,"SF61745",4.5,"Tasa objetivo Banco de México"
2011-05-17,"SF61745",4.5,"Tasa objetivo Banco de México"
2011-05-18,"SF61745",4.5,"Tasa objetivo Banco de México"
2011-05-19,"SF61745",4.5,"Tasa objetivo Banco de México"
2011-05-20,"SF61745",4.5,"Tasa objetivo Banco de México"
2011-05-21,"SF61745",4.5,"Tasa objetivo Banco de México"
2011-05-22,"SF61745",4.5,"Tasa objetivo Banco de México"
2011-05-23,"SF61745",4.5,"Tasa objetivo Banco de México"
2011-05-24,"SF61745",4.5,"Tasa objetivo Banco de México"
2011-05-25,"SF61745",4.5,"Tasa objetivo Banco de México"
2011-05-26,"SF61745",4.5,"Tasa objetivo Banco de México"
2011-05-27,"SF61745",4.5,"Tasa objetivo Banco de México"
2011-05-28,"SF61745",4.5,"Tasa objetivo Banco de México"
2011-05-29,"SF61745",4.5,"Tasa objetivo Banco de México"
2011-05-30,"SF61745",4.5,"Tasa objetivo Banco de México"
2011-05-31,"SF61745",4.5,"Tasa objetivo Banco de México"
2011-06-01,"SF61745",4.5,"Tasa objetivo Banco de México"
2011-06-02,"SF61745",4.5,"Tasa objetivo Banco de México"
2011-06-03,"SF61745",4.5,"Tasa objetivo Banco de México"
2011-06-04,"SF61745",4.5,"Tasa objetivo Banco de México"
2011-06-05,"SF61745",4.5,"Tasa objetivo Banco de México"
2011-06-06,"SF61745",4.5,"Tasa objetivo Banco de México"
2011-06-07,"SF61745",4.5,"Tasa objetivo Banco de México"
2011-06-08,"SF61745",4.5,"Tasa objetivo Banco de México"
2011-06-09,"SF61745",4.5,"Tasa objetivo Banco de México"
2011-06-10,"SF61745",4.5,"Tasa objetivo Banco de México"
2011-06-11,"SF61745",4.5,"Tasa objetivo Banco de México"
2011-06-12,"SF61745",4.5,"Tasa objetivo Banco de México"
2011-06-13,"SF61745",4.5,"Tasa objetivo Banco de México"
2011-06-14,"SF61745",4.5,"Tasa objetivo Banco de México"
2011-06-15,"SF61745",4.5,"Tasa objetivo Banco de México"
2011-06-16,"SF61745",4.5,"Tasa objetivo Banco de México"
2011-06-17,"SF61745",4.5,"Tasa objetivo Banco de México"
2011-06-18,"SF61745",4.5,"Tasa objetivo Banco de México"
2011-06-19,"SF61745",4.5,"Tasa objetivo Banco de México"
2011-06-20,"SF61745",4.5,"Tasa objetivo Banco de México"
2011-06-21,"SF61745",4.5,"Tasa objetivo Banco de México"
2011-06-22,"SF61745",4.5,"Tasa objetivo Banco de México"
2011-06-23,"SF61745",4.5,"Tasa objetivo Banco de México"
2011-06-24,"SF61745",4.5,"Tasa objetivo Banco de México"
2011-06-25,"SF61745",4.5,"Tasa objetivo Banco de México"
2011-06-26,"SF61745",4.5,"Tasa objetivo Banco de México"
2011-06-27,"SF61745",4.5,"Tasa objetivo Banco de México"
2011-06-28,"SF61745",4.5,"Tasa objetivo Banco de México"
2011-06-29,"SF61745",4.5,"Tasa objetivo Banco de México"
2011-06-30,"SF61745",4.5,"Tasa objetivo Banco de México"
2011-07-01,"SF61745",4.5,"Tasa objetivo Banco de México"
2011-07-02,"SF61745",4.5,"Tasa objetivo Banco de México"
2011-07-03,"SF61745",4.5,"Tasa objetivo Banco de México"
2011-07-04,"SF61745",4.5,"Tasa objetivo Banco de México"
2011-07-05,"SF61745",4.5,"Tasa objetivo Banco de México"
2011-07-06,"SF61745",4.5,"Tasa objetivo Banco de México"
2011-07-07,"SF61745",4.5,"Tasa objetivo Banco de México"
2011-07-08,"SF61745",4.5,"Tasa objetivo Banco de México"
2011-07-09,"SF61745",4.5,"Tasa objetivo Banco de México"
2011-07-10,"SF61745",4.5,"Tasa objetivo Banco de México"
2011-07-11,"SF61745",4.5,"Tasa objetivo Banco de México"
2011-07-12,"SF61745",4.5,"Tasa objetivo Banco de México"
2011-07-13,"SF61745",4.5,"Tasa objetivo Banco de México"
2011-07-14,"SF61745",4.5,"Tasa objetivo Banco de México"
2011-07-15,"SF61745",4.5,"Tasa objetivo Banco de México"
2011-07-16,"SF61745",4.5,"Tasa objetivo Banco de México"
2011-07-17,"SF61745",4.5,"Tasa objetivo Banco de México"
2011-07-18,"SF61745",4.5,"Tasa objetivo Banco de México"
2011-07-19,"SF61745",4.5,"Tasa objetivo Banco de México"
2011-07-20,"SF61745",4.5,"Tasa objetivo Banco de México"
2011-07-21,"SF61745",4.5,"Tasa objetivo Banco de México"
2011-07-22,"SF61745",4.5,"Tasa objetivo Banco de México"
2011-07-23,"SF61745",4.5,"Tasa objetivo Banco de México"
2011-07-24,"SF61745",4.5,"Tasa objetivo Banco de México"
2011-07-25,"SF61745",4.5,"Tasa objetivo Banco de México"
2011-07-26,"SF61745",4.5,"Tasa objetivo Banco de México"
2011-07-27,"SF61745",4.5,"Tasa objetivo Banco de México"
2011-07-28,"SF61745",4.5,"Tasa objetivo Banco de México"
2011-07-29,"SF61745",4.5,"Tasa objetivo Banco de México"
2011-07-30,"SF61745",4.5,"Tasa objetivo Banco de México"
2011-07-31,"SF61745",4.5,"Tasa objetivo Banco de México"
2011-08-01,"SF61745",4.5,"Tasa objetivo Banco de México"
2011-08-02,"SF61745",4.5,"Tasa objetivo Banco de México"
2011-08-03,"SF61745",4.5,"Tasa objetivo Banco de México"
2011-08-04,"SF61745",4.5,"Tasa objetivo Banco de México"
2011-08-05,"SF61745",4.5,"Tasa objetivo Banco de México"
2011-08-06,"SF61745",4.5,"Tasa objetivo Banco de México"
2011-08-07,"SF61745",4.5,"Tasa objetivo Banco de México"
2011-08-08,"SF61745",4.5,"Tasa objetivo Banco de México"
2011-08-09,"SF61745",4.5,"Tasa objetivo Banco de México"
2011-08-10,"SF61745",4.5,"Tasa objetivo Banco de México"
2011-08-11,"SF61745",4.5,"Tasa objetivo Banco de México"
2011-08-12,"SF61745",4.5,"Tasa objetivo Banco de México"
2011-08-13,"SF61745",4.5,"Tasa objetivo Banco de México"
2011-08-14,"SF61745",4.5,"Tasa objetivo Banco de México"
2011-08-15,"SF61745",4.5,"Tasa objetivo Banco de México"
2011-08-16,"SF61745",4.5,"Tasa objetivo Banco de México"
2011-08-17,"SF61745",4.5,"Tasa objetivo Banco de México"
2011-08-18,"SF61745",4.5,"Tasa objetivo Banco de México"
2011-08-19,"SF61745",4.5,"Tasa objetivo Banco de México"
2011-08-20,"SF61745",4.5,"Tasa objetivo Banco de México"
2011-08-21,"SF61745",4.5,"Tasa objetivo Banco de México"
2011-08-22,"SF61745",4.5,"Tasa objetivo Banco de México"
2011-08-23,"SF61745",4.5,"Tasa objetivo Banco de México"
2011-08-24,"SF61745",4.5,"Tasa objetivo Banco de México"
2011-08-25,"SF61745",4.5,"Tasa objetivo Banco de México"
2011-08-26,"SF61745",4.5,"Tasa objetivo Banco de México"
2011-08-27,"SF61745",4.5,"Tasa objetivo Banco de México"
2011-08-28,"SF61745",4.5,"Tasa objetivo Banco de México"
2011-08-29,"SF61745",4.5,"Tasa objetivo Banco de México"
2011-08-30,"SF61745",4.5,"Tasa objetivo Banco de México"
2011-08-31,"SF61745",4.5,"Tasa objetivo Banco de México"
2011-09-01,"SF61745",4.5,"Tasa objetivo Banco de México"
2011-09-02,"SF61745",4.5,"Tasa objetivo Banco de México"
2011-09-03,"SF61745",4.5,"Tasa objetivo Banco de México"
2011-09-04,"SF61745",4.5,"Tasa objetivo Banco de México"
2011-09-05,"SF61745",4.5,"Tasa objetivo Banco de México"
2011-09-06,"SF61745",4.5,"Tasa objetivo Banco de México"
2011-09-07,"SF61745",4.5,"Tasa objetivo Banco de México"
2011-09-08,"SF61745",4.5,"Tasa objetivo Banco de México"
2011-09-09,"SF61745",4.5,"Tasa objetivo Banco de México"
2011-09-10,"SF61745",4.5,"Tasa objetivo Banco de México"
2011-09-11,"SF61745",4.5,"Tasa objetivo Banco de México"
2011-09-12,"SF61745",4.5,"Tasa objetivo Banco de México"
2011-09-13,"SF61745",4.5,"Tasa objetivo Banco de México"
2011-09-14,"SF61745",4.5,"Tasa objetivo Banco de México"
2011-09-15,"SF61745",4.5,"Tasa objetivo Banco de México"
2011-09-16,"SF61745",4.5,"Tasa objetivo Banco de México"
2011-09-17,"SF61745",4.5,"Tasa objetivo Banco de México"
2011-09-18,"SF61745",4.5,"Tasa objetivo Banco de México"
2011-09-19,"SF61745",4.5,"Tasa objetivo Banco de México"
2011-09-20,"SF61745",4.5,"Tasa objetivo Banco de México"
2011-09-21,"SF61745",4.5,"Tasa objetivo Banco de México"
2011-09-22,"SF61745",4.5,"Tasa objetivo Banco de México"
2011-09-23,"SF61745",4.5,"Tasa objetivo Banco de México"
2011-09-24,"SF61745",4.5,"Tasa objetivo Banco de México"
2011-09-25,"SF61745",4.5,"Tasa objetivo Banco de México"
2011-09-26,"SF61745",4.5,"Tasa objetivo Banco de México"
2011-09-27,"SF61745",4.5,"Tasa objetivo Banco de México"
2011-09-28,"SF61745",4.5,"Tasa objetivo Banco de México"
2011-09-29,"SF61745",4.5,"Tasa objetivo Banco de México"
2011-09-30,"SF61745",4.5,"Tasa objetivo Banco de México"
2011-10-01,"SF61745",4.5,"Tasa objetivo Banco de México"
2011-10-02,"SF61745",4.5,"Tasa objetivo Banco de México"
2011-10-03,"SF61745",4.5,"Tasa objetivo Banco de México"
2011-10-04,"SF61745",4.5,"Tasa objetivo Banco de México"
2011-10-05,"SF61745",4.5,"Tasa objetivo Banco de México"
2011-10-06,"SF61745",4.5,"Tasa objetivo Banco de México"
2011-10-07,"SF61745",4.5,"Tasa objetivo Banco de México"
2011-10-08,"SF61745",4.5,"Tasa objetivo Banco de México"
2011-10-09,"SF61745",4.5,"Tasa objetivo Banco de México"
2011-10-10,"SF61745",4.5,"Tasa objetivo Banco de México"
2011-10-11,"SF61745",4.5,"Tasa objetivo Banco de México"
2011-10-12,"SF61745",4.5,"Tasa objetivo Banco de México"
2011-10-13,"SF61745",4.5,"Tasa objetivo Banco de México"
2011-10-14,"SF61745",4.5,"Tasa objetivo Banco de México"
2011-10-15,"SF61745",4.5,"Tasa objetivo Banco de México"
2011-10-16,"SF61745",4.5,"Tasa objetivo Banco de México"
2011-10-17,"SF61745",4.5,"Tasa objetivo Banco de México"
2011-10-18,"SF61745",4.5,"Tasa objetivo Banco de México"
2011-10-19,"SF61745",4.5,"Tasa objetivo Banco de México"
2011-10-20,"SF61745",4.5,"Tasa objetivo Banco de México"
2011-10-21,"SF61745",4.5,"Tasa objetivo Banco de México"
2011-10-22,"SF61745",4.5,"Tasa objetivo Banco de México"
2011-10-23,"SF61745",4.5,"Tasa objetivo Banco de México"
2011-10-24,"SF61745",4.5,"Tasa objetivo Banco de México"
2011-10-25,"SF61745",4.5,"Tasa objetivo Banco de México"
2011-10-26,"SF61745",4.5,"Tasa objetivo Banco de México"
2011-10-27,"SF61745",4.5,"Tasa objetivo Banco de México"
2011-10-28,"SF61745",4.5,"Tasa objetivo Banco de México"
2011-10-29,"SF61745",4.5,"Tasa objetivo Banco de México"
2011-10-30,"SF61745",4.5,"Tasa objetivo Banco de México"
2011-10-31,"SF61745",4.5,"Tasa objetivo Banco de México"
2011-11-01,"SF61745",4.5,"Tasa objetivo Banco de México"
2011-11-02,"SF61745",4.5,"Tasa objetivo Banco de México"
2011-11-03,"SF61745",4.5,"Tasa objetivo Banco de México"
2011-11-04,"SF61745",4.5,"Tasa objetivo Banco de México"
2011-11-05,"SF61745",4.5,"Tasa objetivo Banco de México"
2011-11-06,"SF61745",4.5,"Tasa objetivo Banco de México"
2011-11-07,"SF61745",4.5,"Tasa objetivo Banco de México"
2011-11-08,"SF61745",4.5,"Tasa objetivo Banco de México"
2011-11-09,"SF61745",4.5,"Tasa objetivo Banco de México"
2011-11-10,"SF61745",4.5,"Tasa objetivo Banco de México"
2011-11-11,"SF61745",4.5,"Tasa objetivo Banco de México"
2011-11-12,"SF61745",4.5,"Tasa objetivo Banco de México"
2011-11-13,"SF61745",4.5,"Tasa objetivo Banco de México"
2011-11-14,"SF61745",4.5,"Tasa objetivo Banco de México"
2011-11-15,"SF61745",4.5,"Tasa objetivo Banco de México"
2011-11-16,"SF61745",4.5,"Tasa objetivo Banco de México"
2011-11-17,"SF61745",4.5,"Tasa objetivo Banco de México"
2011-11-18,"SF61745",4.5,"Tasa objetivo Banco de México"
2011-11-19,"SF61745",4.5,"Tasa objetivo Banco de México"
2011-11-20,"SF61745",4.5,"Tasa objetivo Banco de México"
2011-11-21,"SF61745",4.5,"Tasa objetivo Banco de México"
2011-11-22,"SF61745",4.5,"Tasa objetivo Banco de México"
2011-11-23,"SF61745",4.5,"Tasa objetivo Banco de México"
2011-11-24,"SF61745",4.5,"Tasa objetivo Banco de México"
2011-11-25,"SF61745",4.5,"Tasa objetivo Banco de México"
2011-11-26,"SF61745",4.5,"Tasa objetivo Banco de México"
2011-11-27,"SF61745",4.5,"Tasa objetivo Banco de México"
2011-11-28,"SF61745",4.5,"Tasa objetivo Banco de México"
2011-11-29,"SF61745",4.5,"Tasa objetivo Banco de México"
2011-11-30,"SF61745",4.5,"Tasa objetivo Banco de México"
2011-12-01,"SF61745",4.5,"Tasa objetivo Banco de México"
2011-12-02,"SF61745",4.5,"Tasa objetivo Banco de México"
2011-12-03,"SF61745",4.5,"Tasa objetivo Banco de México"
2011-12-04,"SF61745",4.5,"Tasa objetivo Banco de México"
2011-12-05,"SF61745",4.5,"Tasa objetivo Banco de México"
2011-12-06,"SF61745",4.5,"Tasa objetivo Banco de México"
2011-12-07,"SF61745",4.5,"Tasa objetivo Banco de México"
2011-12-08,"SF61745",4.5,"Tasa objetivo Banco de México"
2011-12-09,"SF61745",4.5,"Tasa objetivo Banco de México"
2011-12-10,"SF61745",4.5,"Tasa objetivo Banco de México"
2011-12-11,"SF61745",4.5,"Tasa objetivo Banco de México"
2011-12-12,"SF61745",4.5,"Tasa objetivo Banco de México"
2011-12-13,"SF61745",4.5,"Tasa objetivo Banco de México"
2011-12-14,"SF61745",4.5,"Tasa objetivo Banco de México"
2011-12-15,"SF61745",4.5,"Tasa objetivo Banco de México"
2011-12-16,"SF61745",4.5,"Tasa objetivo Banco de México"
2011-12-17,"SF61745",4.5,"Tasa objetivo Banco de México"
2011-12-18,"SF61745",4.5,"Tasa objetivo Banco de México"
2011-12-19,"SF61745",4.5,"Tasa objetivo Banco de México"
2011-12-20,"SF61745",4.5,"Tasa objetivo Banco de México"
2011-12-21,"SF61745",4.5,"Tasa objetivo Banco de México"
2011-12-22,"SF61745",4.5,"Tasa objetivo Banco de México"
2011-12-23,"SF61745",4.5,"Tasa objetivo Banco de México"
2011-12-24,"SF61745",4.5,"Tasa objetivo Banco de México"
2011-12-25,"SF61745",4.5,"Tasa objetivo Banco de México"
2011-12-26,"SF61745",4.5,"Tasa objetivo Banco de México"
2011-12-27,"SF61745",4.5,"Tasa objetivo Banco de México"
2011-12-28,"SF61745",4.5,"Tasa objetivo Banco de México"
2011-12-29,"SF61745",4.5,"Tasa objetivo Banco de México"
2011-12-30,"SF61745",4.5,"Tasa objetivo Banco de México"
2011-12-31,"SF61745",4.5,"Tasa objetivo Banco de México"
2012-01-01,"SF61745",4.5,"Tasa objetivo Banco de México"
2012-01-02,"SF61745",4.5,"Tasa objetivo Banco de México"
2012-01-03,"SF61745",4.5,"Tasa objetivo Banco de México"
2012-01-04,"SF61745",4.5,"Tasa objetivo Banco de México"
2012-01-05,"SF61745",4.5,"Tasa objetivo Banco de México"
2012-01-06,"SF61745",4.5,"Tasa objetivo Banco de México"
2012-01-07,"SF61745",4.5,"Tasa objetivo Banco de México"
2012-01-08,"SF61745",4.5,"Tasa objetivo Banco de México"
2012-01-09,"SF61745",4.5,"Tasa objetivo Banco de México"
2012-01-10,"SF61745",4.5,"Tasa objetivo Banco de México"
2012-01-11,"SF61745",4.5,"Tasa objetivo Banco de México"
2012-01-12,"SF61745",4.5,"Tasa objetivo Banco de México"
2012-01-13,"SF61745",4.5,"Tasa objetivo Banco de México"
2012-01-14,"SF61745",4.5,"Tasa objetivo Banco de México"
2012-01-15,"SF61745",4.5,"Tasa objetivo Banco de México"
2012-01-16,"SF61745",4.5,"Tasa objetivo Banco de México"
2012-01-17,"SF61745",4.5,"Tasa objetivo Banco de México"
2012-01-18,"SF61745",4.5,"Tasa objetivo Banco de México"
2012-01-19,"SF61745",4.5,"Tasa objetivo Banco de México"
2012-01-20,"SF61745",4.5,"Tasa objetivo Banco de México"
2012-01-22,"SF61745",4.5,"Tasa objetivo Banco de México"
2012-01-23,"SF61745",4.5,"Tasa objetivo Banco de México"
2012-01-24,"SF61745",4.5,"Tasa objetivo Banco de México"
2012-01-25,"SF61745",4.5,"Tasa objetivo Banco de México"
2012-01-26,"SF61745",4.5,"Tasa objetivo Banco de México"
2012-01-27,"SF61745",4.5,"Tasa objetivo Banco de México"
2012-01-28,"SF61745",4.5,"Tasa objetivo Banco de México"
2012-01-29,"SF61745",4.5,"Tasa objetivo Banco de México"
2012-01-30,"SF61745",4.5,"Tasa objetivo Banco de México"
2012-01-31,"SF61745",4.5,"Tasa objetivo Banco de México"
2012-02-01,"SF61745",4.5,"Tasa objetivo Banco de México"
2012-02-02,"SF61745",4.5,"Tasa objetivo Banco de México"
2012-02-03,"SF61745",4.5,"Tasa objetivo Banco de México"
2012-02-04,"SF61745",4.5,"Tasa objetivo Banco de México"
2012-02-05,"SF61745",4.5,"Tasa objetivo Banco de México"
2012-02-06,"SF61745",4.5,"Tasa objetivo Banco de México"
2012-02-07,"SF61745",4.5,"Tasa objetivo Banco de México"
2012-02-08,"SF61745",4.5,"Tasa objetivo Banco de México"
2012-02-09,"SF61745",4.5,"Tasa objetivo Banco de México"
2012-02-10,"SF61745",4.5,"Tasa objetivo Banco de México"
2012-02-11,"SF61745",4.5,"Tasa objetivo Banco de México"
2012-02-12,"SF61745",4.5,"Tasa objetivo Banco de México"
2012-02-13,"SF61745",4.5,"Tasa objetivo Banco de México"
2012-02-14,"SF61745",4.5,"Tasa objetivo Banco de México"
2012-02-15,"SF61745",4.5,"Tasa objetivo Banco de México"
2012-02-16,"SF61745",4.5,"Tasa objetivo Banco de México"
2012-02-17,"SF61745",4.5,"Tasa objetivo Banco de México"
2012-02-18,"SF61745",4.5,"Tasa objetivo Banco de México"
2012-02-19,"SF61745",4.5,"Tasa objetivo Banco de México"
2012-02-20,"SF61745",4.5,"Tasa objetivo Banco de México"
2012-02-21,"SF61745",4.5,"Tasa objetivo Banco de México"
2012-02-22,"SF61745",4.5,"Tasa objetivo Banco de México"
2012-02-23,"SF61745",4.5,"Tasa objetivo Banco de México"
2012-02-24,"SF61745",4.5,"Tasa objetivo Banco de México"
2012-02-25,"SF61745",4.5,"Tasa objetivo Banco de México"
2012-02-26,"SF61745",4.5,"Tasa objetivo Banco de México"
2012-02-27,"SF61745",4.5,"Tasa objetivo Banco de México"
2012-02-28,"SF61745",4.5,"Tasa objetivo Banco de México"
2012-02-29,"SF61745",4.5,"Tasa objetivo Banco de México"
2012-03-01,"SF61745",4.5,"Tasa objetivo Banco de México"
2012-03-02,"SF61745",4.5,"Tasa objetivo Banco de México"
2012-03-03,"SF61745",4.5,"Tasa objetivo Banco de México"
2012-03-04,"SF61745",4.5,"Tasa objetivo Banco de México"
2012-03-05,"SF61745",4.5,"Tasa objetivo Banco de México"
2012-03-06,"SF61745",4.5,"Tasa objetivo Banco de México"
2012-03-07,"SF61745",4.5,"Tasa objetivo Banco de México"
2012-03-08,"SF61745",4.5,"Tasa objetivo Banco de México"
2012-03-09,"SF61745",4.5,"Tasa objetivo Banco de México"
2012-03-10,"SF61745",4.5,"Tasa objetivo Banco de México"
2012-03-11,"SF61745",4.5,"Tasa objetivo Banco de México"
2012-03-12,"SF61745",4.5,"Tasa objetivo Banco de México"
2012-03-13,"SF61745",4.5,"Tasa objetivo Banco de México"
2012-03-14,"SF61745",4.5,"Tasa objetivo Banco de México"
2012-03-15,"SF61745",4.5,"Tasa objetivo Banco de México"
2012-03-16,"SF61745",4.5,"Tasa objetivo Banco de México"
2012-03-17,"SF61745",4.5,"Tasa objetivo Banco de México"
2012-03-18,"SF61745",4.5,"Tasa objetivo Banco de México"
2012-03-19,"SF61745",4.5,"Tasa objetivo Banco de México"
2012-03-20,"SF61745",4.5,"Tasa objetivo Banco de México"
2012-03-21,"SF61745",4.5,"Tasa objetivo Banco de México"
2012-03-22,"SF61745",4.5,"Tasa objetivo Banco de México"
2012-03-23,"SF61745",4.5,"Tasa objetivo Banco de México"
2012-03-24,"SF61745",4.5,"Tasa objetivo Banco de México"
2012-03-25,"SF61745",4.5,"Tasa objetivo Banco de México"
2012-03-26,"SF61745",4.5,"Tasa objetivo Banco de México"
2012-03-27,"SF61745",4.5,"Tasa objetivo Banco de México"
2012-03-28,"SF61745",4.5,"Tasa objetivo Banco de México"
2012-03-29,"SF61745",4.5,"Tasa objetivo Banco de México"
2012-03-30,"SF61745",4.5,"Tasa objetivo Banco de México"
2012-03-31,"SF61745",4.5,"Tasa objetivo Banco de México"
2012-04-01,"SF61745",4.5,"Tasa objetivo Banco de México"
2012-04-02,"SF61745",4.5,"Tasa objetivo Banco de México"
2012-04-03,"SF61745",4.5,"Tasa objetivo Banco de México"
2012-04-04,"SF61745",4.5,"Tasa objetivo Banco de México"
2012-04-05,"SF61745",4.5,"Tasa objetivo Banco de México"
2012-04-06,"SF61745",4.5,"Tasa objetivo Banco de México"
2012-04-07,"SF61745",4.5,"Tasa objetivo Banco de México"
2012-04-08,"SF61745",4.5,"Tasa objetivo Banco de México"
2012-04-09,"SF61745",4.5,"Tasa objetivo Banco de México"
2012-04-10,"SF61745",4.5,"Tasa objetivo Banco de México"
2012-04-11,"SF61745",4.5,"Tasa objetivo Banco de México"
2012-04-12,"SF61745",4.5,"Tasa objetivo Banco de México"
2012-04-13,"SF61745",4.5,"Tasa objetivo Banco de México"
2012-04-15,"SF61745",4.5,"Tasa objetivo Banco de México"
2012-04-16,"SF61745",4.5,"Tasa objetivo Banco de México"
2012-04-17,"SF61745",4.5,"Tasa objetivo Banco de México"
2012-04-18,"SF61745",4.5,"Tasa objetivo Banco de México"
2012-04-19,"SF61745",4.5,"Tasa objetivo Banco de México"
2012-04-20,"SF61745",4.5,"Tasa objetivo Banco de México"
2012-04-21,"SF61745",4.5,"Tasa objetivo Banco de México"
2012-04-22,"SF61745",4.5,"Tasa objetivo Banco de México"
2012-04-23,"SF61745",4.5,"Tasa objetivo Banco de México"
2012-04-24,"SF61745",4.5,"Tasa objetivo Banco de México"
2012-04-25,"SF61745",4.5,"Tasa objetivo Banco de México"
2012-04-26,"SF61745",4.5,"Tasa objetivo Banco de México"
2012-04-27,"SF61745",4.5,"Tasa objetivo Banco de México"
2012-04-28,"SF61745",4.5,"Tasa objetivo Banco de México"
2012-04-29,"SF61745",4.5,"Tasa objetivo Banco de México"
2012-04-30,"SF61745",4.5,"Tasa objetivo Banco de México"
2012-05-01,"SF61745",4.5,"Tasa objetivo Banco de México"
2012-05-02,"SF61745",4.5,"Tasa objetivo Banco de México"
2012-05-03,"SF61745",4.5,"Tasa objetivo Banco de México"
2012-05-04,"SF61745",4.5,"Tasa objetivo Banco de México"
2012-05-05,"SF61745",4.5,"Tasa objetivo Banco de México"
2012-05-06,"SF61745",4.5,"Tasa objetivo Banco de México"
2012-05-07,"SF61745",4.5,"Tasa objetivo Banco de México"
2012-05-08,"SF61745",4.5,"Tasa objetivo Banco de México"
2012-05-09,"SF61745",4.5,"Tasa objetivo Banco de México"
2012-05-10,"SF61745",4.5,"Tasa objetivo Banco de México"
2012-05-11,"SF61745",4.5,"Tasa objetivo Banco de México"
2012-05-12,"SF61745",4.5,"Tasa objetivo Banco de México"
2012-05-13,"SF61745",4.5,"Tasa objetivo Banco de México"
2012-05-14,"SF61745",4.5,"Tasa objetivo Banco de México"
2012-05-15,"SF61745",4.5,"Tasa objetivo Banco de México"
2012-05-16,"SF61745",4.5,"Tasa objetivo Banco de México"
2012-05-17,"SF61745",4.5,"Tasa objetivo Banco de México"
2012-05-18,"SF61745",4.5,"Tasa objetivo Banco de México"
2012-05-19,"SF61745",4.5,"Tasa objetivo Banco de México"
2012-05-20,"SF61745",4.5,"Tasa objetivo Banco de México"
2012-05-21,"SF61745",4.5,"Tasa objetivo Banco de México"
2012-05-22,"SF61745",4.5,"Tasa objetivo Banco de México"
2012-05-23,"SF61745",4.5,"Tasa objetivo Banco de México"
2012-05-24,"SF61745",4.5,"Tasa objetivo Banco de México"
2012-05-25,"SF61745",4.5,"Tasa objetivo Banco de México"
2012-05-26,"SF61745",4.5,"Tasa objetivo Banco de México"
2012-05-27,"SF61745",4.5,"Tasa objetivo Banco de México"
2012-05-28,"SF61745",4.5,"Tasa objetivo Banco de México"
2012-05-29,"SF61745",4.5,"Tasa objetivo Banco de México"
2012-05-30,"SF61745",4.5,"Tasa objetivo Banco de México"
2012-05-31,"SF61745",4.5,"Tasa objetivo Banco de México"
2012-06-01,"SF61745",4.5,"Tasa objetivo Banco de México"
2012-06-02,"SF61745",4.5,"Tasa objetivo Banco de México"
2012-06-03,"SF61745",4.5,"Tasa objetivo Banco de México"
2012-06-04,"SF61745",4.5,"Tasa objetivo Banco de México"
2012-06-05,"SF61745",4.5,"Tasa objetivo Banco de México"
2012-06-06,"SF61745",4.5,"Tasa objetivo Banco de México"
2012-06-07,"SF61745",4.5,"Tasa objetivo Banco de México"
2012-06-08,"SF61745",4.5,"Tasa objetivo Banco de México"
2012-06-09,"SF61745",4.5,"Tasa objetivo Banco de México"
2012-06-10,"SF61745",4.5,"Tasa objetivo Banco de México"
2012-06-11,"SF61745",4.5,"Tasa objetivo Banco de México"
2012-06-12,"SF61745",4.5,"Tasa objetivo Banco de México"
2012-06-13,"SF61745",4.5,"Tasa objetivo Banco de México"
2012-06-14,"SF61745",4.5,"Tasa objetivo Banco de México"
2012-06-15,"SF61745",4.5,"Tasa objetivo Banco de México"
2012-06-16,"SF61745",4.5,"Tasa objetivo Banco de México"
2012-06-17,"SF61745",4.5,"Tasa objetivo Banco de México"
2012-06-18,"SF61745",4.5,"Tasa objetivo Banco de México"
2012-06-19,"SF61745",4.5,"Tasa objetivo Banco de México"
2012-06-20,"SF61745",4.5,"Tasa objetivo Banco de México"
2012-06-21,"SF61745",4.5,"Tasa objetivo Banco de México"
2012-06-22,"SF61745",4.5,"Tasa objetivo Banco de México"
2012-06-23,"SF61745",4.5,"Tasa objetivo Banco de México"
2012-06-24,"SF61745",4.5,"Tasa objetivo Banco de México"
2012-06-25,"SF61745",4.5,"Tasa objetivo Banco de México"
2012-06-26,"SF61745",4.5,"Tasa objetivo Banco de México"
2012-06-27,"SF61745",4.5,"Tasa objetivo Banco de México"
2012-06-28,"SF61745",4.5,"Tasa objetivo Banco de México"
2012-06-29,"SF61745",4.5,"Tasa objetivo Banco de México"
2012-06-30,"SF61745",4.5,"Tasa objetivo Banco de México"
2012-07-01,"SF61745",4.5,"Tasa objetivo Banco de México"
2012-07-02,"SF61745",4.5,"Tasa objetivo Banco de México"
2012-07-03,"SF61745",4.5,"Tasa objetivo Banco de México"
2012-07-04,"SF61745",4.5,"Tasa objetivo Banco de México"
2012-07-05,"SF61745",4.5,"Tasa objetivo Banco de México"
2012-07-06,"SF61745",4.5,"Tasa objetivo Banco de México"
2012-07-07,"SF61745",4.5,"Tasa objetivo Banco de México"
2012-07-08,"SF61745",4.5,"Tasa objetivo Banco de México"
2012-07-09,"SF61745",4.5,"Tasa objetivo Banco de México"
2012-07-10,"SF61745",4.5,"Tasa objetivo Banco de México"
2012-07-11,"SF61745",4.5,"Tasa objetivo Banco de México"
2012-07-12,"SF61745",4.5,"Tasa objetivo Banco de México"
2012-07-13,"SF61745",4.5,"Tasa objetivo Banco de México"
2012-07-14,"SF61745",4.5,"Tasa objetivo Banco de México"
2012-07-15,"SF61745",4.5,"Tasa objetivo Banco de México"
2012-07-16,"SF61745",4.5,"Tasa objetivo Banco de México"
2012-07-17,"SF61745",4.5,"Tasa objetivo Banco de México"
2012-07-18,"SF61745",4.5,"Tasa objetivo Banco de México"
2012-07-19,"SF61745",4.5,"Tasa objetivo Banco de México"
2012-07-20,"SF61745",4.5,"Tasa objetivo Banco de México"
2012-07-21,"SF61745",4.5,"Tasa objetivo Banco de México"
2012-07-22,"SF61745",4.5,"Tasa objetivo Banco de México"
2012-07-23,"SF61745",4.5,"Tasa objetivo Banco de México"
2012-07-24,"SF61745",4.5,"Tasa objetivo Banco de México"
2012-07-25,"SF61745",4.5,"Tasa objetivo Banco de México"
2012-07-26,"SF61745",4.5,"Tasa objetivo Banco de México"
2012-07-27,"SF61745",4.5,"Tasa objetivo Banco de México"
2012-07-28,"SF61745",4.5,"Tasa objetivo Banco de México"
2012-07-29,"SF61745",4.5,"Tasa objetivo Banco de México"
2012-07-30,"SF61745",4.5,"Tasa objetivo Banco de México"
2012-07-31,"SF61745",4.5,"Tasa objetivo Banco de México"
2012-08-01,"SF61745",4.5,"Tasa objetivo Banco de México"
2012-08-02,"SF61745",4.5,"Tasa objetivo Banco de México"
2012-08-03,"SF61745",4.5,"Tasa objetivo Banco de México"
2012-08-04,"SF61745",4.5,"Tasa objetivo Banco de México"
2012-08-05,"SF61745",4.5,"Tasa objetivo Banco de México"
2012-08-06,"SF61745",4.5,"Tasa objetivo Banco de México"
2012-08-07,"SF61745",4.5,"Tasa objetivo Banco de México"
2012-08-08,"SF61745",4.5,"Tasa objetivo Banco de México"
2012-08-09,"SF61745",4.5,"Tasa objetivo Banco de México"
2012-08-10,"SF61745",4.5,"Tasa objetivo Banco de México"
2012-08-11,"SF61745",4.5,"Tasa objetivo Banco de México"
2012-08-12,"SF61745",4.5,"Tasa objetivo Banco de México"
2012-08-13,"SF61745",4.5,"Tasa objetivo Banco de México"
2012-08-14,"SF61745",4.5,"Tasa objetivo Banco de México"
2012-08-15,"SF61745",4.5,"Tasa objetivo Banco de México"
2012-08-16,"SF61745",4.5,"Tasa objetivo Banco de México"
2012-08-17,"SF61745",4.5,"Tasa objetivo Banco de México"
2012-08-18,"SF61745",4.5,"Tasa objetivo Banco de México"
2012-08-19,"SF61745",4.5,"Tasa objetivo Banco de México"
2012-08-20,"SF61745",4.5,"Tasa objetivo Banco de México"
2012-08-21,"SF61745",4.5,"Tasa objetivo Banco de México"
2012-08-22,"SF61745",4.5,"Tasa objetivo Banco de México"
2012-08-23,"SF61745",4.5,"Tasa objetivo Banco de México"
2012-08-24,"SF61745",4.5,"Tasa objetivo Banco de México"
2012-08-25,"SF61745",4.5,"Tasa objetivo Banco de México"
2012-08-26,"SF61745",4.5,"Tasa objetivo Banco de México"
2012-08-27,"SF61745",4.5,"Tasa objetivo Banco de México"
2012-08-28,"SF61745",4.5,"Tasa objetivo Banco de México"
2012-08-29,"SF61745",4.5,"Tasa objetivo Banco de México"
2012-08-30,"SF61745",4.5,"Tasa objetivo Banco de México"
2012-08-31,"SF61745",4.5,"Tasa objetivo Banco de México"
2012-09-01,"SF61745",4.5,"Tasa objetivo Banco de México"
2012-09-02,"SF61745",4.5,"Tasa objetivo Banco de México"
2012-09-03,"SF61745",4.5,"Tasa objetivo Banco de México"
2012-09-04,"SF61745",4.5,"Tasa objetivo Banco de México"
2012-09-05,"SF61745",4.5,"Tasa objetivo Banco de México"
2012-09-06,"SF61745",4.5,"Tasa objetivo Banco de México"
2012-09-07,"SF61745",4.5,"Tasa objetivo Banco de México"
2012-09-08,"SF61745",4.5,"Tasa objetivo Banco de México"
2012-09-09,"SF61745",4.5,"Tasa objetivo Banco de México"
2012-09-10,"SF61745",4.5,"Tasa objetivo Banco de México"
2012-09-11,"SF61745",4.5,"Tasa objetivo Banco de México"
2012-09-12,"SF61745",4.5,"Tasa objetivo Banco de México"
2012-09-13,"SF61745",4.5,"Tasa objetivo Banco de México"
2012-09-14,"SF61745",4.5,"Tasa objetivo Banco de México"
2012-09-15,"SF61745",4.5,"Tasa objetivo Banco de México"
2012-09-16,"SF61745",4.5,"Tasa objetivo Banco de México"
2012-09-17,"SF61745",4.5,"Tasa objetivo Banco de México"
2012-09-18,"SF61745",4.5,"Tasa objetivo Banco de México"
2012-09-19,"SF61745",4.5,"Tasa objetivo Banco de México"
2012-09-20,"SF61745",4.5,"Tasa objetivo Banco de México"
2012-09-21,"SF61745",4.5,"Tasa objetivo Banco de México"
2012-09-22,"SF61745",4.5,"Tasa objetivo Banco de México"
2012-09-23,"SF61745",4.5,"Tasa objetivo Banco de México"
2012-09-24,"SF61745",4.5,"Tasa objetivo Banco de México"
2012-09-25,"SF61745",4.5,"Tasa objetivo Banco de México"
2012-09-26,"SF61745",4.5,"Tasa objetivo Banco de México"
2012-09-27,"SF61745",4.5,"Tasa objetivo Banco de México"
2012-09-28,"SF61745",4.5,"Tasa objetivo Banco de México"
2012-09-29,"SF61745",4.5,"Tasa objetivo Banco de México"
2012-09-30,"SF61745",4.5,"Tasa objetivo Banco de México"
2012-10-01,"SF61745",4.5,"Tasa objetivo Banco de México"
2012-10-02,"SF61745",4.5,"Tasa objetivo Banco de México"
2012-10-03,"SF61745",4.5,"Tasa objetivo Banco de México"
2012-10-04,"SF61745",4.5,"Tasa objetivo Banco de México"
2012-10-05,"SF61745",4.5,"Tasa objetivo Banco de México"
2012-10-06,"SF61745",4.5,"Tasa objetivo Banco de México"
2012-10-07,"SF61745",4.5,"Tasa objetivo Banco de México"
2012-10-08,"SF61745",4.5,"Tasa objetivo Banco de México"
2012-10-09,"SF61745",4.5,"Tasa objetivo Banco de México"
2012-10-10,"SF61745",4.5,"Tasa objetivo Banco de México"
2012-10-11,"SF61745",4.5,"Tasa objetivo Banco de México"
2012-10-12,"SF61745",4.5,"Tasa objetivo Banco de México"
2012-10-13,"SF61745",4.5,"Tasa objetivo Banco de México"
2012-10-14,"SF61745",4.5,"Tasa objetivo Banco de México"
2012-10-15,"SF61745",4.5,"Tasa objetivo Banco de México"
2012-10-16,"SF61745",4.5,"Tasa objetivo Banco de México"
2012-10-17,"SF61745",4.5,"Tasa objetivo Banco de México"
2012-10-18,"SF61745",4.5,"Tasa objetivo Banco de México"
2012-10-19,"SF61745",4.5,"Tasa objetivo Banco de México"
2012-10-20,"SF61745",4.5,"Tasa objetivo Banco de México"
2012-10-21,"SF61745",4.5,"Tasa objetivo Banco de México"
2012-10-22,"SF61745",4.5,"Tasa objetivo Banco de México"
2012-10-23,"SF61745",4.5,"Tasa objetivo Banco de México"
2012-10-24,"SF61745",4.5,"Tasa objetivo Banco de México"
2012-10-25,"SF61745",4.5,"Tasa objetivo Banco de México"
2012-10-26,"SF61745",4.5,"Tasa objetivo Banco de México"
2012-10-27,"SF61745",4.5,"Tasa objetivo Banco de México"
2012-10-28,"SF61745",4.5,"Tasa objetivo Banco de México"
2012-10-29,"SF61745",4.5,"Tasa objetivo Banco de México"
2012-10-30,"SF61745",4.5,"Tasa objetivo Banco de México"
2012-10-31,"SF61745",4.5,"Tasa objetivo Banco de México"
2012-11-01,"SF61745",4.5,"Tasa objetivo Banco de México"
2012-11-02,"SF61745",4.5,"Tasa objetivo Banco de México"
2012-11-03,"SF61745",4.5,"Tasa objetivo Banco de México"
2012-11-04,"SF61745",4.5,"Tasa objetivo Banco de México"
2012-11-05,"SF61745",4.5,"Tasa objetivo Banco de México"
2012-11-06,"SF61745",4.5,"Tasa objetivo Banco de México"
2012-11-07,"SF61745",4.5,"Tasa objetivo Banco de México"
2012-11-08,"SF61745",4.5,"Tasa objetivo Banco de México"
2012-11-09,"SF61745",4.5,"Tasa objetivo Banco de México"
2012-11-10,"SF61745",4.5,"Tasa objetivo Banco de México"
2012-11-11,"SF61745",4.5,"Tasa objetivo Banco de México"
2012-11-12,"SF61745",4.5,"Tasa objetivo Banco de México"
2012-11-13,"SF61745",4.5,"Tasa objetivo Banco de México"
2012-11-14,"SF61745",4.5,"Tasa objetivo Banco de México"
2012-11-15,"SF61745",4.5,"Tasa objetivo Banco de México"
2012-11-16,"SF61745",4.5,"Tasa objetivo Banco de México"
2012-11-17,"SF61745",4.5,"Tasa objetivo Banco de México"
2012-11-18,"SF61745",4.5,"Tasa objetivo Banco de México"
2012-11-19,"SF61745",4.5,"Tasa objetivo Banco de México"
2012-11-20,"SF61745",4.5,"Tasa objetivo Banco de México"
2012-11-21,"SF61745",4.5,"Tasa objetivo Banco de México"
2012-11-22,"SF61745",4.5,"Tasa objetivo Banco de México"
2012-11-23,"SF61745",4.5,"Tasa objetivo Banco de México"
2012-11-24,"SF61745",4.5,"Tasa objetivo Banco de México"
2012-11-25,"SF61745",4.5,"Tasa objetivo Banco de México"
2012-11-26,"SF61745",4.5,"Tasa objetivo Banco de México"
2012-11-27,"SF61745",4.5,"Tasa objetivo Banco de México"
2012-11-28,"SF61745",4.5,"Tasa objetivo Banco de México"
2012-11-29,"SF61745",4.5,"Tasa objetivo Banco de México"
2012-11-30,"SF61745",4.5,"Tasa objetivo Banco de México"
2012-12-01,"SF61745",4.5,"Tasa objetivo Banco de México"
2012-12-02,"SF61745",4.5,"Tasa objetivo Banco de México"
2012-12-03,"SF61745",4.5,"Tasa objetivo Banco de México"
2012-12-04,"SF61745",4.5,"Tasa objetivo Banco de México"
2012-12-05,"SF61745",4.5,"Tasa objetivo Banco de México"
2012-12-06,"SF61745",4.5,"Tasa objetivo Banco de México"
2012-12-07,"SF61745",4.5,"Tasa objetivo Banco de México"
2012-12-08,"SF61745",4.5,"Tasa objetivo Banco de México"
2012-12-09,"SF61745",4.5,"Tasa objetivo Banco de México"
2012-12-10,"SF61745",4.5,"Tasa objetivo Banco de México"
2012-12-11,"SF61745",4.5,"Tasa objetivo Banco de México"
2012-12-12,"SF61745",4.5,"Tasa objetivo Banco de México"
2012-12-13,"SF61745",4.5,"Tasa objetivo Banco de México"
2012-12-14,"SF61745",4.5,"Tasa objetivo Banco de México"
2012-12-15,"SF61745",4.5,"Tasa objetivo Banco de México"
2012-12-16,"SF61745",4.5,"Tasa objetivo Banco de México"
2012-12-17,"SF61745",4.5,"Tasa objetivo Banco de México"
2012-12-18,"SF61745",4.5,"Tasa objetivo Banco de México"
2012-12-19,"SF61745",4.5,"Tasa objetivo Banco de México"
2012-12-20,"SF61745",4.5,"Tasa objetivo Banco de México"
2012-12-21,"SF61745",4.5,"Tasa objetivo Banco de México"
2012-12-22,"SF61745",4.5,"Tasa objetivo Banco de México"
2012-12-23,"SF61745",4.5,"Tasa objetivo Banco de México"
2012-12-24,"SF61745",4.5,"Tasa objetivo Banco de México"
2012-12-25,"SF61745",4.5,"Tasa objetivo Banco de México"
2012-12-26,"SF61745",4.5,"Tasa objetivo Banco de México"
2012-12-27,"SF61745",4.5,"Tasa objetivo Banco de México"
2012-12-28,"SF61745",4.5,"Tasa objetivo Banco de México"
2012-12-29,"SF61745",4.5,"Tasa objetivo Banco de México"
2012-12-30,"SF61745",4.5,"Tasa objetivo Banco de México"
2012-12-31,"SF61745",4.5,"Tasa objetivo Banco de México"
2013-01-01,"SF61745",4.5,"Tasa objetivo Banco de México"
2013-01-02,"SF61745",4.5,"Tasa objetivo Banco de México"
2013-01-03,"SF61745",4.5,"Tasa objetivo Banco de México"
2013-01-04,"SF61745",4.5,"Tasa objetivo Banco de México"
2013-01-05,"SF61745",4.5,"Tasa objetivo Banco de México"
2013-01-06,"SF61745",4.5,"Tasa objetivo Banco de México"
2013-01-07,"SF61745",4.5,"Tasa objetivo Banco de México"
2013-01-08,"SF61745",4.5,"Tasa objetivo Banco de México"
2013-01-09,"SF61745",4.5,"Tasa objetivo Banco de México"
2013-01-10,"SF61745",4.5,"Tasa objetivo Banco de México"
2013-01-11,"SF61745",4.5,"Tasa objetivo Banco de México"
2013-01-12,"SF61745",4.5,"Tasa objetivo Banco de México"
2013-01-13,"SF61745",4.5,"Tasa objetivo Banco de México"
2013-01-14,"SF61745",4.5,"Tasa objetivo Banco de México"
2013-01-15,"SF61745",4.5,"Tasa objetivo Banco de México"
2013-01-16,"SF61745",4.5,"Tasa objetivo Banco de México"
2013-01-17,"SF61745",4.5,"Tasa objetivo Banco de México"
2013-01-18,"SF61745",4.5,"Tasa objetivo Banco de México"
2013-01-19,"SF61745",4.5,"Tasa objetivo Banco de México"
2013-01-20,"SF61745",4.5,"Tasa objetivo Banco de México"
2013-01-21,"SF61745",4.5,"Tasa objetivo Banco de México"
2013-01-22,"SF61745",4.5,"Tasa objetivo Banco de México"
2013-01-23,"SF61745",4.5,"Tasa objetivo Banco de México"
2013-01-24,"SF61745",4.5,"Tasa objetivo Banco de México"
2013-01-25,"SF61745",4.5,"Tasa objetivo Banco de México"
2013-01-26,"SF61745",4.5,"Tasa objetivo Banco de México"
2013-01-27,"SF61745",4.5,"Tasa objetivo Banco de México"
2013-01-28,"SF61745",4.5,"Tasa objetivo Banco de México"
2013-01-29,"SF61745",4.5,"Tasa objetivo Banco de México"
2013-01-30,"SF61745",4.5,"Tasa objetivo Banco de México"
2013-01-31,"SF61745",4.5,"Tasa objetivo Banco de México"
2013-02-01,"SF61745",4.5,"Tasa objetivo Banco de México"
2013-02-02,"SF61745",4.5,"Tasa objetivo Banco de México"
2013-02-03,"SF61745",4.5,"Tasa objetivo Banco de México"
2013-02-04,"SF61745",4.5,"Tasa objetivo Banco de México"
2013-02-05,"SF61745",4.5,"Tasa objetivo Banco de México"
2013-02-06,"SF61745",4.5,"Tasa objetivo Banco de México"
2013-02-07,"SF61745",4.5,"Tasa objetivo Banco de México"
2013-02-08,"SF61745",4.5,"Tasa objetivo Banco de México"
2013-02-09,"SF61745",4.5,"Tasa objetivo Banco de México"
2013-02-10,"SF61745",4.5,"Tasa objetivo Banco de México"
2013-02-11,"SF61745",4.5,"Tasa objetivo Banco de México"
2013-02-12,"SF61745",4.5,"Tasa objetivo Banco de México"
2013-02-13,"SF61745",4.5,"Tasa objetivo Banco de México"
2013-02-14,"SF61745",4.5,"Tasa objetivo Banco de México"
2013-02-15,"SF61745",4.5,"Tasa objetivo Banco de México"
2013-02-16,"SF61745",4.5,"Tasa objetivo Banco de México"
2013-02-17,"SF61745",4.5,"Tasa objetivo Banco de México"
2013-02-18,"SF61745",4.5,"Tasa objetivo Banco de México"
2013-02-19,"SF61745",4.5,"Tasa objetivo Banco de México"
2013-02-20,"SF61745",4.5,"Tasa objetivo Banco de México"
2013-02-21,"SF61745",4.5,"Tasa objetivo Banco de México"
2013-02-22,"SF61745",4.5,"Tasa objetivo Banco de México"
2013-02-23,"SF61745",4.5,"Tasa objetivo Banco de México"
2013-02-24,"SF61745",4.5,"Tasa objetivo Banco de México"
2013-02-25,"SF61745",4.5,"Tasa objetivo Banco de México"
2013-02-26,"SF61745",4.5,"Tasa objetivo Banco de México"
2013-02-27,"SF61745",4.5,"Tasa objetivo Banco de México"
2013-02-28,"SF61745",4.5,"Tasa objetivo Banco de México"
2013-03-01,"SF61745",4.5,"Tasa objetivo Banco de México"
2013-03-02,"SF61745",4.5,"Tasa objetivo Banco de México"
2013-03-03,"SF61745",4.5,"Tasa objetivo Banco de México"
2013-03-04,"SF61745",4.5,"Tasa objetivo Banco de México"
2013-03-05,"SF61745",4.5,"Tasa objetivo Banco de México"
2013-03-06,"SF61745",4.5,"Tasa objetivo Banco de México"
2013-03-07,"SF61745",4.5,"Tasa objetivo Banco de México"
2013-03-08,"SF61745",4,"Tasa objetivo Banco de México"
2013-03-09,"SF61745",4,"Tasa objetivo Banco de México"
2013-03-10,"SF61745",4,"Tasa objetivo Banco de México"
2013-03-11,"SF61745",4,"Tasa objetivo Banco de México"
2013-03-12,"SF61745",4,"Tasa objetivo Banco de México"
2013-03-13,"SF61745",4,"Tasa objetivo Banco de México"
2013-03-14,"SF61745",4,"Tasa objetivo Banco de México"
2013-03-15,"SF61745",4,"Tasa objetivo Banco de México"
2013-03-16,"SF61745",4,"Tasa objetivo Banco de México"
2013-03-17,"SF61745",4,"Tasa objetivo Banco de México"
2013-03-18,"SF61745",4,"Tasa objetivo Banco de México"
2013-03-19,"SF61745",4,"Tasa objetivo Banco de México"
2013-03-20,"SF61745",4,"Tasa objetivo Banco de México"
2013-03-21,"SF61745",4,"Tasa objetivo Banco de México"
2013-03-22,"SF61745",4,"Tasa objetivo Banco de México"
2013-03-23,"SF61745",4,"Tasa objetivo Banco de México"
2013-03-24,"SF61745",4,"Tasa objetivo Banco de México"
2013-03-25,"SF61745",4,"Tasa objetivo Banco de México"
2013-03-26,"SF61745",4,"Tasa objetivo Banco de México"
2013-03-27,"SF61745",4,"Tasa objetivo Banco de México"
2013-03-28,"SF61745",4,"Tasa objetivo Banco de México"
2013-03-29,"SF61745",4,"Tasa objetivo Banco de México"
2013-03-30,"SF61745",4,"Tasa objetivo Banco de México"
2013-03-31,"SF61745",4,"Tasa objetivo Banco de México"
2013-04-01,"SF61745",4,"Tasa objetivo Banco de México"
2013-04-02,"SF61745",4,"Tasa objetivo Banco de México"
2013-04-03,"SF61745",4,"Tasa objetivo Banco de México"
2013-04-04,"SF61745",4,"Tasa objetivo Banco de México"
2013-04-05,"SF61745",4,"Tasa objetivo Banco de México"
2013-04-06,"SF61745",4,"Tasa objetivo Banco de México"
2013-04-07,"SF61745",4,"Tasa objetivo Banco de México"
2013-04-08,"SF61745",4,"Tasa objetivo Banco de México"
2013-04-09,"SF61745",4,"Tasa objetivo Banco de México"
2013-04-10,"SF61745",4,"Tasa objetivo Banco de México"
2013-04-11,"SF61745",4,"Tasa objetivo Banco de México"
2013-04-12,"SF61745",4,"Tasa objetivo Banco de México"
2013-04-13,"SF61745",4,"Tasa objetivo Banco de México"
2013-04-14,"SF61745",4,"Tasa objetivo Banco de México"
2013-04-15,"SF61745",4,"Tasa objetivo Banco de México"
2013-04-16,"SF61745",4,"Tasa objetivo Banco de México"
2013-04-17,"SF61745",4,"Tasa objetivo Banco de México"
2013-04-18,"SF61745",4,"Tasa objetivo Banco de México"
2013-04-19,"SF61745",4,"Tasa objetivo Banco de México"
2013-04-20,"SF61745",4,"Tasa objetivo Banco de México"
2013-04-21,"SF61745",4,"Tasa objetivo Banco de México"
2013-04-22,"SF61745",4,"Tasa objetivo Banco de México"
2013-04-23,"SF61745",4,"Tasa objetivo Banco de México"
2013-04-24,"SF61745",4,"Tasa objetivo Banco de México"
2013-04-25,"SF61745",4,"Tasa objetivo Banco de México"
2013-04-26,"SF61745",4,"Tasa objetivo Banco de México"
2013-04-27,"SF61745",4,"Tasa objetivo Banco de México"
2013-04-28,"SF61745",4,"Tasa objetivo Banco de México"
2013-04-29,"SF61745",4,"Tasa objetivo Banco de México"
2013-04-30,"SF61745",4,"Tasa objetivo Banco de México"
2013-05-01,"SF61745",4,"Tasa objetivo Banco de México"
2013-05-02,"SF61745",4,"Tasa objetivo Banco de México"
2013-05-03,"SF61745",4,"Tasa objetivo Banco de México"
2013-05-04,"SF61745",4,"Tasa objetivo Banco de México"
2013-05-05,"SF61745",4,"Tasa objetivo Banco de México"
2013-05-06,"SF61745",4,"Tasa objetivo Banco de México"
2013-05-07,"SF61745",4,"Tasa objetivo Banco de México"
2013-05-08,"SF61745",4,"Tasa objetivo Banco de México"
2013-05-09,"SF61745",4,"Tasa objetivo Banco de México"
2013-05-10,"SF61745",4,"Tasa objetivo Banco de México"
2013-05-11,"SF61745",4,"Tasa objetivo Banco de México"
2013-05-12,"SF61745",4,"Tasa objetivo Banco de México"
2013-05-13,"SF61745",4,"Tasa objetivo Banco de México"
2013-05-14,"SF61745",4,"Tasa objetivo Banco de México"
2013-05-15,"SF61745",4,"Tasa objetivo Banco de México"
2013-05-16,"SF61745",4,"Tasa objetivo Banco de México"
2013-05-17,"SF61745",4,"Tasa objetivo Banco de México"
2013-05-18,"SF61745",4,"Tasa objetivo Banco de México"
2013-05-19,"SF61745",4,"Tasa objetivo Banco de México"
2013-05-20,"SF61745",4,"Tasa objetivo Banco de México"
2013-05-21,"SF61745",4,"Tasa objetivo Banco de México"
2013-05-22,"SF61745",4,"Tasa objetivo Banco de México"
2013-05-23,"SF61745",4,"Tasa objetivo Banco de México"
2013-05-24,"SF61745",4,"Tasa objetivo Banco de México"
2013-05-25,"SF61745",4,"Tasa objetivo Banco de México"
2013-05-26,"SF61745",4,"Tasa objetivo Banco de México"
2013-05-27,"SF61745",4,"Tasa objetivo Banco de México"
2013-05-28,"SF61745",4,"Tasa objetivo Banco de México"
2013-05-29,"SF61745",4,"Tasa objetivo Banco de México"
2013-05-30,"SF61745",4,"Tasa objetivo Banco de México"
2013-05-31,"SF61745",4,"Tasa objetivo Banco de México"
2013-06-01,"SF61745",4,"Tasa objetivo Banco de México"
2013-06-02,"SF61745",4,"Tasa objetivo Banco de México"
2013-06-03,"SF61745",4,"Tasa objetivo Banco de México"
2013-06-04,"SF61745",4,"Tasa objetivo Banco de México"
2013-06-05,"SF61745",4,"Tasa objetivo Banco de México"
2013-06-06,"SF61745",4,"Tasa objetivo Banco de México"
2013-06-07,"SF61745",4,"Tasa objetivo Banco de México"
2013-06-08,"SF61745",4,"Tasa objetivo Banco de México"
2013-06-09,"SF61745",4,"Tasa objetivo Banco de México"
2013-06-10,"SF61745",4,"Tasa objetivo Banco de México"
2013-06-11,"SF61745",4,"Tasa objetivo Banco de México"
2013-06-12,"SF61745",4,"Tasa objetivo Banco de México"
2013-06-13,"SF61745",4,"Tasa objetivo Banco de México"
2013-06-14,"SF61745",4,"Tasa objetivo Banco de México"
2013-06-15,"SF61745",4,"Tasa objetivo Banco de México"
2013-06-16,"SF61745",4,"Tasa objetivo Banco de México"
2013-06-17,"SF61745",4,"Tasa objetivo Banco de México"
2013-06-18,"SF61745",4,"Tasa objetivo Banco de México"
2013-06-19,"SF61745",4,"Tasa objetivo Banco de México"
2013-06-20,"SF61745",4,"Tasa objetivo Banco de México"
2013-06-21,"SF61745",4,"Tasa objetivo Banco de México"
2013-06-22,"SF61745",4,"Tasa objetivo Banco de México"
2013-06-23,"SF61745",4,"Tasa objetivo Banco de México"
2013-06-24,"SF61745",4,"Tasa objetivo Banco de México"
2013-06-25,"SF61745",4,"Tasa objetivo Banco de México"
2013-06-26,"SF61745",4,"Tasa objetivo Banco de México"
2013-06-27,"SF61745",4,"Tasa objetivo Banco de México"
2013-06-28,"SF61745",4,"Tasa objetivo Banco de México"
2013-06-29,"SF61745",4,"Tasa objetivo Banco de México"
2013-06-30,"SF61745",4,"Tasa objetivo Banco de México"
2013-07-01,"SF61745",4,"Tasa objetivo Banco de México"
2013-07-02,"SF61745",4,"Tasa objetivo Banco de México"
2013-07-03,"SF61745",4,"Tasa objetivo Banco de México"
2013-07-04,"SF61745",4,"Tasa objetivo Banco de México"
2013-07-05,"SF61745",4,"Tasa objetivo Banco de México"
2013-07-06,"SF61745",4,"Tasa objetivo Banco de México"
2013-07-07,"SF61745",4,"Tasa objetivo Banco de México"
2013-07-08,"SF61745",4,"Tasa objetivo Banco de México"
2013-07-09,"SF61745",4,"Tasa objetivo Banco de México"
2013-07-10,"SF61745",4,"Tasa objetivo Banco de México"
2013-07-11,"SF61745",4,"Tasa objetivo Banco de México"
2013-07-12,"SF61745",4,"Tasa objetivo Banco de México"
2013-07-13,"SF61745",4,"Tasa objetivo Banco de México"
2013-07-14,"SF61745",4,"Tasa objetivo Banco de México"
2013-07-15,"SF61745",4,"Tasa objetivo Banco de México"
2013-07-16,"SF61745",4,"Tasa objetivo Banco de México"
2013-07-17,"SF61745",4,"Tasa objetivo Banco de México"
2013-07-18,"SF61745",4,"Tasa objetivo Banco de México"
2013-07-19,"SF61745",4,"Tasa objetivo Banco de México"
2013-07-20,"SF61745",4,"Tasa objetivo Banco de México"
2013-07-21,"SF61745",4,"Tasa objetivo Banco de México"
2013-07-22,"SF61745",4,"Tasa objetivo Banco de México"
2013-07-23,"SF61745",4,"Tasa objetivo Banco de México"
2013-07-24,"SF61745",4,"Tasa objetivo Banco de México"
2013-07-25,"SF61745",4,"Tasa objetivo Banco de México"
2013-07-26,"SF61745",4,"Tasa objetivo Banco de México"
2013-07-27,"SF61745",4,"Tasa objetivo Banco de México"
2013-07-28,"SF61745",4,"Tasa objetivo Banco de México"
2013-07-29,"SF61745",4,"Tasa objetivo Banco de México"
2013-07-30,"SF61745",4,"Tasa objetivo Banco de México"
2013-07-31,"SF61745",4,"Tasa objetivo Banco de México"
2013-08-01,"SF61745",4,"Tasa objetivo Banco de México"
2013-08-02,"SF61745",4,"Tasa objetivo Banco de México"
2013-08-03,"SF61745",4,"Tasa objetivo Banco de México"
2013-08-04,"SF61745",4,"Tasa objetivo Banco de México"
2013-08-05,"SF61745",4,"Tasa objetivo Banco de México"
2013-08-06,"SF61745",4,"Tasa objetivo Banco de México"
2013-08-07,"SF61745",4,"Tasa objetivo Banco de México"
2013-08-08,"SF61745",4,"Tasa objetivo Banco de México"
2013-08-09,"SF61745",4,"Tasa objetivo Banco de México"
2013-08-10,"SF61745",4,"Tasa objetivo Banco de México"
2013-08-11,"SF61745",4,"Tasa objetivo Banco de México"
2013-08-12,"SF61745",4,"Tasa objetivo Banco de México"
2013-08-13,"SF61745",4,"Tasa objetivo Banco de México"
2013-08-14,"SF61745",4,"Tasa objetivo Banco de México"
2013-08-15,"SF61745",4,"Tasa objetivo Banco de México"
2013-08-16,"SF61745",4,"Tasa objetivo Banco de México"
2013-08-17,"SF61745",4,"Tasa objetivo Banco de México"
2013-08-18,"SF61745",4,"Tasa objetivo Banco de México"
2013-08-19,"SF61745",4,"Tasa objetivo Banco de México"
2013-08-20,"SF61745",4,"Tasa objetivo Banco de México"
2013-08-21,"SF61745",4,"Tasa objetivo Banco de México"
2013-08-22,"SF61745",4,"Tasa objetivo Banco de México"
2013-08-23,"SF61745",4,"Tasa objetivo Banco de México"
2013-08-24,"SF61745",4,"Tasa objetivo Banco de México"
2013-08-25,"SF61745",4,"Tasa objetivo Banco de México"
2013-08-26,"SF61745",4,"Tasa objetivo Banco de México"
2013-08-27,"SF61745",4,"Tasa objetivo Banco de México"
2013-08-28,"SF61745",4,"Tasa objetivo Banco de México"
2013-08-29,"SF61745",4,"Tasa objetivo Banco de México"
2013-08-30,"SF61745",4,"Tasa objetivo Banco de México"
2013-08-31,"SF61745",4,"Tasa objetivo Banco de México"
2013-09-01,"SF61745",4,"Tasa objetivo Banco de México"
2013-09-02,"SF61745",4,"Tasa objetivo Banco de México"
2013-09-03,"SF61745",4,"Tasa objetivo Banco de México"
2013-09-04,"SF61745",4,"Tasa objetivo Banco de México"
2013-09-05,"SF61745",4,"Tasa objetivo Banco de México"
2013-09-06,"SF61745",3.75,"Tasa objetivo Banco de México"
2013-09-07,"SF61745",3.75,"Tasa objetivo Banco de México"
2013-09-08,"SF61745",3.75,"Tasa objetivo Banco de México"
2013-09-09,"SF61745",3.75,"Tasa objetivo Banco de México"
2013-09-10,"SF61745",3.75,"Tasa objetivo Banco de México"
2013-09-11,"SF61745",3.75,"Tasa objetivo Banco de México"
2013-09-12,"SF61745",3.75,"Tasa objetivo Banco de México"
2013-09-13,"SF61745",3.75,"Tasa objetivo Banco de México"
2013-09-14,"SF61745",3.75,"Tasa objetivo Banco de México"
2013-09-15,"SF61745",3.75,"Tasa objetivo Banco de México"
2013-09-16,"SF61745",3.75,"Tasa objetivo Banco de México"
2013-09-17,"SF61745",3.75,"Tasa objetivo Banco de México"
2013-09-18,"SF61745",3.75,"Tasa objetivo Banco de México"
2013-09-19,"SF61745",3.75,"Tasa objetivo Banco de México"
2013-09-20,"SF61745",3.75,"Tasa objetivo Banco de México"
2013-09-21,"SF61745",3.75,"Tasa objetivo Banco de México"
2013-09-22,"SF61745",3.75,"Tasa objetivo Banco de México"
2013-09-23,"SF61745",3.75,"Tasa objetivo Banco de México"
2013-09-24,"SF61745",3.75,"Tasa objetivo Banco de México"
2013-09-25,"SF61745",3.75,"Tasa objetivo Banco de México"
2013-09-26,"SF61745",3.75,"Tasa objetivo Banco de México"
2013-09-27,"SF61745",3.75,"Tasa objetivo Banco de México"
2013-09-28,"SF61745",3.75,"Tasa objetivo Banco de México"
2013-09-29,"SF61745",3.75,"Tasa objetivo Banco de México"
2013-09-30,"SF61745",3.75,"Tasa objetivo Banco de México"
2013-10-01,"SF61745",3.75,"Tasa objetivo Banco de México"
2013-10-02,"SF61745",3.75,"Tasa objetivo Banco de México"
2013-10-03,"SF61745",3.75,"Tasa objetivo Banco de México"
2013-10-04,"SF61745",3.75,"Tasa objetivo Banco de México"
2013-10-05,"SF61745",3.75,"Tasa objetivo Banco de México"
2013-10-06,"SF61745",3.75,"Tasa objetivo Banco de México"
2013-10-07,"SF61745",3.75,"Tasa objetivo Banco de México"
2013-10-08,"SF61745",3.75,"Tasa objetivo Banco de México"
2013-10-09,"SF61745",3.75,"Tasa objetivo Banco de México"
2013-10-10,"SF61745",3.75,"Tasa objetivo Banco de México"
2013-10-11,"SF61745",3.75,"Tasa objetivo Banco de México"
2013-10-12,"SF61745",3.75,"Tasa objetivo Banco de México"
2013-10-13,"SF61745",3.75,"Tasa objetivo Banco de México"
2013-10-14,"SF61745",3.75,"Tasa objetivo Banco de México"
2013-10-15,"SF61745",3.75,"Tasa objetivo Banco de México"
2013-10-16,"SF61745",3.75,"Tasa objetivo Banco de México"
2013-10-17,"SF61745",3.75,"Tasa objetivo Banco de México"
2013-10-18,"SF61745",3.75,"Tasa objetivo Banco de México"
2013-10-19,"SF61745",3.75,"Tasa objetivo Banco de México"
2013-10-20,"SF61745",3.75,"Tasa objetivo Banco de México"
2013-10-21,"SF61745",3.75,"Tasa objetivo Banco de México"
2013-10-22,"SF61745",3.75,"Tasa objetivo Banco de México"
2013-10-23,"SF61745",3.75,"Tasa objetivo Banco de México"
2013-10-24,"SF61745",3.75,"Tasa objetivo Banco de México"
2013-10-25,"SF61745",3.5,"Tasa objetivo Banco de México"
2013-10-26,"SF61745",3.5,"Tasa objetivo Banco de México"
2013-10-27,"SF61745",3.5,"Tasa objetivo Banco de México"
2013-10-28,"SF61745",3.5,"Tasa objetivo Banco de México"
2013-10-29,"SF61745",3.5,"Tasa objetivo Banco de México"
2013-10-30,"SF61745",3.5,"Tasa objetivo Banco de México"
2013-10-31,"SF61745",3.5,"Tasa objetivo Banco de México"
2013-11-01,"SF61745",3.5,"Tasa objetivo Banco de México"
2013-11-02,"SF61745",3.5,"Tasa objetivo Banco de México"
2013-11-03,"SF61745",3.5,"Tasa objetivo Banco de México"
2013-11-04,"SF61745",3.5,"Tasa objetivo Banco de México"
2013-11-05,"SF61745",3.5,"Tasa objetivo Banco de México"
2013-11-06,"SF61745",3.5,"Tasa objetivo Banco de México"
2013-11-07,"SF61745",3.5,"Tasa objetivo Banco de México"
2013-11-08,"SF61745",3.5,"Tasa objetivo Banco de México"
2013-11-09,"SF61745",3.5,"Tasa objetivo Banco de México"
2013-11-10,"SF61745",3.5,"Tasa objetivo Banco de México"
2013-11-11,"SF61745",3.5,"Tasa objetivo Banco de México"
2013-11-12,"SF61745",3.5,"Tasa objetivo Banco de México"
2013-11-13,"SF61745",3.5,"Tasa objetivo Banco de México"
2013-11-14,"SF61745",3.5,"Tasa objetivo Banco de México"
2013-11-15,"SF61745",3.5,"Tasa objetivo Banco de México"
2013-11-16,"SF61745",3.5,"Tasa objetivo Banco de México"
2013-11-17,"SF61745",3.5,"Tasa objetivo Banco de México"
2013-11-18,"SF61745",3.5,"Tasa objetivo Banco de México"
2013-11-19,"SF61745",3.5,"Tasa objetivo Banco de México"
2013-11-20,"SF61745",3.5,"Tasa objetivo Banco de México"
2013-11-21,"SF61745",3.5,"Tasa objetivo Banco de México"
2013-11-22,"SF61745",3.5,"Tasa objetivo Banco de México"
2013-11-23,"SF61745",3.5,"Tasa objetivo Banco de México"
2013-11-24,"SF61745",3.5,"Tasa objetivo Banco de México"
2013-11-25,"SF61745",3.5,"Tasa objetivo Banco de México"
2013-11-26,"SF61745",3.5,"Tasa objetivo Banco de México"
2013-11-27,"SF61745",3.5,"Tasa objetivo Banco de México"
2013-11-28,"SF61745",3.5,"Tasa objetivo Banco de México"
2013-11-29,"SF61745",3.5,"Tasa objetivo Banco de México"
2013-11-30,"SF61745",3.5,"Tasa objetivo Banco de México"
2013-12-01,"SF61745",3.5,"Tasa objetivo Banco de México"
2013-12-02,"SF61745",3.5,"Tasa objetivo Banco de México"
2013-12-03,"SF61745",3.5,"Tasa objetivo Banco de México"
2013-12-04,"SF61745",3.5,"Tasa objetivo Banco de México"
2013-12-05,"SF61745",3.5,"Tasa objetivo Banco de México"
2013-12-06,"SF61745",3.5,"Tasa objetivo Banco de México"
2013-12-07,"SF61745",3.5,"Tasa objetivo Banco de México"
2013-12-08,"SF61745",3.5,"Tasa objetivo Banco de México"
2013-12-09,"SF61745",3.5,"Tasa objetivo Banco de México"
2013-12-10,"SF61745",3.5,"Tasa objetivo Banco de México"
2013-12-11,"SF61745",3.5,"Tasa objetivo Banco de México"
2013-12-12,"SF61745",3.5,"Tasa objetivo Banco de México"
2013-12-13,"SF61745",3.5,"Tasa objetivo Banco de México"
2013-12-14,"SF61745",3.5,"Tasa objetivo Banco de México"
2013-12-15,"SF61745",3.5,"Tasa objetivo Banco de México"
2013-12-16,"SF61745",3.5,"Tasa objetivo Banco de México"
2013-12-17,"SF61745",3.5,"Tasa objetivo Banco de México"
2013-12-18,"SF61745",3.5,"Tasa objetivo Banco de México"
2013-12-19,"SF61745",3.5,"Tasa objetivo Banco de México"
2013-12-20,"SF61745",3.5,"Tasa objetivo Banco de México"
2013-12-21,"SF61745",3.5,"Tasa objetivo Banco de México"
2013-12-22,"SF61745",3.5,"Tasa objetivo Banco de México"
2013-12-23,"SF61745",3.5,"Tasa objetivo Banco de México"
2013-12-24,"SF61745",3.5,"Tasa objetivo Banco de México"
2013-12-25,"SF61745",3.5,"Tasa objetivo Banco de México"
2013-12-26,"SF61745",3.5,"Tasa objetivo Banco de México"
2013-12-27,"SF61745",3.5,"Tasa objetivo Banco de México"
2013-12-28,"SF61745",3.5,"Tasa objetivo Banco de México"
2013-12-29,"SF61745",3.5,"Tasa objetivo Banco de México"
2013-12-30,"SF61745",3.5,"Tasa objetivo Banco de México"
2013-12-31,"SF61745",3.5,"Tasa objetivo Banco de México"
2014-01-01,"SF61745",3.5,"Tasa objetivo Banco de México"
2014-01-02,"SF61745",3.5,"Tasa objetivo Banco de México"
2014-01-03,"SF61745",3.5,"Tasa objetivo Banco de México"
2014-01-04,"SF61745",3.5,"Tasa objetivo Banco de México"
2014-01-05,"SF61745",3.5,"Tasa objetivo Banco de México"
2014-01-06,"SF61745",3.5,"Tasa objetivo Banco de México"
2014-01-07,"SF61745",3.5,"Tasa objetivo Banco de México"
2014-01-08,"SF61745",3.5,"Tasa objetivo Banco de México"
2014-01-09,"SF61745",3.5,"Tasa objetivo Banco de México"
2014-01-10,"SF61745",3.5,"Tasa objetivo Banco de México"
2014-01-11,"SF61745",3.5,"Tasa objetivo Banco de México"
2014-01-12,"SF61745",3.5,"Tasa objetivo Banco de México"
2014-01-13,"SF61745",3.5,"Tasa objetivo Banco de México"
2014-01-14,"SF61745",3.5,"Tasa objetivo Banco de México"
2014-01-15,"SF61745",3.5,"Tasa objetivo Banco de México"
2014-01-16,"SF61745",3.5,"Tasa objetivo Banco de México"
2014-01-17,"SF61745",3.5,"Tasa objetivo Banco de México"
2014-01-18,"SF61745",3.5,"Tasa objetivo Banco de México"
2014-01-19,"SF61745",3.5,"Tasa objetivo Banco de México"
2014-01-20,"SF61745",3.5,"Tasa objetivo Banco de México"
2014-01-21,"SF61745",3.5,"Tasa objetivo Banco de México"
2014-01-22,"SF61745",3.5,"Tasa objetivo Banco de México"
2014-01-23,"SF61745",3.5,"Tasa objetivo Banco de México"
2014-01-24,"SF61745",3.5,"Tasa objetivo Banco de México"
2014-01-25,"SF61745",3.5,"Tasa objetivo Banco de México"
2014-01-26,"SF61745",3.5,"Tasa objetivo Banco de México"
2014-01-27,"SF61745",3.5,"Tasa objetivo Banco de México"
2014-01-28,"SF61745",3.5,"Tasa objetivo Banco de México"
2014-01-29,"SF61745",3.5,"Tasa objetivo Banco de México"
2014-01-30,"SF61745",3.5,"Tasa objetivo Banco de México"
2014-01-31,"SF61745",3.5,"Tasa objetivo Banco de México"
2014-02-01,"SF61745",3.5,"Tasa objetivo Banco de México"
2014-02-02,"SF61745",3.5,"Tasa objetivo Banco de México"
2014-02-03,"SF61745",3.5,"Tasa objetivo Banco de México"
2014-02-04,"SF61745",3.5,"Tasa objetivo Banco de México"
2014-02-05,"SF61745",3.5,"Tasa objetivo Banco de México"
2014-02-06,"SF61745",3.5,"Tasa objetivo Banco de México"
2014-02-07,"SF61745",3.5,"Tasa objetivo Banco de México"
2014-02-08,"SF61745",3.5,"Tasa objetivo Banco de México"
2014-02-09,"SF61745",3.5,"Tasa objetivo Banco de México"
2014-02-10,"SF61745",3.5,"Tasa objetivo Banco de México"
2014-02-11,"SF61745",3.5,"Tasa objetivo Banco de México"
2014-02-12,"SF61745",3.5,"Tasa objetivo Banco de México"
2014-02-13,"SF61745",3.5,"Tasa objetivo Banco de México"
2014-02-14,"SF61745",3.5,"Tasa objetivo Banco de México"
2014-02-15,"SF61745",3.5,"Tasa objetivo Banco de México"
2014-02-16,"SF61745",3.5,"Tasa objetivo Banco de México"
2014-02-17,"SF61745",3.5,"Tasa objetivo Banco de México"
2014-02-18,"SF61745",3.5,"Tasa objetivo Banco de México"
2014-02-19,"SF61745",3.5,"Tasa objetivo Banco de México"
2014-02-20,"SF61745",3.5,"Tasa objetivo Banco de México"
2014-02-21,"SF61745",3.5,"Tasa objetivo Banco de México"
2014-02-22,"SF61745",3.5,"Tasa objetivo Banco de México"
2014-02-23,"SF61745",3.5,"Tasa objetivo Banco de México"
2014-02-24,"SF61745",3.5,"Tasa objetivo Banco de México"
2014-02-25,"SF61745",3.5,"Tasa objetivo Banco de México"
2014-02-26,"SF61745",3.5,"Tasa objetivo Banco de México"
2014-02-27,"SF61745",3.5,"Tasa objetivo Banco de México"
2014-02-28,"SF61745",3.5,"Tasa objetivo Banco de México"
2014-03-01,"SF61745",3.5,"Tasa objetivo Banco de México"
2014-03-02,"SF61745",3.5,"Tasa objetivo Banco de México"
2014-03-03,"SF61745",3.5,"Tasa objetivo Banco de México"
2014-03-04,"SF61745",3.5,"Tasa objetivo Banco de México"
2014-03-05,"SF61745",3.5,"Tasa objetivo Banco de México"
2014-03-06,"SF61745",3.5,"Tasa objetivo Banco de México"
2014-03-07,"SF61745",3.5,"Tasa objetivo Banco de México"
2014-03-08,"SF61745",3.5,"Tasa objetivo Banco de México"
2014-03-09,"SF61745",3.5,"Tasa objetivo Banco de México"
2014-03-10,"SF61745",3.5,"Tasa objetivo Banco de México"
2014-03-11,"SF61745",3.5,"Tasa objetivo Banco de México"
2014-03-12,"SF61745",3.5,"Tasa objetivo Banco de México"
2014-03-13,"SF61745",3.5,"Tasa objetivo Banco de México"
2014-03-14,"SF61745",3.5,"Tasa objetivo Banco de México"
2014-03-15,"SF61745",3.5,"Tasa objetivo Banco de México"
2014-03-16,"SF61745",3.5,"Tasa objetivo Banco de México"
2014-03-17,"SF61745",3.5,"Tasa objetivo Banco de México"
2014-03-18,"SF61745",3.5,"Tasa objetivo Banco de México"
2014-03-19,"SF61745",3.5,"Tasa objetivo Banco de México"
2014-03-20,"SF61745",3.5,"Tasa objetivo Banco de México"
2014-03-21,"SF61745",3.5,"Tasa objetivo Banco de México"
2014-03-22,"SF61745",3.5,"Tasa objetivo Banco de México"
2014-03-23,"SF61745",3.5,"Tasa objetivo Banco de México"
2014-03-24,"SF61745",3.5,"Tasa objetivo Banco de México"
2014-03-25,"SF61745",3.5,"Tasa objetivo Banco de México"
2014-03-26,"SF61745",3.5,"Tasa objetivo Banco de México"
2014-03-27,"SF61745",3.5,"Tasa objetivo Banco de México"
2014-03-28,"SF61745",3.5,"Tasa objetivo Banco de México"
2014-03-29,"SF61745",3.5,"Tasa objetivo Banco de México"
2014-03-30,"SF61745",3.5,"Tasa objetivo Banco de México"
2014-03-31,"SF61745",3.5,"Tasa objetivo Banco de México"
2014-04-01,"SF61745",3.5,"Tasa objetivo Banco de México"
2014-04-02,"SF61745",3.5,"Tasa objetivo Banco de México"
2014-04-03,"SF61745",3.5,"Tasa objetivo Banco de México"
2014-04-04,"SF61745",3.5,"Tasa objetivo Banco de México"
2014-04-05,"SF61745",3.5,"Tasa objetivo Banco de México"
2014-04-06,"SF61745",3.5,"Tasa objetivo Banco de México"
2014-04-07,"SF61745",3.5,"Tasa objetivo Banco de México"
2014-04-08,"SF61745",3.5,"Tasa objetivo Banco de México"
2014-04-09,"SF61745",3.5,"Tasa objetivo Banco de México"
2014-04-10,"SF61745",3.5,"Tasa objetivo Banco de México"
2014-04-11,"SF61745",3.5,"Tasa objetivo Banco de México"
2014-04-12,"SF61745",3.5,"Tasa objetivo Banco de México"
2014-04-13,"SF61745",3.5,"Tasa objetivo Banco de México"
2014-04-14,"SF61745",3.5,"Tasa objetivo Banco de México"
2014-04-15,"SF61745",3.5,"Tasa objetivo Banco de México"
2014-04-16,"SF61745",3.5,"Tasa objetivo Banco de México"
2014-04-17,"SF61745",3.5,"Tasa objetivo Banco de México"
2014-04-18,"SF61745",3.5,"Tasa objetivo Banco de México"
2014-04-19,"SF61745",3.5,"Tasa objetivo Banco de México"
2014-04-20,"SF61745",3.5,"Tasa objetivo Banco de México"
2014-04-21,"SF61745",3.5,"Tasa objetivo Banco de México"
2014-04-22,"SF61745",3.5,"Tasa objetivo Banco de México"
2014-04-23,"SF61745",3.5,"Tasa objetivo Banco de México"
2014-04-24,"SF61745",3.5,"Tasa objetivo Banco de México"
2014-04-25,"SF61745",3.5,"Tasa objetivo Banco de México"
2014-04-26,"SF61745",3.5,"Tasa objetivo Banco de México"
2014-04-27,"SF61745",3.5,"Tasa objetivo Banco de México"
2014-04-28,"SF61745",3.5,"Tasa objetivo Banco de México"
2014-04-29,"SF61745",3.5,"Tasa objetivo Banco de México"
2014-04-30,"SF61745",3.5,"Tasa objetivo Banco de México"
2014-05-01,"SF61745",3.5,"Tasa objetivo Banco de México"
2014-05-02,"SF61745",3.5,"Tasa objetivo Banco de México"
2014-05-03,"SF61745",3.5,"Tasa objetivo Banco de México"
2014-05-04,"SF61745",3.5,"Tasa objetivo Banco de México"
2014-05-05,"SF61745",3.5,"Tasa objetivo Banco de México"
2014-05-06,"SF61745",3.5,"Tasa objetivo Banco de México"
2014-05-07,"SF61745",3.5,"Tasa objetivo Banco de México"
2014-05-08,"SF61745",3.5,"Tasa objetivo Banco de México"
2014-05-09,"SF61745",3.5,"Tasa objetivo Banco de México"
2014-05-10,"SF61745",3.5,"Tasa objetivo Banco de México"
2014-05-11,"SF61745",3.5,"Tasa objetivo Banco de México"
2014-05-12,"SF61745",3.5,"Tasa objetivo Banco de México"
2014-05-13,"SF61745",3.5,"Tasa objetivo Banco de México"
2014-05-14,"SF61745",3.5,"Tasa objetivo Banco de México"
2014-05-15,"SF61745",3.5,"Tasa objetivo Banco de México"
2014-05-16,"SF61745",3.5,"Tasa objetivo Banco de México"
2014-05-17,"SF61745",3.5,"Tasa objetivo Banco de México"
2014-05-18,"SF61745",3.5,"Tasa objetivo Banco de México"
2014-05-19,"SF61745",3.5,"Tasa objetivo Banco de México"
2014-05-20,"SF61745",3.5,"Tasa objetivo Banco de México"
2014-05-21,"SF61745",3.5,"Tasa objetivo Banco de México"
2014-05-22,"SF61745",3.5,"Tasa objetivo Banco de México"
2014-05-23,"SF61745",3.5,"Tasa objetivo Banco de México"
2014-05-24,"SF61745",3.5,"Tasa objetivo Banco de México"
2014-05-25,"SF61745",3.5,"Tasa objetivo Banco de México"
2014-05-26,"SF61745",3.5,"Tasa objetivo Banco de México"
2014-05-27,"SF61745",3.5,"Tasa objetivo Banco de México"
2014-05-28,"SF61745",3.5,"Tasa objetivo Banco de México"
2014-05-29,"SF61745",3.5,"Tasa objetivo Banco de México"
2014-05-30,"SF61745",3.5,"Tasa objetivo Banco de México"
2014-05-31,"SF61745",3.5,"Tasa objetivo Banco de México"
2014-06-01,"SF61745",3.5,"Tasa objetivo Banco de México"
2014-06-02,"SF61745",3.5,"Tasa objetivo Banco de México"
2014-06-03,"SF61745",3.5,"Tasa objetivo Banco de México"
2014-06-04,"SF61745",3.5,"Tasa objetivo Banco de México"
2014-06-05,"SF61745",3.5,"Tasa objetivo Banco de México"
2014-06-06,"SF61745",3,"Tasa objetivo Banco de México"
2014-06-07,"SF61745",3,"Tasa objetivo Banco de México"
2014-06-08,"SF61745",3,"Tasa objetivo Banco de México"
2014-06-09,"SF61745",3,"Tasa objetivo Banco de México"
2014-06-10,"SF61745",3,"Tasa objetivo Banco de México"
2014-06-11,"SF61745",3,"Tasa objetivo Banco de México"
2014-06-12,"SF61745",3,"Tasa objetivo Banco de México"
2014-06-13,"SF61745",3,"Tasa objetivo Banco de México"
2014-06-14,"SF61745",3,"Tasa objetivo Banco de México"
2014-06-15,"SF61745",3,"Tasa objetivo Banco de México"
2014-06-16,"SF61745",3,"Tasa objetivo Banco de México"
2014-06-17,"SF61745",3,"Tasa objetivo Banco de México"
2014-06-18,"SF61745",3,"Tasa objetivo Banco de México"
2014-06-19,"SF61745",3,"Tasa objetivo Banco de México"
2014-06-20,"SF61745",3,"Tasa objetivo Banco de México"
2014-06-21,"SF61745",3,"Tasa objetivo Banco de México"
2014-06-22,"SF61745",3,"Tasa objetivo Banco de México"
2014-06-23,"SF61745",3,"Tasa objetivo Banco de México"
2014-06-24,"SF61745",3,"Tasa objetivo Banco de México"
2014-06-25,"SF61745",3,"Tasa objetivo Banco de México"
2014-06-26,"SF61745",3,"Tasa objetivo Banco de México"
2014-06-27,"SF61745",3,"Tasa objetivo Banco de México"
2014-06-28,"SF61745",3,"Tasa objetivo Banco de México"
2014-06-29,"SF61745",3,"Tasa objetivo Banco de México"
2014-06-30,"SF61745",3,"Tasa objetivo Banco de México"
2014-07-01,"SF61745",3,"Tasa objetivo Banco de México"
2014-07-02,"SF61745",3,"Tasa objetivo Banco de México"
2014-07-03,"SF61745",3,"Tasa objetivo Banco de México"
2014-07-04,"SF61745",3,"Tasa objetivo Banco de México"
2014-07-05,"SF61745",3,"Tasa objetivo Banco de México"
2014-07-06,"SF61745",3,"Tasa objetivo Banco de México"
2014-07-07,"SF61745",3,"Tasa objetivo Banco de México"
2014-07-08,"SF61745",3,"Tasa objetivo Banco de México"
2014-07-09,"SF61745",3,"Tasa objetivo Banco de México"
2014-07-10,"SF61745",3,"Tasa objetivo Banco de México"
2014-07-11,"SF61745",3,"Tasa objetivo Banco de México"
2014-07-12,"SF61745",3,"Tasa objetivo Banco de México"
2014-07-13,"SF61745",3,"Tasa objetivo Banco de México"
2014-07-14,"SF61745",3,"Tasa objetivo Banco de México"
2014-07-15,"SF61745",3,"Tasa objetivo Banco de México"
2014-07-16,"SF61745",3,"Tasa objetivo Banco de México"
2014-07-17,"SF61745",3,"Tasa objetivo Banco de México"
2014-07-18,"SF61745",3,"Tasa objetivo Banco de México"
2014-07-19,"SF61745",3,"Tasa objetivo Banco de México"
2014-07-20,"SF61745",3,"Tasa objetivo Banco de México"
2014-07-21,"SF61745",3,"Tasa objetivo Banco de México"
2014-07-22,"SF61745",3,"Tasa objetivo Banco de México"
2014-07-23,"SF61745",3,"Tasa objetivo Banco de México"
2014-07-24,"SF61745",3,"Tasa objetivo Banco de México"
2014-07-25,"SF61745",3,"Tasa objetivo Banco de México"
2014-07-26,"SF61745",3,"Tasa objetivo Banco de México"
2014-07-27,"SF61745",3,"Tasa objetivo Banco de México"
2014-07-28,"SF61745",3,"Tasa objetivo Banco de México"
2014-07-29,"SF61745",3,"Tasa objetivo Banco de México"
2014-07-30,"SF61745",3,"Tasa objetivo Banco de México"
2014-07-31,"SF61745",3,"Tasa objetivo Banco de México"
2014-08-01,"SF61745",3,"Tasa objetivo Banco de México"
2014-08-02,"SF61745",3,"Tasa objetivo Banco de México"
2014-08-03,"SF61745",3,"Tasa objetivo Banco de México"
2014-08-04,"SF61745",3,"Tasa objetivo Banco de México"
2014-08-05,"SF61745",3,"Tasa objetivo Banco de México"
2014-08-06,"SF61745",3,"Tasa objetivo Banco de México"
2014-08-07,"SF61745",3,"Tasa objetivo Banco de México"
2014-08-08,"SF61745",3,"Tasa objetivo Banco de México"
2014-08-09,"SF61745",3,"Tasa objetivo Banco de México"
2014-08-10,"SF61745",3,"Tasa objetivo Banco de México"
2014-08-11,"SF61745",3,"Tasa objetivo Banco de México"
2014-08-12,"SF61745",3,"Tasa objetivo Banco de México"
2014-08-13,"SF61745",3,"Tasa objetivo Banco de México"
2014-08-14,"SF61745",3,"Tasa objetivo Banco de México"
2014-08-15,"SF61745",3,"Tasa objetivo Banco de México"
2014-08-16,"SF61745",3,"Tasa objetivo Banco de México"
2014-08-17,"SF61745",3,"Tasa objetivo Banco de México"
2014-08-18,"SF61745",3,"Tasa objetivo Banco de México"
2014-08-19,"SF61745",3,"Tasa objetivo Banco de México"
2014-08-20,"SF61745",3,"Tasa objetivo Banco de México"
2014-08-21,"SF61745",3,"Tasa objetivo Banco de México"
2014-08-22,"SF61745",3,"Tasa objetivo Banco de México"
2014-08-24,"SF61745",3,"Tasa objetivo Banco de México"
2014-08-25,"SF61745",3,"Tasa objetivo Banco de México"
2014-08-26,"SF61745",3,"Tasa objetivo Banco de México"
2014-08-27,"SF61745",3,"Tasa objetivo Banco de México"
2014-08-28,"SF61745",3,"Tasa objetivo Banco de México"
2014-08-29,"SF61745",3,"Tasa objetivo Banco de México"
2014-08-30,"SF61745",3,"Tasa objetivo Banco de México"
2014-08-31,"SF61745",3,"Tasa objetivo Banco de México"
2014-09-01,"SF61745",3,"Tasa objetivo Banco de México"
2014-09-02,"SF61745",3,"Tasa objetivo Banco de México"
2014-09-03,"SF61745",3,"Tasa objetivo Banco de México"
2014-09-04,"SF61745",3,"Tasa objetivo Banco de México"
2014-09-05,"SF61745",3,"Tasa objetivo Banco de México"
2014-09-06,"SF61745",3,"Tasa objetivo Banco de México"
2014-09-07,"SF61745",3,"Tasa objetivo Banco de México"
2014-09-08,"SF61745",3,"Tasa objetivo Banco de México"
2014-09-09,"SF61745",3,"Tasa objetivo Banco de México"
2014-09-10,"SF61745",3,"Tasa objetivo Banco de México"
2014-09-11,"SF61745",3,"Tasa objetivo Banco de México"
2014-09-12,"SF61745",3,"Tasa objetivo Banco de México"
2014-09-13,"SF61745",3,"Tasa objetivo Banco de México"
2014-09-14,"SF61745",3,"Tasa objetivo Banco de México"
2014-09-15,"SF61745",3,"Tasa objetivo Banco de México"
2014-09-16,"SF61745",3,"Tasa objetivo Banco de México"
2014-09-17,"SF61745",3,"Tasa objetivo Banco de México"
2014-09-18,"SF61745",3,"Tasa objetivo Banco de México"
2014-09-19,"SF61745",3,"Tasa objetivo Banco de México"
2014-09-20,"SF61745",3,"Tasa objetivo Banco de México"
2014-09-21,"SF61745",3,"Tasa objetivo Banco de México"
2014-09-22,"SF61745",3,"Tasa objetivo Banco de México"
2014-09-23,"SF61745",3,"Tasa objetivo Banco de México"
2014-09-24,"SF61745",3,"Tasa objetivo Banco de México"
2014-09-25,"SF61745",3,"Tasa objetivo Banco de México"
2014-09-26,"SF61745",3,"Tasa objetivo Banco de México"
2014-09-27,"SF61745",3,"Tasa objetivo Banco de México"
2014-09-28,"SF61745",3,"Tasa objetivo Banco de México"
2014-09-29,"SF61745",3,"Tasa objetivo Banco de México"
2014-09-30,"SF61745",3,"Tasa objetivo Banco de México"
2014-10-01,"SF61745",3,"Tasa objetivo Banco de México"
2014-10-02,"SF61745",3,"Tasa objetivo Banco de México"
2014-10-03,"SF61745",3,"Tasa objetivo Banco de México"
2014-10-04,"SF61745",3,"Tasa objetivo Banco de México"
2014-10-05,"SF61745",3,"Tasa objetivo Banco de México"
2014-10-06,"SF61745",3,"Tasa objetivo Banco de México"
2014-10-07,"SF61745",3,"Tasa objetivo Banco de México"
2014-10-08,"SF61745",3,"Tasa objetivo Banco de México"
2014-10-09,"SF61745",3,"Tasa objetivo Banco de México"
2014-10-10,"SF61745",3,"Tasa objetivo Banco de México"
2014-10-11,"SF61745",3,"Tasa objetivo Banco de México"
2014-10-12,"SF61745",3,"Tasa objetivo Banco de México"
2014-10-13,"SF61745",3,"Tasa objetivo Banco de México"
2014-10-14,"SF61745",3,"Tasa objetivo Banco de México"
2014-10-15,"SF61745",3,"Tasa objetivo Banco de México"
2014-10-16,"SF61745",3,"Tasa objetivo Banco de México"
2014-10-17,"SF61745",3,"Tasa objetivo Banco de México"
2014-10-18,"SF61745",3,"Tasa objetivo Banco de México"
2014-10-19,"SF61745",3,"Tasa objetivo Banco de México"
2014-10-20,"SF61745",3,"Tasa objetivo Banco de México"
2014-10-21,"SF61745",3,"Tasa objetivo Banco de México"
2014-10-22,"SF61745",3,"Tasa objetivo Banco de México"
2014-10-23,"SF61745",3,"Tasa objetivo Banco de México"
2014-10-24,"SF61745",3,"Tasa objetivo Banco de México"
2014-10-25,"SF61745",3,"Tasa objetivo Banco de México"
2014-10-26,"SF61745",3,"Tasa objetivo Banco de México"
2014-10-27,"SF61745",3,"Tasa objetivo Banco de México"
2014-10-28,"SF61745",3,"Tasa objetivo Banco de México"
2014-10-29,"SF61745",3,"Tasa objetivo Banco de México"
2014-10-30,"SF61745",3,"Tasa objetivo Banco de México"
2014-10-31,"SF61745",3,"Tasa objetivo Banco de México"
2014-11-01,"SF61745",3,"Tasa objetivo Banco de México"
2014-11-02,"SF61745",3,"Tasa objetivo Banco de México"
2014-11-03,"SF61745",3,"Tasa objetivo Banco de México"
2014-11-04,"SF61745",3,"Tasa objetivo Banco de México"
2014-11-05,"SF61745",3,"Tasa objetivo Banco de México"
2014-11-06,"SF61745",3,"Tasa objetivo Banco de México"
2014-11-07,"SF61745",3,"Tasa objetivo Banco de México"
2014-11-08,"SF61745",3,"Tasa objetivo Banco de México"
2014-11-09,"SF61745",3,"Tasa objetivo Banco de México"
2014-11-10,"SF61745",3,"Tasa objetivo Banco de México"
2014-11-11,"SF61745",3,"Tasa objetivo Banco de México"
2014-11-12,"SF61745",3,"Tasa objetivo Banco de México"
2014-11-13,"SF61745",3,"Tasa objetivo Banco de México"
2014-11-14,"SF61745",3,"Tasa objetivo Banco de México"
2014-11-15,"SF61745",3,"Tasa objetivo Banco de México"
2014-11-16,"SF61745",3,"Tasa objetivo Banco de México"
2014-11-17,"SF61745",3,"Tasa objetivo Banco de México"
2014-11-18,"SF61745",3,"Tasa objetivo Banco de México"
2014-11-19,"SF61745",3,"Tasa objetivo Banco de México"
2014-11-20,"SF61745",3,"Tasa objetivo Banco de México"
2014-11-21,"SF61745",3,"Tasa objetivo Banco de México"
2014-11-22,"SF61745",3,"Tasa objetivo Banco de México"
2014-11-23,"SF61745",3,"Tasa objetivo Banco de México"
2014-11-24,"SF61745",3,"Tasa objetivo Banco de México"
2014-11-25,"SF61745",3,"Tasa objetivo Banco de México"
2014-11-26,"SF61745",3,"Tasa objetivo Banco de México"
2014-11-27,"SF61745",3,"Tasa objetivo Banco de México"
2014-11-28,"SF61745",3,"Tasa objetivo Banco de México"
2014-11-29,"SF61745",3,"Tasa objetivo Banco de México"
2014-11-30,"SF61745",3,"Tasa objetivo Banco de México"
2014-12-01,"SF61745",3,"Tasa objetivo Banco de México"
2014-12-02,"SF61745",3,"Tasa objetivo Banco de México"
2014-12-03,"SF61745",3,"Tasa objetivo Banco de México"
2014-12-04,"SF61745",3,"Tasa objetivo Banco de México"
2014-12-05,"SF61745",3,"Tasa objetivo Banco de México"
2014-12-06,"SF61745",3,"Tasa objetivo Banco de México"
2014-12-07,"SF61745",3,"Tasa objetivo Banco de México"
2014-12-08,"SF61745",3,"Tasa objetivo Banco de México"
2014-12-09,"SF61745",3,"Tasa objetivo Banco de México"
2014-12-10,"SF61745",3,"Tasa objetivo Banco de México"
2014-12-11,"SF61745",3,"Tasa objetivo Banco de México"
2014-12-12,"SF61745",3,"Tasa objetivo Banco de México"
2014-12-13,"SF61745",3,"Tasa objetivo Banco de México"
2014-12-14,"SF61745",3,"Tasa objetivo Banco de México"
2014-12-15,"SF61745",3,"Tasa objetivo Banco de México"
2014-12-16,"SF61745",3,"Tasa objetivo Banco de México"
2014-12-17,"SF61745",3,"Tasa objetivo Banco de México"
2014-12-18,"SF61745",3,"Tasa objetivo Banco de México"
2014-12-19,"SF61745",3,"Tasa objetivo Banco de México"
2014-12-20,"SF61745",3,"Tasa objetivo Banco de México"
2014-12-21,"SF61745",3,"Tasa objetivo Banco de México"
2014-12-22,"SF61745",3,"Tasa objetivo Banco de México"
2014-12-23,"SF61745",3,"Tasa objetivo Banco de México"
2014-12-24,"SF61745",3,"Tasa objetivo Banco de México"
2014-12-25,"SF61745",3,"Tasa objetivo Banco de México"
2014-12-26,"SF61745",3,"Tasa objetivo Banco de México"
2014-12-27,"SF61745",3,"Tasa objetivo Banco de México"
2014-12-28,"SF61745",3,"Tasa objetivo Banco de México"
2014-12-29,"SF61745",3,"Tasa objetivo Banco de México"
2014-12-30,"SF61745",3,"Tasa objetivo Banco de México"
2014-12-31,"SF61745",3,"Tasa objetivo Banco de México"
2015-01-01,"SF61745",3,"Tasa objetivo Banco de México"
2015-01-02,"SF61745",3,"Tasa objetivo Banco de México"
2015-01-03,"SF61745",3,"Tasa objetivo Banco de México"
2015-01-04,"SF61745",3,"Tasa objetivo Banco de México"
2015-01-05,"SF61745",3,"Tasa objetivo Banco de México"
2015-01-06,"SF61745",3,"Tasa objetivo Banco de México"
2015-01-07,"SF61745",3,"Tasa objetivo Banco de México"
2015-01-08,"SF61745",3,"Tasa objetivo Banco de México"
2015-01-09,"SF61745",3,"Tasa objetivo Banco de México"
2015-01-10,"SF61745",3,"Tasa objetivo Banco de México"
2015-01-11,"SF61745",3,"Tasa objetivo Banco de México"
2015-01-12,"SF61745",3,"Tasa objetivo Banco de México"
2015-01-13,"SF61745",3,"Tasa objetivo Banco de México"
2015-01-14,"SF61745",3,"Tasa objetivo Banco de México"
2015-01-15,"SF61745",3,"Tasa objetivo Banco de México"
2015-01-16,"SF61745",3,"Tasa objetivo Banco de México"
2015-01-17,"SF61745",3,"Tasa objetivo Banco de México"
2015-01-18,"SF61745",3,"Tasa objetivo Banco de México"
2015-01-19,"SF61745",3,"Tasa objetivo Banco de México"
2015-01-20,"SF61745",3,"Tasa objetivo Banco de México"
2015-01-21,"SF61745",3,"Tasa objetivo Banco de México"
2015-01-22,"SF61745",3,"Tasa objetivo Banco de México"
2015-01-23,"SF61745",3,"Tasa objetivo Banco de México"
2015-01-24,"SF61745",3,"Tasa objetivo Banco de México"
2015-01-25,"SF61745",3,"Tasa objetivo Banco de México"
2015-01-26,"SF61745",3,"Tasa objetivo Banco de México"
2015-01-27,"SF61745",3,"Tasa objetivo Banco de México"
2015-01-28,"SF61745",3,"Tasa objetivo Banco de México"
2015-01-29,"SF61745",3,"Tasa objetivo Banco de México"
2015-01-30,"SF61745",3,"Tasa objetivo Banco de México"
2015-01-31,"SF61745",3,"Tasa objetivo Banco de México"
2015-02-01,"SF61745",3,"Tasa objetivo Banco de México"
2015-02-02,"SF61745",3,"Tasa objetivo Banco de México"
2015-02-03,"SF61745",3,"Tasa objetivo Banco de México"
2015-02-04,"SF61745",3,"Tasa objetivo Banco de México"
2015-02-05,"SF61745",3,"Tasa objetivo Banco de México"
2015-02-06,"SF61745",3,"Tasa objetivo Banco de México"
2015-02-07,"SF61745",3,"Tasa objetivo Banco de México"
2015-02-08,"SF61745",3,"Tasa objetivo Banco de México"
2015-02-09,"SF61745",3,"Tasa objetivo Banco de México"
2015-02-10,"SF61745",3,"Tasa objetivo Banco de México"
2015-02-11,"SF61745",3,"Tasa objetivo Banco de México"
2015-02-12,"SF61745",3,"Tasa objetivo Banco de México"
2015-02-13,"SF61745",3,"Tasa objetivo Banco de México"
2015-02-14,"SF61745",3,"Tasa objetivo Banco de México"
2015-02-15,"SF61745",3,"Tasa objetivo Banco de México"
2015-02-16,"SF61745",3,"Tasa objetivo Banco de México"
2015-02-17,"SF61745",3,"Tasa objetivo Banco de México"
2015-02-18,"SF61745",3,"Tasa objetivo Banco de México"
2015-02-19,"SF61745",3,"Tasa objetivo Banco de México"
2015-02-20,"SF61745",3,"Tasa objetivo Banco de México"
2015-02-21,"SF61745",3,"Tasa objetivo Banco de México"
2015-02-22,"SF61745",3,"Tasa objetivo Banco de México"
2015-02-23,"SF61745",3,"Tasa objetivo Banco de México"
2015-02-24,"SF61745",3,"Tasa objetivo Banco de México"
2015-02-25,"SF61745",3,"Tasa objetivo Banco de México"
2015-02-26,"SF61745",3,"Tasa objetivo Banco de México"
2015-02-27,"SF61745",3,"Tasa objetivo Banco de México"
2015-02-28,"SF61745",3,"Tasa objetivo Banco de México"
2015-03-01,"SF61745",3,"Tasa objetivo Banco de México"
2015-03-02,"SF61745",3,"Tasa objetivo Banco de México"
2015-03-03,"SF61745",3,"Tasa objetivo Banco de México"
2015-03-04,"SF61745",3,"Tasa objetivo Banco de México"
2015-03-05,"SF61745",3,"Tasa objetivo Banco de México"
2015-03-06,"SF61745",3,"Tasa objetivo Banco de México"
2015-03-07,"SF61745",3,"Tasa objetivo Banco de México"
2015-03-08,"SF61745",3,"Tasa objetivo Banco de México"
2015-03-09,"SF61745",3,"Tasa objetivo Banco de México"
2015-03-10,"SF61745",3,"Tasa objetivo Banco de México"
2015-03-11,"SF61745",3,"Tasa objetivo Banco de México"
2015-03-12,"SF61745",3,"Tasa objetivo Banco de México"
2015-03-13,"SF61745",3,"Tasa objetivo Banco de México"
2015-03-14,"SF61745",3,"Tasa objetivo Banco de México"
2015-03-15,"SF61745",3,"Tasa objetivo Banco de México"
2015-03-16,"SF61745",3,"Tasa objetivo Banco de México"
2015-03-17,"SF61745",3,"Tasa objetivo Banco de México"
2015-03-18,"SF61745",3,"Tasa objetivo Banco de México"
2015-03-19,"SF61745",3,"Tasa objetivo Banco de México"
2015-03-20,"SF61745",3,"Tasa objetivo Banco de México"
2015-03-21,"SF61745",3,"Tasa objetivo Banco de México"
2015-03-22,"SF61745",3,"Tasa objetivo Banco de México"
2015-03-23,"SF61745",3,"Tasa objetivo Banco de México"
2015-03-24,"SF61745",3,"Tasa objetivo Banco de México"
2015-03-25,"SF61745",3,"Tasa objetivo Banco de México"
2015-03-26,"SF61745",3,"Tasa objetivo Banco de México"
2015-03-27,"SF61745",3,"Tasa objetivo Banco de México"
2015-03-28,"SF61745",3,"Tasa objetivo Banco de México"
2015-03-29,"SF61745",3,"Tasa objetivo Banco de México"
2015-03-30,"SF61745",3,"Tasa objetivo Banco de México"
2015-03-31,"SF61745",3,"Tasa objetivo Banco de México"
2015-04-01,"SF61745",3,"Tasa objetivo Banco de México"
2015-04-02,"SF61745",3,"Tasa objetivo Banco de México"
2015-04-03,"SF61745",3,"Tasa objetivo Banco de México"
2015-04-04,"SF61745",3,"Tasa objetivo Banco de México"
2015-04-05,"SF61745",3,"Tasa objetivo Banco de México"
2015-04-06,"SF61745",3,"Tasa objetivo Banco de México"
2015-04-07,"SF61745",3,"Tasa objetivo Banco de México"
2015-04-08,"SF61745",3,"Tasa objetivo Banco de México"
2015-04-09,"SF61745",3,"Tasa objetivo Banco de México"
2015-04-10,"SF61745",3,"Tasa objetivo Banco de México"
2015-04-11,"SF61745",3,"Tasa objetivo Banco de México"
2015-04-12,"SF61745",3,"Tasa objetivo Banco de México"
2015-04-13,"SF61745",3,"Tasa objetivo Banco de México"
2015-04-14,"SF61745",3,"Tasa objetivo Banco de México"
2015-04-15,"SF61745",3,"Tasa objetivo Banco de México"
2015-04-16,"SF61745",3,"Tasa objetivo Banco de México"
2015-04-17,"SF61745",3,"Tasa objetivo Banco de México"
2015-04-18,"SF61745",3,"Tasa objetivo Banco de México"
2015-04-19,"SF61745",3,"Tasa objetivo Banco de México"
2015-04-20,"SF61745",3,"Tasa objetivo Banco de México"
2015-04-21,"SF61745",3,"Tasa objetivo Banco de México"
2015-04-22,"SF61745",3,"Tasa objetivo Banco de México"
2015-04-23,"SF61745",3,"Tasa objetivo Banco de México"
2015-04-24,"SF61745",3,"Tasa objetivo Banco de México"
2015-04-25,"SF61745",3,"Tasa objetivo Banco de México"
2015-04-26,"SF61745",3,"Tasa objetivo Banco de México"
2015-04-27,"SF61745",3,"Tasa objetivo Banco de México"
2015-04-28,"SF61745",3,"Tasa objetivo Banco de México"
2015-04-29,"SF61745",3,"Tasa objetivo Banco de México"
2015-04-30,"SF61745",3,"Tasa objetivo Banco de México"
2015-05-01,"SF61745",3,"Tasa objetivo Banco de México"
2015-05-02,"SF61745",3,"Tasa objetivo Banco de México"
2015-05-03,"SF61745",3,"Tasa objetivo Banco de México"
2015-05-04,"SF61745",3,"Tasa objetivo Banco de México"
2015-05-05,"SF61745",3,"Tasa objetivo Banco de México"
2015-05-06,"SF61745",3,"Tasa objetivo Banco de México"
2015-05-07,"SF61745",3,"Tasa objetivo Banco de México"
2015-05-08,"SF61745",3,"Tasa objetivo Banco de México"
2015-05-09,"SF61745",3,"Tasa objetivo Banco de México"
2015-05-10,"SF61745",3,"Tasa objetivo Banco de México"
2015-05-11,"SF61745",3,"Tasa objetivo Banco de México"
2015-05-12,"SF61745",3,"Tasa objetivo Banco de México"
2015-05-13,"SF61745",3,"Tasa objetivo Banco de México"
2015-05-14,"SF61745",3,"Tasa objetivo Banco de México"
2015-05-15,"SF61745",3,"Tasa objetivo Banco de México"
2015-05-16,"SF61745",3,"Tasa objetivo Banco de México"
2015-05-17,"SF61745",3,"Tasa objetivo Banco de México"
2015-05-18,"SF61745",3,"Tasa objetivo Banco de México"
2015-05-19,"SF61745",3,"Tasa objetivo Banco de México"
2015-05-20,"SF61745",3,"Tasa objetivo Banco de México"
2015-05-21,"SF61745",3,"Tasa objetivo Banco de México"
2015-05-22,"SF61745",3,"Tasa objetivo Banco de México"
2015-05-23,"SF61745",3,"Tasa objetivo Banco de México"
2015-05-24,"SF61745",3,"Tasa objetivo Banco de México"
2015-05-25,"SF61745",3,"Tasa objetivo Banco de México"
2015-05-26,"SF61745",3,"Tasa objetivo Banco de México"
2015-05-27,"SF61745",3,"Tasa objetivo Banco de México"
2015-05-28,"SF61745",3,"Tasa objetivo Banco de México"
2015-05-29,"SF61745",3,"Tasa objetivo Banco de México"
2015-05-30,"SF61745",3,"Tasa objetivo Banco de México"
2015-05-31,"SF61745",3,"Tasa objetivo Banco de México"
2015-06-01,"SF61745",3,"Tasa objetivo Banco de México"
2015-06-02,"SF61745",3,"Tasa objetivo Banco de México"
2015-06-03,"SF61745",3,"Tasa objetivo Banco de México"
2015-06-04,"SF61745",3,"Tasa objetivo Banco de México"
2015-06-05,"SF61745",3,"Tasa objetivo Banco de México"
2015-06-06,"SF61745",3,"Tasa objetivo Banco de México"
2015-06-07,"SF61745",3,"Tasa objetivo Banco de México"
2015-06-08,"SF61745",3,"Tasa objetivo Banco de México"
2015-06-09,"SF61745",3,"Tasa objetivo Banco de México"
2015-06-10,"SF61745",3,"Tasa objetivo Banco de México"
2015-06-11,"SF61745",3,"Tasa objetivo Banco de México"
2015-06-12,"SF61745",3,"Tasa objetivo Banco de México"
2015-06-13,"SF61745",3,"Tasa objetivo Banco de México"
2015-06-14,"SF61745",3,"Tasa objetivo Banco de México"
2015-06-15,"SF61745",3,"Tasa objetivo Banco de México"
2015-06-16,"SF61745",3,"Tasa objetivo Banco de México"
2015-06-17,"SF61745",3,"Tasa objetivo Banco de México"
2015-06-18,"SF61745",3,"Tasa objetivo Banco de México"
2015-06-19,"SF61745",3,"Tasa objetivo Banco de México"
2015-06-20,"SF61745",3,"Tasa objetivo Banco de México"
2015-06-21,"SF61745",3,"Tasa objetivo Banco de México"
2015-06-22,"SF61745",3,"Tasa objetivo Banco de México"
2015-06-23,"SF61745",3,"Tasa objetivo Banco de México"
2015-06-24,"SF61745",3,"Tasa objetivo Banco de México"
2015-06-25,"SF61745",3,"Tasa objetivo Banco de México"
2015-06-26,"SF61745",3,"Tasa objetivo Banco de México"
2015-06-27,"SF61745",3,"Tasa objetivo Banco de México"
2015-06-28,"SF61745",3,"Tasa objetivo Banco de México"
2015-06-29,"SF61745",3,"Tasa objetivo Banco de México"
2015-06-30,"SF61745",3,"Tasa objetivo Banco de México"
2015-07-01,"SF61745",3,"Tasa objetivo Banco de México"
2015-07-02,"SF61745",3,"Tasa objetivo Banco de México"
2015-07-03,"SF61745",3,"Tasa objetivo Banco de México"
2015-07-04,"SF61745",3,"Tasa objetivo Banco de México"
2015-07-05,"SF61745",3,"Tasa objetivo Banco de México"
2015-07-06,"SF61745",3,"Tasa objetivo Banco de México"
2015-07-07,"SF61745",3,"Tasa objetivo Banco de México"
2015-07-08,"SF61745",3,"Tasa objetivo Banco de México"
2015-07-09,"SF61745",3,"Tasa objetivo Banco de México"
2015-07-10,"SF61745",3,"Tasa objetivo Banco de México"
2015-07-11,"SF61745",3,"Tasa objetivo Banco de México"
2015-07-12,"SF61745",3,"Tasa objetivo Banco de México"
2015-07-13,"SF61745",3,"Tasa objetivo Banco de México"
2015-07-14,"SF61745",3,"Tasa objetivo Banco de México"
2015-07-15,"SF61745",3,"Tasa objetivo Banco de México"
2015-07-16,"SF61745",3,"Tasa objetivo Banco de México"
2015-07-17,"SF61745",3,"Tasa objetivo Banco de México"
2015-07-18,"SF61745",3,"Tasa objetivo Banco de México"
2015-07-19,"SF61745",3,"Tasa objetivo Banco de México"
2015-07-20,"SF61745",3,"Tasa objetivo Banco de México"
2015-07-21,"SF61745",3,"Tasa objetivo Banco de México"
2015-07-22,"SF61745",3,"Tasa objetivo Banco de México"
2015-07-23,"SF61745",3,"Tasa objetivo Banco de México"
2015-07-24,"SF61745",3,"Tasa objetivo Banco de México"
2015-07-25,"SF61745",3,"Tasa objetivo Banco de México"
2015-07-26,"SF61745",3,"Tasa objetivo Banco de México"
2015-07-27,"SF61745",3,"Tasa objetivo Banco de México"
2015-07-28,"SF61745",3,"Tasa objetivo Banco de México"
2015-07-29,"SF61745",3,"Tasa objetivo Banco de México"
2015-07-30,"SF61745",3,"Tasa objetivo Banco de México"
2015-07-31,"SF61745",3,"Tasa objetivo Banco de México"
2015-08-01,"SF61745",3,"Tasa objetivo Banco de México"
2015-08-02,"SF61745",3,"Tasa objetivo Banco de México"
2015-08-03,"SF61745",3,"Tasa objetivo Banco de México"
2015-08-04,"SF61745",3,"Tasa objetivo Banco de México"
2015-08-05,"SF61745",3,"Tasa objetivo Banco de México"
2015-08-06,"SF61745",3,"Tasa objetivo Banco de México"
2015-08-07,"SF61745",3,"Tasa objetivo Banco de México"
2015-08-08,"SF61745",3,"Tasa objetivo Banco de México"
2015-08-09,"SF61745",3,"Tasa objetivo Banco de México"
2015-08-10,"SF61745",3,"Tasa objetivo Banco de México"
2015-08-11,"SF61745",3,"Tasa objetivo Banco de México"
2015-08-12,"SF61745",3,"Tasa objetivo Banco de México"
2015-08-13,"SF61745",3,"Tasa objetivo Banco de México"
2015-08-14,"SF61745",3,"Tasa objetivo Banco de México"
2015-08-15,"SF61745",3,"Tasa objetivo Banco de México"
2015-08-16,"SF61745",3,"Tasa objetivo Banco de México"
2015-08-17,"SF61745",3,"Tasa objetivo Banco de México"
2015-08-18,"SF61745",3,"Tasa objetivo Banco de México"
2015-08-19,"SF61745",3,"Tasa objetivo Banco de México"
2015-08-20,"SF61745",3,"Tasa objetivo Banco de México"
2015-08-21,"SF61745",3,"Tasa objetivo Banco de México"
2015-08-22,"SF61745",3,"Tasa objetivo Banco de México"
2015-08-23,"SF61745",3,"Tasa objetivo Banco de México"
2015-08-24,"SF61745",3,"Tasa objetivo Banco de México"
2015-08-25,"SF61745",3,"Tasa objetivo Banco de México"
2015-08-26,"SF61745",3,"Tasa objetivo Banco de México"
2015-08-27,"SF61745",3,"Tasa objetivo Banco de México"
2015-08-28,"SF61745",3,"Tasa objetivo Banco de México"
2015-08-29,"SF61745",3,"Tasa objetivo Banco de México"
2015-08-30,"SF61745",3,"Tasa objetivo Banco de México"
2015-08-31,"SF61745",3,"Tasa objetivo Banco de México"
2015-09-01,"SF61745",3,"Tasa objetivo Banco de México"
2015-09-02,"SF61745",3,"Tasa objetivo Banco de México"
2015-09-03,"SF61745",3,"Tasa objetivo Banco de México"
2015-09-04,"SF61745",3,"Tasa objetivo Banco de México"
2015-09-05,"SF61745",3,"Tasa objetivo Banco de México"
2015-09-06,"SF61745",3,"Tasa objetivo Banco de México"
2015-09-07,"SF61745",3,"Tasa objetivo Banco de México"
2015-09-08,"SF61745",3,"Tasa objetivo Banco de México"
2015-09-09,"SF61745",3,"Tasa objetivo Banco de México"
2015-09-10,"SF61745",3,"Tasa objetivo Banco de México"
2015-09-11,"SF61745",3,"Tasa objetivo Banco de México"
2015-09-12,"SF61745",3,"Tasa objetivo Banco de México"
2015-09-13,"SF61745",3,"Tasa objetivo Banco de México"
2015-09-14,"SF61745",3,"Tasa objetivo Banco de México"
2015-09-15,"SF61745",3,"Tasa objetivo Banco de México"
2015-09-16,"SF61745",3,"Tasa objetivo Banco de México"
2015-09-17,"SF61745",3,"Tasa objetivo Banco de México"
2015-09-18,"SF61745",3,"Tasa objetivo Banco de México"
2015-09-19,"SF61745",3,"Tasa objetivo Banco de México"
2015-09-20,"SF61745",3,"Tasa objetivo Banco de México"
2015-09-21,"SF61745",3,"Tasa objetivo Banco de México"
2015-09-22,"SF61745",3,"Tasa objetivo Banco de México"
2015-09-23,"SF61745",3,"Tasa objetivo Banco de México"
2015-09-24,"SF61745",3,"Tasa objetivo Banco de México"
2015-09-25,"SF61745",3,"Tasa objetivo Banco de México"
2015-09-26,"SF61745",3,"Tasa objetivo Banco de México"
2015-09-27,"SF61745",3,"Tasa objetivo Banco de México"
2015-09-28,"SF61745",3,"Tasa objetivo Banco de México"
2015-09-29,"SF61745",3,"Tasa objetivo Banco de México"
2015-09-30,"SF61745",3,"Tasa objetivo Banco de México"
2015-10-01,"SF61745",3,"Tasa objetivo Banco de México"
2015-10-02,"SF61745",3,"Tasa objetivo Banco de México"
2015-10-03,"SF61745",3,"Tasa objetivo Banco de México"
2015-10-04,"SF61745",3,"Tasa objetivo Banco de México"
2015-10-05,"SF61745",3,"Tasa objetivo Banco de México"
2015-10-06,"SF61745",3,"Tasa objetivo Banco de México"
2015-10-07,"SF61745",3,"Tasa objetivo Banco de México"
2015-10-08,"SF61745",3,"Tasa objetivo Banco de México"
2015-10-09,"SF61745",3,"Tasa objetivo Banco de México"
2015-10-10,"SF61745",3,"Tasa objetivo Banco de México"
2015-10-11,"SF61745",3,"Tasa objetivo Banco de México"
2015-10-12,"SF61745",3,"Tasa objetivo Banco de México"
2015-10-13,"SF61745",3,"Tasa objetivo Banco de México"
2015-10-14,"SF61745",3,"Tasa objetivo Banco de México"
2015-10-15,"SF61745",3,"Tasa objetivo Banco de México"
2015-10-16,"SF61745",3,"Tasa objetivo Banco de México"
2015-10-17,"SF61745",3,"Tasa objetivo Banco de México"
2015-10-18,"SF61745",3,"Tasa objetivo Banco de México"
2015-10-19,"SF61745",3,"Tasa objetivo Banco de México"
2015-10-20,"SF61745",3,"Tasa objetivo Banco de México"
2015-10-21,"SF61745",3,"Tasa objetivo Banco de México"
2015-10-22,"SF61745",3,"Tasa objetivo Banco de México"
2015-10-23,"SF61745",3,"Tasa objetivo Banco de México"
2015-10-24,"SF61745",3,"Tasa objetivo Banco de México"
2015-10-25,"SF61745",3,"Tasa objetivo Banco de México"
2015-10-26,"SF61745",3,"Tasa objetivo Banco de México"
2015-10-27,"SF61745",3,"Tasa objetivo Banco de México"
2015-10-28,"SF61745",3,"Tasa objetivo Banco de México"
2015-10-29,"SF61745",3,"Tasa objetivo Banco de México"
2015-10-30,"SF61745",3,"Tasa objetivo Banco de México"
2015-10-31,"SF61745",3,"Tasa objetivo Banco de México"
2015-11-01,"SF61745",3,"Tasa objetivo Banco de México"
2015-11-02,"SF61745",3,"Tasa objetivo Banco de México"
2015-11-03,"SF61745",3,"Tasa objetivo Banco de México"
2015-11-04,"SF61745",3,"Tasa objetivo Banco de México"
2015-11-05,"SF61745",3,"Tasa objetivo Banco de México"
2015-11-06,"SF61745",3,"Tasa objetivo Banco de México"
2015-11-07,"SF61745",3,"Tasa objetivo Banco de México"
2015-11-08,"SF61745",3,"Tasa objetivo Banco de México"
2015-11-09,"SF61745",3,"Tasa objetivo Banco de México"
2015-11-10,"SF61745",3,"Tasa objetivo Banco de México"
2015-11-11,"SF61745",3,"Tasa objetivo Banco de México"
2015-11-12,"SF61745",3,"Tasa objetivo Banco de México"
2015-11-13,"SF61745",3,"Tasa objetivo Banco de México"
2015-11-14,"SF61745",3,"Tasa objetivo Banco de México"
2015-11-15,"SF61745",3,"Tasa objetivo Banco de México"
2015-11-16,"SF61745",3,"Tasa objetivo Banco de México"
2015-11-17,"SF61745",3,"Tasa objetivo Banco de México"
2015-11-18,"SF61745",3,"Tasa objetivo Banco de México"
2015-11-19,"SF61745",3,"Tasa objetivo Banco de México"
2015-11-20,"SF61745",3,"Tasa objetivo Banco de México"
2015-11-21,"SF61745",3,"Tasa objetivo Banco de México"
2015-11-22,"SF61745",3,"Tasa objetivo Banco de México"
2015-11-23,"SF61745",3,"Tasa objetivo Banco de México"
2015-11-24,"SF61745",3,"Tasa objetivo Banco de México"
2015-11-25,"SF61745",3,"Tasa objetivo Banco de México"
2015-11-26,"SF61745",3,"Tasa objetivo Banco de México"
2015-11-27,"SF61745",3,"Tasa objetivo Banco de México"
2015-11-28,"SF61745",3,"Tasa objetivo Banco de México"
2015-11-29,"SF61745",3,"Tasa objetivo Banco de México"
2015-11-30,"SF61745",3,"Tasa objetivo Banco de México"
2015-12-01,"SF61745",3,"Tasa objetivo Banco de México"
2015-12-02,"SF61745",3,"Tasa objetivo Banco de México"
2015-12-03,"SF61745",3,"Tasa objetivo Banco de México"
2015-12-04,"SF61745",3,"Tasa objetivo Banco de México"
2015-12-05,"SF61745",3,"Tasa objetivo Banco de México"
2015-12-06,"SF61745",3,"Tasa objetivo Banco de México"
2015-12-07,"SF61745",3,"Tasa objetivo Banco de México"
2015-12-08,"SF61745",3,"Tasa objetivo Banco de México"
2015-12-09,"SF61745",3,"Tasa objetivo Banco de México"
2015-12-10,"SF61745",3,"Tasa objetivo Banco de México"
2015-12-11,"SF61745",3,"Tasa objetivo Banco de México"
2015-12-12,"SF61745",3,"Tasa objetivo Banco de México"
2015-12-13,"SF61745",3,"Tasa objetivo Banco de México"
2015-12-14,"SF61745",3,"Tasa objetivo Banco de México"
2015-12-15,"SF61745",3,"Tasa objetivo Banco de México"
2015-12-16,"SF61745",3,"Tasa objetivo Banco de México"
2015-12-17,"SF61745",3.25,"Tasa objetivo Banco de México"
2015-12-18,"SF61745",3.25,"Tasa objetivo Banco de México"
2015-12-19,"SF61745",3.25,"Tasa objetivo Banco de México"
2015-12-20,"SF61745",3.25,"Tasa objetivo Banco de México"
2015-12-21,"SF61745",3.25,"Tasa objetivo Banco de México"
2015-12-22,"SF61745",3.25,"Tasa objetivo Banco de México"
2015-12-23,"SF61745",3.25,"Tasa objetivo Banco de México"
2015-12-24,"SF61745",3.25,"Tasa objetivo Banco de México"
2015-12-25,"SF61745",3.25,"Tasa objetivo Banco de México"
2015-12-26,"SF61745",3.25,"Tasa objetivo Banco de México"
2015-12-27,"SF61745",3.25,"Tasa objetivo Banco de México"
2015-12-28,"SF61745",3.25,"Tasa objetivo Banco de México"
2015-12-29,"SF61745",3.25,"Tasa objetivo Banco de México"
2015-12-30,"SF61745",3.25,"Tasa objetivo Banco de México"
2015-12-31,"SF61745",3.25,"Tasa objetivo Banco de México"
2016-01-01,"SF61745",3.25,"Tasa objetivo Banco de México"
2016-01-02,"SF61745",3.25,"Tasa objetivo Banco de México"
2016-01-03,"SF61745",3.25,"Tasa objetivo Banco de México"
2016-01-04,"SF61745",3.25,"Tasa objetivo Banco de México"
2016-01-05,"SF61745",3.25,"Tasa objetivo Banco de México"
2016-01-06,"SF61745",3.25,"Tasa objetivo Banco de México"
2016-01-07,"SF61745",3.25,"Tasa objetivo Banco de México"
2016-01-08,"SF61745",3.25,"Tasa objetivo Banco de México"
2016-01-09,"SF61745",3.25,"Tasa objetivo Banco de México"
2016-01-10,"SF61745",3.25,"Tasa objetivo Banco de México"
2016-01-11,"SF61745",3.25,"Tasa objetivo Banco de México"
2016-01-12,"SF61745",3.25,"Tasa objetivo Banco de México"
2016-01-13,"SF61745",3.25,"Tasa objetivo Banco de México"
2016-01-14,"SF61745",3.25,"Tasa objetivo Banco de México"
2016-01-15,"SF61745",3.25,"Tasa objetivo Banco de México"
2016-01-16,"SF61745",3.25,"Tasa objetivo Banco de México"
2016-01-17,"SF61745",3.25,"Tasa objetivo Banco de México"
2016-01-18,"SF61745",3.25,"Tasa objetivo Banco de México"
2016-01-19,"SF61745",3.25,"Tasa objetivo Banco de México"
2016-01-20,"SF61745",3.25,"Tasa objetivo Banco de México"
2016-01-21,"SF61745",3.25,"Tasa objetivo Banco de México"
2016-01-22,"SF61745",3.25,"Tasa objetivo Banco de México"
2016-01-23,"SF61745",3.25,"Tasa objetivo Banco de México"
2016-01-24,"SF61745",3.25,"Tasa objetivo Banco de México"
2016-01-25,"SF61745",3.25,"Tasa objetivo Banco de México"
2016-01-26,"SF61745",3.25,"Tasa objetivo Banco de México"
2016-01-27,"SF61745",3.25,"Tasa objetivo Banco de México"
2016-01-28,"SF61745",3.25,"Tasa objetivo Banco de México"
2016-01-29,"SF61745",3.25,"Tasa objetivo Banco de México"
2016-01-30,"SF61745",3.25,"Tasa objetivo Banco de México"
2016-01-31,"SF61745",3.25,"Tasa objetivo Banco de México"
2016-02-01,"SF61745",3.25,"Tasa objetivo Banco de México"
2016-02-02,"SF61745",3.25,"Tasa objetivo Banco de México"
2016-02-03,"SF61745",3.25,"Tasa objetivo Banco de México"
2016-02-04,"SF61745",3.25,"Tasa objetivo Banco de México"
2016-02-05,"SF61745",3.25,"Tasa objetivo Banco de México"
2016-02-06,"SF61745",3.25,"Tasa objetivo Banco de México"
2016-02-07,"SF61745",3.25,"Tasa objetivo Banco de México"
2016-02-08,"SF61745",3.25,"Tasa objetivo Banco de México"
2016-02-09,"SF61745",3.25,"Tasa objetivo Banco de México"
2016-02-10,"SF61745",3.25,"Tasa objetivo Banco de México"
2016-02-11,"SF61745",3.25,"Tasa objetivo Banco de México"
2016-02-12,"SF61745",3.25,"Tasa objetivo Banco de México"
2016-02-13,"SF61745",3.25,"Tasa objetivo Banco de México"
2016-02-14,"SF61745",3.25,"Tasa objetivo Banco de México"
2016-02-15,"SF61745",3.25,"Tasa objetivo Banco de México"
2016-02-16,"SF61745",3.25,"Tasa objetivo Banco de México"
2016-02-17,"SF61745",3.75,"Tasa objetivo Banco de México"
2016-02-18,"SF61745",3.75,"Tasa objetivo Banco de México"
2016-02-19,"SF61745",3.75,"Tasa objetivo Banco de México"
2016-02-20,"SF61745",3.75,"Tasa objetivo Banco de México"
2016-02-21,"SF61745",3.75,"Tasa objetivo Banco de México"
2016-02-22,"SF61745",3.75,"Tasa objetivo Banco de México"
2016-02-23,"SF61745",3.75,"Tasa objetivo Banco de México"
2016-02-24,"SF61745",3.75,"Tasa objetivo Banco de México"
2016-02-25,"SF61745",3.75,"Tasa objetivo Banco de México"
2016-02-26,"SF61745",3.75,"Tasa objetivo Banco de México"
2016-02-27,"SF61745",3.75,"Tasa objetivo Banco de México"
2016-02-28,"SF61745",3.75,"Tasa objetivo Banco de México"
2016-02-29,"SF61745",3.75,"Tasa objetivo Banco de México"
2016-03-01,"SF61745",3.75,"Tasa objetivo Banco de México"
2016-03-02,"SF61745",3.75,"Tasa objetivo Banco de México"
2016-03-03,"SF61745",3.75,"Tasa objetivo Banco de México"
2016-03-04,"SF61745",3.75,"Tasa objetivo Banco de México"
2016-03-05,"SF61745",3.75,"Tasa objetivo Banco de México"
2016-03-06,"SF61745",3.75,"Tasa objetivo Banco de México"
2016-03-07,"SF61745",3.75,"Tasa objetivo Banco de México"
2016-03-08,"SF61745",3.75,"Tasa objetivo Banco de México"
2016-03-09,"SF61745",3.75,"Tasa objetivo Banco de México"
2016-03-10,"SF61745",3.75,"Tasa objetivo Banco de México"
2016-03-11,"SF61745",3.75,"Tasa objetivo Banco de México"
2016-03-12,"SF61745",3.75,"Tasa objetivo Banco de México"
2016-03-13,"SF61745",3.75,"Tasa objetivo Banco de México"
2016-03-14,"SF61745",3.75,"Tasa objetivo Banco de México"
2016-03-15,"SF61745",3.75,"Tasa objetivo Banco de México"
2016-03-16,"SF61745",3.75,"Tasa objetivo Banco de México"
2016-03-17,"SF61745",3.75,"Tasa objetivo Banco de México"
2016-03-18,"SF61745",3.75,"Tasa objetivo Banco de México"
2016-03-19,"SF61745",3.75,"Tasa objetivo Banco de México"
2016-03-20,"SF61745",3.75,"Tasa objetivo Banco de México"
2016-03-21,"SF61745",3.75,"Tasa objetivo Banco de México"
2016-03-22,"SF61745",3.75,"Tasa objetivo Banco de México"
2016-03-23,"SF61745",3.75,"Tasa objetivo Banco de México"
2016-03-24,"SF61745",3.75,"Tasa objetivo Banco de México"
2016-03-25,"SF61745",3.75,"Tasa objetivo Banco de México"
2016-03-26,"SF61745",3.75,"Tasa objetivo Banco de México"
2016-03-27,"SF61745",3.75,"Tasa objetivo Banco de México"
2016-03-28,"SF61745",3.75,"Tasa objetivo Banco de México"
2016-03-29,"SF61745",3.75,"Tasa objetivo Banco de México"
2016-03-30,"SF61745",3.75,"Tasa objetivo Banco de México"
2016-03-31,"SF61745",3.75,"Tasa objetivo Banco de México"
2016-04-01,"SF61745",3.75,"Tasa objetivo Banco de México"
2016-04-02,"SF61745",3.75,"Tasa objetivo Banco de México"
2016-04-03,"SF61745",3.75,"Tasa objetivo Banco de México"
2016-04-04,"SF61745",3.75,"Tasa objetivo Banco de México"
2016-04-05,"SF61745",3.75,"Tasa objetivo Banco de México"
2016-04-06,"SF61745",3.75,"Tasa objetivo Banco de México"
2016-04-07,"SF61745",3.75,"Tasa objetivo Banco de México"
2016-04-08,"SF61745",3.75,"Tasa objetivo Banco de México"
2016-04-09,"SF61745",3.75,"Tasa objetivo Banco de México"
2016-04-10,"SF61745",3.75,"Tasa objetivo Banco de México"
2016-04-11,"SF61745",3.75,"Tasa objetivo Banco de México"
2016-04-12,"SF61745",3.75,"Tasa objetivo Banco de México"
2016-04-13,"SF61745",3.75,"Tasa objetivo Banco de México"
2016-04-14,"SF61745",3.75,"Tasa objetivo Banco de México"
2016-04-15,"SF61745",3.75,"Tasa objetivo Banco de México"
2016-04-16,"SF61745",3.75,"Tasa objetivo Banco de México"
2016-04-17,"SF61745",3.75,"Tasa objetivo Banco de México"
2016-04-18,"SF61745",3.75,"Tasa objetivo Banco de México"
2016-04-19,"SF61745",3.75,"Tasa objetivo Banco de México"
2016-04-20,"SF61745",3.75,"Tasa objetivo Banco de México"
2016-04-21,"SF61745",3.75,"Tasa objetivo Banco de México"
2016-04-22,"SF61745",3.75,"Tasa objetivo Banco de México"
2016-04-23,"SF61745",3.75,"Tasa objetivo Banco de México"
2016-04-24,"SF61745",3.75,"Tasa objetivo Banco de México"
2016-04-25,"SF61745",3.75,"Tasa objetivo Banco de México"
2016-04-26,"SF61745",3.75,"Tasa objetivo Banco de México"
2016-04-27,"SF61745",3.75,"Tasa objetivo Banco de México"
2016-04-28,"SF61745",3.75,"Tasa objetivo Banco de México"
2016-04-29,"SF61745",3.75,"Tasa objetivo Banco de México"
2016-04-30,"SF61745",3.75,"Tasa objetivo Banco de México"
2016-05-01,"SF61745",3.75,"Tasa objetivo Banco de México"
2016-05-02,"SF61745",3.75,"Tasa objetivo Banco de México"
2016-05-03,"SF61745",3.75,"Tasa objetivo Banco de México"
2016-05-04,"SF61745",3.75,"Tasa objetivo Banco de México"
2016-05-05,"SF61745",3.75,"Tasa objetivo Banco de México"
2016-05-06,"SF61745",3.75,"Tasa objetivo Banco de México"
2016-05-07,"SF61745",3.75,"Tasa objetivo Banco de México"
2016-05-08,"SF61745",3.75,"Tasa objetivo Banco de México"
2016-05-09,"SF61745",3.75,"Tasa objetivo Banco de México"
2016-05-10,"SF61745",3.75,"Tasa objetivo Banco de México"
2016-05-11,"SF61745",3.75,"Tasa objetivo Banco de México"
2016-05-12,"SF61745",3.75,"Tasa objetivo Banco de México"
2016-05-13,"SF61745",3.75,"Tasa objetivo Banco de México"
2016-05-14,"SF61745",3.75,"Tasa objetivo Banco de México"
2016-05-15,"SF61745",3.75,"Tasa objetivo Banco de México"
2016-05-16,"SF61745",3.75,"Tasa objetivo Banco de México"
2016-05-17,"SF61745",3.75,"Tasa objetivo Banco de México"
2016-05-18,"SF61745",3.75,"Tasa objetivo Banco de México"
2016-05-19,"SF61745",3.75,"Tasa objetivo Banco de México"
2016-05-20,"SF61745",3.75,"Tasa objetivo Banco de México"
2016-05-21,"SF61745",3.75,"Tasa objetivo Banco de México"
2016-05-22,"SF61745",3.75,"Tasa objetivo Banco de México"
2016-05-23,"SF61745",3.75,"Tasa objetivo Banco de México"
2016-05-24,"SF61745",3.75,"Tasa objetivo Banco de México"
2016-05-25,"SF61745",3.75,"Tasa objetivo Banco de México"
2016-05-26,"SF61745",3.75,"Tasa objetivo Banco de México"
2016-05-27,"SF61745",3.75,"Tasa objetivo Banco de México"
2016-05-28,"SF61745",3.75,"Tasa objetivo Banco de México"
2016-05-29,"SF61745",3.75,"Tasa objetivo Banco de México"
2016-05-30,"SF61745",3.75,"Tasa objetivo Banco de México"
2016-05-31,"SF61745",3.75,"Tasa objetivo Banco de México"
2016-06-01,"SF61745",3.75,"Tasa objetivo Banco de México"
2016-06-02,"SF61745",3.75,"Tasa objetivo Banco de México"
2016-06-03,"SF61745",3.75,"Tasa objetivo Banco de México"
2016-06-04,"SF61745",3.75,"Tasa objetivo Banco de México"
2016-06-05,"SF61745",3.75,"Tasa objetivo Banco de México"
2016-06-06,"SF61745",3.75,"Tasa objetivo Banco de México"
2016-06-07,"SF61745",3.75,"Tasa objetivo Banco de México"
2016-06-08,"SF61745",3.75,"Tasa objetivo Banco de México"
2016-06-09,"SF61745",3.75,"Tasa objetivo Banco de México"
2016-06-10,"SF61745",3.75,"Tasa objetivo Banco de México"
2016-06-11,"SF61745",3.75,"Tasa objetivo Banco de México"
2016-06-12,"SF61745",3.75,"Tasa objetivo Banco de México"
2016-06-13,"SF61745",3.75,"Tasa objetivo Banco de México"
2016-06-14,"SF61745",3.75,"Tasa objetivo Banco de México"
2016-06-15,"SF61745",3.75,"Tasa objetivo Banco de México"
2016-06-16,"SF61745",3.75,"Tasa objetivo Banco de México"
2016-06-17,"SF61745",3.75,"Tasa objetivo Banco de México"
2016-06-18,"SF61745",3.75,"Tasa objetivo Banco de México"
2016-06-19,"SF61745",3.75,"Tasa objetivo Banco de México"
2016-06-20,"SF61745",3.75,"Tasa objetivo Banco de México"
2016-06-21,"SF61745",3.75,"Tasa objetivo Banco de México"
2016-06-22,"SF61745",3.75,"Tasa objetivo Banco de México"
2016-06-23,"SF61745",3.75,"Tasa objetivo Banco de México"
2016-06-24,"SF61745",3.75,"Tasa objetivo Banco de México"
2016-06-25,"SF61745",3.75,"Tasa objetivo Banco de México"
2016-06-26,"SF61745",3.75,"Tasa objetivo Banco de México"
2016-06-27,"SF61745",3.75,"Tasa objetivo Banco de México"
2016-06-28,"SF61745",3.75,"Tasa objetivo Banco de México"
2016-06-29,"SF61745",3.75,"Tasa objetivo Banco de México"
2016-06-30,"SF61745",4.25,"Tasa objetivo Banco de México"
2016-07-01,"SF61745",4.25,"Tasa objetivo Banco de México"
2016-07-02,"SF61745",4.25,"Tasa objetivo Banco de México"
2016-07-03,"SF61745",4.25,"Tasa objetivo Banco de México"
2016-07-04,"SF61745",4.25,"Tasa objetivo Banco de México"
2016-07-05,"SF61745",4.25,"Tasa objetivo Banco de México"
2016-07-06,"SF61745",4.25,"Tasa objetivo Banco de México"
2016-07-07,"SF61745",4.25,"Tasa objetivo Banco de México"
2016-07-08,"SF61745",4.25,"Tasa objetivo Banco de México"
2016-07-09,"SF61745",4.25,"Tasa objetivo Banco de México"
2016-07-10,"SF61745",4.25,"Tasa objetivo Banco de México"
2016-07-11,"SF61745",4.25,"Tasa objetivo Banco de México"
2016-07-12,"SF61745",4.25,"Tasa objetivo Banco de México"
2016-07-13,"SF61745",4.25,"Tasa objetivo Banco de México"
2016-07-14,"SF61745",4.25,"Tasa objetivo Banco de México"
2016-07-15,"SF61745",4.25,"Tasa objetivo Banco de México"
2016-07-16,"SF61745",4.25,"Tasa objetivo Banco de México"
2016-07-17,"SF61745",4.25,"Tasa objetivo Banco de México"
2016-07-18,"SF61745",4.25,"Tasa objetivo Banco de México"
2016-07-19,"SF61745",4.25,"Tasa objetivo Banco de México"
2016-07-20,"SF61745",4.25,"Tasa objetivo Banco de México"
2016-07-21,"SF61745",4.25,"Tasa objetivo Banco de México"
2016-07-22,"SF61745",4.25,"Tasa objetivo Banco de México"
2016-07-23,"SF61745",4.25,"Tasa objetivo Banco de México"
2016-07-24,"SF61745",4.25,"Tasa objetivo Banco de México"
2016-07-25,"SF61745",4.25,"Tasa objetivo Banco de México"
2016-07-26,"SF61745",4.25,"Tasa objetivo Banco de México"
2016-07-27,"SF61745",4.25,"Tasa objetivo Banco de México"
2016-07-28,"SF61745",4.25,"Tasa objetivo Banco de México"
2016-07-29,"SF61745",4.25,"Tasa objetivo Banco de México"
2016-07-30,"SF61745",4.25,"Tasa objetivo Banco de México"
2016-07-31,"SF61745",4.25,"Tasa objetivo Banco de México"
2016-08-01,"SF61745",4.25,"Tasa objetivo Banco de México"
2016-08-02,"SF61745",4.25,"Tasa objetivo Banco de México"
2016-08-03,"SF61745",4.25,"Tasa objetivo Banco de México"
2016-08-04,"SF61745",4.25,"Tasa objetivo Banco de México"
2016-08-05,"SF61745",4.25,"Tasa objetivo Banco de México"
2016-08-06,"SF61745",4.25,"Tasa objetivo Banco de México"
2016-08-07,"SF61745",4.25,"Tasa objetivo Banco de México"
2016-08-08,"SF61745",4.25,"Tasa objetivo Banco de México"
2016-08-09,"SF61745",4.25,"Tasa objetivo Banco de México"
2016-08-10,"SF61745",4.25,"Tasa objetivo Banco de México"
2016-08-11,"SF61745",4.25,"Tasa objetivo Banco de México"
2016-08-12,"SF61745",4.25,"Tasa objetivo Banco de México"
2016-08-13,"SF61745",4.25,"Tasa objetivo Banco de México"
2016-08-14,"SF61745",4.25,"Tasa objetivo Banco de México"
2016-08-15,"SF61745",4.25,"Tasa objetivo Banco de México"
2016-08-16,"SF61745",4.25,"Tasa objetivo Banco de México"
2016-08-17,"SF61745",4.25,"Tasa objetivo Banco de México"
2016-08-18,"SF61745",4.25,"Tasa objetivo Banco de México"
2016-08-19,"SF61745",4.25,"Tasa objetivo Banco de México"
2016-08-20,"SF61745",4.25,"Tasa objetivo Banco de México"
2016-08-21,"SF61745",4.25,"Tasa objetivo Banco de México"
2016-08-22,"SF61745",4.25,"Tasa objetivo Banco de México"
2016-08-23,"SF61745",4.25,"Tasa objetivo Banco de México"
2016-08-24,"SF61745",4.25,"Tasa objetivo Banco de México"
2016-08-25,"SF61745",4.25,"Tasa objetivo Banco de México"
2016-08-26,"SF61745",4.25,"Tasa objetivo Banco de México"
2016-08-27,"SF61745",4.25,"Tasa objetivo Banco de México"
2016-08-28,"SF61745",4.25,"Tasa objetivo Banco de México"
2016-08-29,"SF61745",4.25,"Tasa objetivo Banco de México"
2016-08-30,"SF61745",4.25,"Tasa objetivo Banco de México"
2016-08-31,"SF61745",4.25,"Tasa objetivo Banco de México"
2016-09-01,"SF61745",4.25,"Tasa objetivo Banco de México"
2016-09-02,"SF61745",4.25,"Tasa objetivo Banco de México"
2016-09-03,"SF61745",4.25,"Tasa objetivo Banco de México"
2016-09-04,"SF61745",4.25,"Tasa objetivo Banco de México"
2016-09-05,"SF61745",4.25,"Tasa objetivo Banco de México"
2016-09-06,"SF61745",4.25,"Tasa objetivo Banco de México"
2016-09-07,"SF61745",4.25,"Tasa objetivo Banco de México"
2016-09-08,"SF61745",4.25,"Tasa objetivo Banco de México"
2016-09-09,"SF61745",4.25,"Tasa objetivo Banco de México"
2016-09-10,"SF61745",4.25,"Tasa objetivo Banco de México"
2016-09-11,"SF61745",4.25,"Tasa objetivo Banco de México"
2016-09-12,"SF61745",4.25,"Tasa objetivo Banco de México"
2016-09-13,"SF61745",4.25,"Tasa objetivo Banco de México"
2016-09-14,"SF61745",4.25,"Tasa objetivo Banco de México"
2016-09-15,"SF61745",4.25,"Tasa objetivo Banco de México"
2016-09-16,"SF61745",4.25,"Tasa objetivo Banco de México"
2016-09-17,"SF61745",4.25,"Tasa objetivo Banco de México"
2016-09-18,"SF61745",4.25,"Tasa objetivo Banco de México"
2016-09-19,"SF61745",4.25,"Tasa objetivo Banco de México"
2016-09-20,"SF61745",4.25,"Tasa objetivo Banco de México"
2016-09-21,"SF61745",4.25,"Tasa objetivo Banco de México"
2016-09-22,"SF61745",4.25,"Tasa objetivo Banco de México"
2016-09-23,"SF61745",4.25,"Tasa objetivo Banco de México"
2016-09-24,"SF61745",4.25,"Tasa objetivo Banco de México"
2016-09-25,"SF61745",4.25,"Tasa objetivo Banco de México"
2016-09-26,"SF61745",4.25,"Tasa objetivo Banco de México"
2016-09-27,"SF61745",4.25,"Tasa objetivo Banco de México"
2016-09-28,"SF61745",4.25,"Tasa objetivo Banco de México"
2016-09-29,"SF61745",4.75,"Tasa objetivo Banco de México"
2016-09-30,"SF61745",4.75,"Tasa objetivo Banco de México"
2016-10-01,"SF61745",4.75,"Tasa objetivo Banco de México"
2016-10-02,"SF61745",4.75,"Tasa objetivo Banco de México"
2016-10-03,"SF61745",4.75,"Tasa objetivo Banco de México"
2016-10-04,"SF61745",4.75,"Tasa objetivo Banco de México"
2016-10-05,"SF61745",4.75,"Tasa objetivo Banco de México"
2016-10-06,"SF61745",4.75,"Tasa objetivo Banco de México"
2016-10-07,"SF61745",4.75,"Tasa objetivo Banco de México"
2016-10-08,"SF61745",4.75,"Tasa objetivo Banco de México"
2016-10-09,"SF61745",4.75,"Tasa objetivo Banco de México"
2016-10-10,"SF61745",4.75,"Tasa objetivo Banco de México"
2016-10-11,"SF61745",4.75,"Tasa objetivo Banco de México"
2016-10-12,"SF61745",4.75,"Tasa objetivo Banco de México"
2016-10-13,"SF61745",4.75,"Tasa objetivo Banco de México"
2016-10-14,"SF61745",4.75,"Tasa objetivo Banco de México"
2016-10-15,"SF61745",4.75,"Tasa objetivo Banco de México"
2016-10-16,"SF61745",4.75,"Tasa objetivo Banco de México"
2016-10-17,"SF61745",4.75,"Tasa objetivo Banco de México"
2016-10-18,"SF61745",4.75,"Tasa objetivo Banco de México"
2016-10-19,"SF61745",4.75,"Tasa objetivo Banco de México"
2016-10-20,"SF61745",4.75,"Tasa objetivo Banco de México"
2016-10-21,"SF61745",4.75,"Tasa objetivo Banco de México"
2016-10-22,"SF61745",4.75,"Tasa objetivo Banco de México"
2016-10-23,"SF61745",4.75,"Tasa objetivo Banco de México"
2016-10-24,"SF61745",4.75,"Tasa objetivo Banco de México"
2016-10-25,"SF61745",4.75,"Tasa objetivo Banco de México"
2016-10-26,"SF61745",4.75,"Tasa objetivo Banco de México"
2016-10-27,"SF61745",4.75,"Tasa objetivo Banco de México"
2016-10-28,"SF61745",4.75,"Tasa objetivo Banco de México"
2016-10-29,"SF61745",4.75,"Tasa objetivo Banco de México"
2016-10-30,"SF61745",4.75,"Tasa objetivo Banco de México"
2016-10-31,"SF61745",4.75,"Tasa objetivo Banco de México"
2016-11-01,"SF61745",4.75,"Tasa objetivo Banco de México"
2016-11-02,"SF61745",4.75,"Tasa objetivo Banco de México"
2016-11-03,"SF61745",4.75,"Tasa objetivo Banco de México"
2016-11-04,"SF61745",4.75,"Tasa objetivo Banco de México"
2016-11-05,"SF61745",4.75,"Tasa objetivo Banco de México"
2016-11-06,"SF61745",4.75,"Tasa objetivo Banco de México"
2016-11-07,"SF61745",4.75,"Tasa objetivo Banco de México"
2016-11-08,"SF61745",4.75,"Tasa objetivo Banco de México"
2016-11-09,"SF61745",4.75,"Tasa objetivo Banco de México"
2016-11-10,"SF61745",4.75,"Tasa objetivo Banco de México"
2016-11-11,"SF61745",4.75,"Tasa objetivo Banco de México"
2016-11-12,"SF61745",4.75,"Tasa objetivo Banco de México"
2016-11-13,"SF61745",4.75,"Tasa objetivo Banco de México"
2016-11-14,"SF61745",4.75,"Tasa objetivo Banco de México"
2016-11-15,"SF61745",4.75,"Tasa objetivo Banco de México"
2016-11-16,"SF61745",4.75,"Tasa objetivo Banco de México"
2016-11-17,"SF61745",5.25,"Tasa objetivo Banco de México"
2016-11-18,"SF61745",5.25,"Tasa objetivo Banco de México"
2016-11-19,"SF61745",5.25,"Tasa objetivo Banco de México"
2016-11-20,"SF61745",5.25,"Tasa objetivo Banco de México"
2016-11-21,"SF61745",5.25,"Tasa objetivo Banco de México"
2016-11-22,"SF61745",5.25,"Tasa objetivo Banco de México"
2016-11-23,"SF61745",5.25,"Tasa objetivo Banco de México"
2016-11-24,"SF61745",5.25,"Tasa objetivo Banco de México"
2016-11-25,"SF61745",5.25,"Tasa objetivo Banco de México"
2016-11-26,"SF61745",5.25,"Tasa objetivo Banco de México"
2016-11-27,"SF61745",5.25,"Tasa objetivo Banco de México"
2016-11-28,"SF61745",5.25,"Tasa objetivo Banco de México"
2016-11-29,"SF61745",5.25,"Tasa objetivo Banco de México"
2016-11-30,"SF61745",5.25,"Tasa objetivo Banco de México"
2016-12-01,"SF61745",5.25,"Tasa objetivo Banco de México"
2016-12-02,"SF61745",5.25,"Tasa objetivo Banco de México"
2016-12-03,"SF61745",5.25,"Tasa objetivo Banco de México"
2016-12-04,"SF61745",5.25,"Tasa objetivo Banco de México"
2016-12-05,"SF61745",5.25,"Tasa objetivo Banco de México"
2016-12-06,"SF61745",5.25,"Tasa objetivo Banco de México"
2016-12-07,"SF61745",5.25,"Tasa objetivo Banco de México"
2016-12-08,"SF61745",5.25,"Tasa objetivo Banco de México"
2016-12-09,"SF61745",5.25,"Tasa objetivo Banco de México"
2016-12-10,"SF61745",5.25,"Tasa objetivo Banco de México"
2016-12-11,"SF61745",5.25,"Tasa objetivo Banco de México"
2016-12-12,"SF61745",5.25,"Tasa objetivo Banco de México"
2016-12-13,"SF61745",5.25,"Tasa objetivo Banco de México"
2016-12-14,"SF61745",5.25,"Tasa objetivo Banco de México"
2016-12-15,"SF61745",5.75,"Tasa objetivo Banco de México"
2016-12-16,"SF61745",5.75,"Tasa objetivo Banco de México"
2016-12-17,"SF61745",5.75,"Tasa objetivo Banco de México"
2016-12-18,"SF61745",5.75,"Tasa objetivo Banco de México"
2016-12-19,"SF61745",5.75,"Tasa objetivo Banco de México"
2016-12-20,"SF61745",5.75,"Tasa objetivo Banco de México"
2016-12-21,"SF61745",5.75,"Tasa objetivo Banco de México"
2016-12-22,"SF61745",5.75,"Tasa objetivo Banco de México"
2016-12-23,"SF61745",5.75,"Tasa objetivo Banco de México"
2016-12-24,"SF61745",5.75,"Tasa objetivo Banco de México"
2016-12-25,"SF61745",5.75,"Tasa objetivo Banco de México"
2016-12-26,"SF61745",5.75,"Tasa objetivo Banco de México"
2016-12-27,"SF61745",5.75,"Tasa objetivo Banco de México"
2016-12-28,"SF61745",5.75,"Tasa objetivo Banco de México"
2016-12-29,"SF61745",5.75,"Tasa objetivo Banco de México"
2016-12-30,"SF61745",5.75,"Tasa objetivo Banco de México"
2016-12-31,"SF61745",5.75,"Tasa objetivo Banco de México"
2017-01-01,"SF61745",5.75,"Tasa objetivo Banco de México"
2017-01-02,"SF61745",5.75,"Tasa objetivo Banco de México"
2017-01-03,"SF61745",5.75,"Tasa objetivo Banco de México"
2017-01-04,"SF61745",5.75,"Tasa objetivo Banco de México"
2017-01-05,"SF61745",5.75,"Tasa objetivo Banco de México"
2017-01-06,"SF61745",5.75,"Tasa objetivo Banco de México"
2017-01-07,"SF61745",5.75,"Tasa objetivo Banco de México"
2017-01-08,"SF61745",5.75,"Tasa objetivo Banco de México"
2017-01-09,"SF61745",5.75,"Tasa objetivo Banco de México"
2017-01-10,"SF61745",5.75,"Tasa objetivo Banco de México"
2017-01-11,"SF61745",5.75,"Tasa objetivo Banco de México"
2017-01-12,"SF61745",5.75,"Tasa objetivo Banco de México"
2017-01-13,"SF61745",5.75,"Tasa objetivo Banco de México"
2017-01-14,"SF61745",5.75,"Tasa objetivo Banco de México"
2017-01-15,"SF61745",5.75,"Tasa objetivo Banco de México"
2017-01-16,"SF61745",5.75,"Tasa objetivo Banco de México"
2017-01-17,"SF61745",5.75,"Tasa objetivo Banco de México"
2017-01-18,"SF61745",5.75,"Tasa objetivo Banco de México"
2017-01-19,"SF61745",5.75,"Tasa objetivo Banco de México"
2017-01-20,"SF61745",5.75,"Tasa objetivo Banco de México"
2017-01-21,"SF61745",5.75,"Tasa objetivo Banco de México"
2017-01-22,"SF61745",5.75,"Tasa objetivo Banco de México"
2017-01-23,"SF61745",5.75,"Tasa objetivo Banco de México"
2017-01-24,"SF61745",5.75,"Tasa objetivo Banco de México"
2017-01-25,"SF61745",5.75,"Tasa objetivo Banco de México"
2017-01-26,"SF61745",5.75,"Tasa objetivo Banco de México"
2017-01-27,"SF61745",5.75,"Tasa objetivo Banco de México"
2017-01-28,"SF61745",5.75,"Tasa objetivo Banco de México"
2017-01-29,"SF61745",5.75,"Tasa objetivo Banco de México"
2017-01-30,"SF61745",5.75,"Tasa objetivo Banco de México"
2017-01-31,"SF61745",5.75,"Tasa objetivo Banco de México"
2017-02-01,"SF61745",5.75,"Tasa objetivo Banco de México"
2017-02-02,"SF61745",5.75,"Tasa objetivo Banco de México"
2017-02-03,"SF61745",5.75,"Tasa objetivo Banco de México"
2017-02-04,"SF61745",5.75,"Tasa objetivo Banco de México"
2017-02-05,"SF61745",5.75,"Tasa objetivo Banco de México"
2017-02-06,"SF61745",5.75,"Tasa objetivo Banco de México"
2017-02-07,"SF61745",5.75,"Tasa objetivo Banco de México"
2017-02-08,"SF61745",5.75,"Tasa objetivo Banco de México"
2017-02-09,"SF61745",6.25,"Tasa objetivo Banco de México"
2017-02-10,"SF61745",6.25,"Tasa objetivo Banco de México"
2017-02-11,"SF61745",6.25,"Tasa objetivo Banco de México"
2017-02-12,"SF61745",6.25,"Tasa objetivo Banco de México"
2017-02-13,"SF61745",6.25,"Tasa objetivo Banco de México"
2017-02-14,"SF61745",6.25,"Tasa objetivo Banco de México"
2017-02-15,"SF61745",6.25,"Tasa objetivo Banco de México"
2017-02-16,"SF61745",6.25,"Tasa objetivo Banco de México"
2017-02-17,"SF61745",6.25,"Tasa objetivo Banco de México"
2017-02-18,"SF61745",6.25,"Tasa objetivo Banco de México"
2017-02-19,"SF61745",6.25,"Tasa objetivo Banco de México"
2017-02-20,"SF61745",6.25,"Tasa objetivo Banco de México"
2017-02-21,"SF61745",6.25,"Tasa objetivo Banco de México"
2017-02-22,"SF61745",6.25,"Tasa objetivo Banco de México"
2017-02-23,"SF61745",6.25,"Tasa objetivo Banco de México"
2017-02-24,"SF61745",6.25,"Tasa objetivo Banco de México"
2017-02-25,"SF61745",6.25,"Tasa objetivo Banco de México"
2017-02-26,"SF61745",6.25,"Tasa objetivo Banco de México"
2017-02-27,"SF61745",6.25,"Tasa objetivo Banco de México"
2017-02-28,"SF61745",6.25,"Tasa objetivo Banco de México"
2017-03-01,"SF61745",6.25,"Tasa objetivo Banco de México"
2017-03-02,"SF61745",6.25,"Tasa objetivo Banco de México"
2017-03-03,"SF61745",6.25,"Tasa objetivo Banco de México"
2017-03-04,"SF61745",6.25,"Tasa objetivo Banco de México"
2017-03-05,"SF61745",6.25,"Tasa objetivo Banco de México"
2017-03-06,"SF61745",6.25,"Tasa objetivo Banco de México"
2017-03-07,"SF61745",6.25,"Tasa objetivo Banco de México"
2017-03-08,"SF61745",6.25,"Tasa objetivo Banco de México"
2017-03-09,"SF61745",6.25,"Tasa objetivo Banco de México"
2017-03-10,"SF61745",6.25,"Tasa objetivo Banco de México"
2017-03-11,"SF61745",6.25,"Tasa objetivo Banco de México"
2017-03-12,"SF61745",6.25,"Tasa objetivo Banco de México"
2017-03-13,"SF61745",6.25,"Tasa objetivo Banco de México"
2017-03-14,"SF61745",6.25,"Tasa objetivo Banco de México"
2017-03-15,"SF61745",6.25,"Tasa objetivo Banco de México"
2017-03-16,"SF61745",6.25,"Tasa objetivo Banco de México"
2017-03-17,"SF61745",6.25,"Tasa objetivo Banco de México"
2017-03-18,"SF61745",6.25,"Tasa objetivo Banco de México"
2017-03-19,"SF61745",6.25,"Tasa objetivo Banco de México"
2017-03-20,"SF61745",6.25,"Tasa objetivo Banco de México"
2017-03-21,"SF61745",6.25,"Tasa objetivo Banco de México"
2017-03-22,"SF61745",6.25,"Tasa objetivo Banco de México"
2017-03-23,"SF61745",6.25,"Tasa objetivo Banco de México"
2017-03-24,"SF61745",6.25,"Tasa objetivo Banco de México"
2017-03-25,"SF61745",6.25,"Tasa objetivo Banco de México"
2017-03-26,"SF61745",6.25,"Tasa objetivo Banco de México"
2017-03-27,"SF61745",6.25,"Tasa objetivo Banco de México"
2017-03-28,"SF61745",6.25,"Tasa objetivo Banco de México"
2017-03-29,"SF61745",6.25,"Tasa objetivo Banco de México"
2017-03-30,"SF61745",6.5,"Tasa objetivo Banco de México"
2017-03-31,"SF61745",6.5,"Tasa objetivo Banco de México"
2017-04-01,"SF61745",6.5,"Tasa objetivo Banco de México"
2017-04-02,"SF61745",6.5,"Tasa objetivo Banco de México"
2017-04-03,"SF61745",6.5,"Tasa objetivo Banco de México"
2017-04-04,"SF61745",6.5,"Tasa objetivo Banco de México"
2017-04-05,"SF61745",6.5,"Tasa objetivo Banco de México"
2017-04-06,"SF61745",6.5,"Tasa objetivo Banco de México"
2017-04-07,"SF61745",6.5,"Tasa objetivo Banco de México"
2017-04-08,"SF61745",6.5,"Tasa objetivo Banco de México"
2017-04-09,"SF61745",6.5,"Tasa objetivo Banco de México"
2017-04-10,"SF61745",6.5,"Tasa objetivo Banco de México"
2017-04-11,"SF61745",6.5,"Tasa objetivo Banco de México"
2017-04-12,"SF61745",6.5,"Tasa objetivo Banco de México"
2017-04-13,"SF61745",6.5,"Tasa objetivo Banco de México"
2017-04-14,"SF61745",6.5,"Tasa objetivo Banco de México"
2017-04-15,"SF61745",6.5,"Tasa objetivo Banco de México"
2017-04-16,"SF61745",6.5,"Tasa objetivo Banco de México"
2017-04-17,"SF61745",6.5,"Tasa objetivo Banco de México"
2017-04-18,"SF61745",6.5,"Tasa objetivo Banco de México"
2017-04-19,"SF61745",6.5,"Tasa objetivo Banco de México"
2017-04-20,"SF61745",6.5,"Tasa objetivo Banco de México"
2017-04-21,"SF61745",6.5,"Tasa objetivo Banco de México"
2017-04-22,"SF61745",6.5,"Tasa objetivo Banco de México"
2017-04-23,"SF61745",6.5,"Tasa objetivo Banco de México"
2017-04-24,"SF61745",6.5,"Tasa objetivo Banco de México"
2017-04-25,"SF61745",6.5,"Tasa objetivo Banco de México"
2017-04-26,"SF61745",6.5,"Tasa objetivo Banco de México"
2017-04-27,"SF61745",6.5,"Tasa objetivo Banco de México"
2017-04-28,"SF61745",6.5,"Tasa objetivo Banco de México"
2017-04-29,"SF61745",6.5,"Tasa objetivo Banco de México"
2017-04-30,"SF61745",6.5,"Tasa objetivo Banco de México"
2017-05-01,"SF61745",6.5,"Tasa objetivo Banco de México"
2017-05-02,"SF61745",6.5,"Tasa objetivo Banco de México"
2017-05-03,"SF61745",6.5,"Tasa objetivo Banco de México"
2017-05-04,"SF61745",6.5,"Tasa objetivo Banco de México"
2017-05-05,"SF61745",6.5,"Tasa objetivo Banco de México"
2017-05-06,"SF61745",6.5,"Tasa objetivo Banco de México"
2017-05-07,"SF61745",6.5,"Tasa objetivo Banco de México"
2017-05-08,"SF61745",6.5,"Tasa objetivo Banco de México"
2017-05-09,"SF61745",6.5,"Tasa objetivo Banco de México"
2017-05-10,"SF61745",6.5,"Tasa objetivo Banco de México"
2017-05-11,"SF61745",6.5,"Tasa objetivo Banco de México"
2017-05-12,"SF61745",6.5,"Tasa objetivo Banco de México"
2017-05-13,"SF61745",6.5,"Tasa objetivo Banco de México"
2017-05-14,"SF61745",6.5,"Tasa objetivo Banco de México"
2017-05-15,"SF61745",6.5,"Tasa objetivo Banco de México"
2017-05-16,"SF61745",6.5,"Tasa objetivo Banco de México"
2017-05-17,"SF61745",6.5,"Tasa objetivo Banco de México"
2017-05-18,"SF61745",6.75,"Tasa objetivo Banco de México"
2017-05-19,"SF61745",6.75,"Tasa objetivo Banco de México"
2017-05-20,"SF61745",6.75,"Tasa objetivo Banco de México"
2017-05-21,"SF61745",6.75,"Tasa objetivo Banco de México"
2017-05-22,"SF61745",6.75,"Tasa objetivo Banco de México"
2017-05-23,"SF61745",6.75,"Tasa objetivo Banco de México"
2017-05-24,"SF61745",6.75,"Tasa objetivo Banco de México"
2017-05-25,"SF61745",6.75,"Tasa objetivo Banco de México"
2017-05-26,"SF61745",6.75,"Tasa objetivo Banco de México"
2017-05-27,"SF61745",6.75,"Tasa objetivo Banco de México"
2017-05-28,"SF61745",6.75,"Tasa objetivo Banco de México"
2017-05-29,"SF61745",6.75,"Tasa objetivo Banco de México"
2017-05-30,"SF61745",6.75,"Tasa objetivo Banco de México"
2017-05-31,"SF61745",6.75,"Tasa objetivo Banco de México"
2017-06-01,"SF61745",6.75,"Tasa objetivo Banco de México"
2017-06-02,"SF61745",6.75,"Tasa objetivo Banco de México"
2017-06-03,"SF61745",6.75,"Tasa objetivo Banco de México"
2017-06-04,"SF61745",6.75,"Tasa objetivo Banco de México"
2017-06-05,"SF61745",6.75,"Tasa objetivo Banco de México"
2017-06-06,"SF61745",6.75,"Tasa objetivo Banco de México"
2017-06-07,"SF61745",6.75,"Tasa objetivo Banco de México"
2017-06-08,"SF61745",6.75,"Tasa objetivo Banco de México"
2017-06-09,"SF61745",6.75,"Tasa objetivo Banco de México"
2017-06-10,"SF61745",6.75,"Tasa objetivo Banco de México"
2017-06-11,"SF61745",6.75,"Tasa objetivo Banco de México"
2017-06-12,"SF61745",6.75,"Tasa objetivo Banco de México"
2017-06-13,"SF61745",6.75,"Tasa objetivo Banco de México"
2017-06-14,"SF61745",6.75,"Tasa objetivo Banco de México"
2017-06-15,"SF61745",6.75,"Tasa objetivo Banco de México"
2017-06-16,"SF61745",6.75,"Tasa objetivo Banco de México"
2017-06-17,"SF61745",6.75,"Tasa objetivo Banco de México"
2017-06-18,"SF61745",6.75,"Tasa objetivo Banco de México"
2017-06-19,"SF61745",6.75,"Tasa objetivo Banco de México"
2017-06-20,"SF61745",6.75,"Tasa objetivo Banco de México"
2017-06-21,"SF61745",6.75,"Tasa objetivo Banco de México"
2017-06-22,"SF61745",7,"Tasa objetivo Banco de México"
2017-06-23,"SF61745",7,"Tasa objetivo Banco de México"
2017-06-24,"SF61745",7,"Tasa objetivo Banco de México"
2017-06-25,"SF61745",7,"Tasa objetivo Banco de México"
2017-06-26,"SF61745",7,"Tasa objetivo Banco de México"
2017-06-27,"SF61745",7,"Tasa objetivo Banco de México"
2017-06-28,"SF61745",7,"Tasa objetivo Banco de México"
2017-06-29,"SF61745",7,"Tasa objetivo Banco de México"
2017-06-30,"SF61745",7,"Tasa objetivo Banco de México"
2017-07-01,"SF61745",7,"Tasa objetivo Banco de México"
2017-07-02,"SF61745",7,"Tasa objetivo Banco de México"
2017-07-03,"SF61745",7,"Tasa objetivo Banco de México"
2017-07-04,"SF61745",7,"Tasa objetivo Banco de México"
2017-07-05,"SF61745",7,"Tasa objetivo Banco de México"
2017-07-06,"SF61745",7,"Tasa objetivo Banco de México"
2017-07-07,"SF61745",7,"Tasa objetivo Banco de México"
2017-07-08,"SF61745",7,"Tasa objetivo Banco de México"
2017-07-09,"SF61745",7,"Tasa objetivo Banco de México"
2017-07-10,"SF61745",7,"Tasa objetivo Banco de México"
2017-07-11,"SF61745",7,"Tasa objetivo Banco de México"
2017-07-12,"SF61745",7,"Tasa objetivo Banco de México"
2017-07-13,"SF61745",7,"Tasa objetivo Banco de México"
2017-07-14,"SF61745",7,"Tasa objetivo Banco de México"
2017-07-15,"SF61745",7,"Tasa objetivo Banco de México"
2017-07-16,"SF61745",7,"Tasa objetivo Banco de México"
2017-07-17,"SF61745",7,"Tasa objetivo Banco de México"
2017-07-18,"SF61745",7,"Tasa objetivo Banco de México"
2017-07-19,"SF61745",7,"Tasa objetivo Banco de México"
2017-07-20,"SF61745",7,"Tasa objetivo Banco de México"
2017-07-21,"SF61745",7,"Tasa objetivo Banco de México"
2017-07-22,"SF61745",7,"Tasa objetivo Banco de México"
2017-07-23,"SF61745",7,"Tasa objetivo Banco de México"
2017-07-24,"SF61745",7,"Tasa objetivo Banco de México"
2017-07-25,"SF61745",7,"Tasa objetivo Banco de México"
2017-07-26,"SF61745",7,"Tasa objetivo Banco de México"
2017-07-27,"SF61745",7,"Tasa objetivo Banco de México"
2017-07-28,"SF61745",7,"Tasa objetivo Banco de México"
2017-07-29,"SF61745",7,"Tasa objetivo Banco de México"
2017-07-30,"SF61745",7,"Tasa objetivo Banco de México"
2017-07-31,"SF61745",7,"Tasa objetivo Banco de México"
2017-08-01,"SF61745",7,"Tasa objetivo Banco de México"
2017-08-02,"SF61745",7,"Tasa objetivo Banco de México"
2017-08-03,"SF61745",7,"Tasa objetivo Banco de México"
2017-08-04,"SF61745",7,"Tasa objetivo Banco de México"
2017-08-05,"SF61745",7,"Tasa objetivo Banco de México"
2017-08-06,"SF61745",7,"Tasa objetivo Banco de México"
2017-08-07,"SF61745",7,"Tasa objetivo Banco de México"
2017-08-08,"SF61745",7,"Tasa objetivo Banco de México"
2017-08-09,"SF61745",7,"Tasa objetivo Banco de México"
2017-08-10,"SF61745",7,"Tasa objetivo Banco de México"
2017-08-11,"SF61745",7,"Tasa objetivo Banco de México"
2017-08-12,"SF61745",7,"Tasa objetivo Banco de México"
2017-08-13,"SF61745",7,"Tasa objetivo Banco de México"
2017-08-14,"SF61745",7,"Tasa objetivo Banco de México"
2017-08-15,"SF61745",7,"Tasa objetivo Banco de México"
2017-08-16,"SF61745",7,"Tasa objetivo Banco de México"
2017-08-17,"SF61745",7,"Tasa objetivo Banco de México"
2017-08-18,"SF61745",7,"Tasa objetivo Banco de México"
2017-08-19,"SF61745",7,"Tasa objetivo Banco de México"
2017-08-20,"SF61745",7,"Tasa objetivo Banco de México"
2017-08-21,"SF61745",7,"Tasa objetivo Banco de México"
2017-08-22,"SF61745",7,"Tasa objetivo Banco de México"
2017-08-23,"SF61745",7,"Tasa objetivo Banco de México"
2017-08-24,"SF61745",7,"Tasa objetivo Banco de México"
2017-08-25,"SF61745",7,"Tasa objetivo Banco de México"
2017-08-26,"SF61745",7,"Tasa objetivo Banco de México"
2017-08-27,"SF61745",7,"Tasa objetivo Banco de México"
2017-08-28,"SF61745",7,"Tasa objetivo Banco de México"
2017-08-29,"SF61745",7,"Tasa objetivo Banco de México"
2017-08-30,"SF61745",7,"Tasa objetivo Banco de México"
2017-08-31,"SF61745",7,"Tasa objetivo Banco de México"
2017-09-01,"SF61745",7,"Tasa objetivo Banco de México"
2017-09-02,"SF61745",7,"Tasa objetivo Banco de México"
2017-09-03,"SF61745",7,"Tasa objetivo Banco de México"
2017-09-04,"SF61745",7,"Tasa objetivo Banco de México"
2017-09-05,"SF61745",7,"Tasa objetivo Banco de México"
2017-09-06,"SF61745",7,"Tasa objetivo Banco de México"
2017-09-07,"SF61745",7,"Tasa objetivo Banco de México"
2017-09-08,"SF61745",7,"Tasa objetivo Banco de México"
2017-09-09,"SF61745",7,"Tasa objetivo Banco de México"
2017-09-10,"SF61745",7,"Tasa objetivo Banco de México"
2017-09-11,"SF61745",7,"Tasa objetivo Banco de México"
2017-09-12,"SF61745",7,"Tasa objetivo Banco de México"
2017-09-13,"SF61745",7,"Tasa objetivo Banco de México"
2017-09-14,"SF61745",7,"Tasa objetivo Banco de México"
2017-09-15,"SF61745",7,"Tasa objetivo Banco de México"
2017-09-16,"SF61745",7,"Tasa objetivo Banco de México"
2017-09-17,"SF61745",7,"Tasa objetivo Banco de México"
2017-09-18,"SF61745",7,"Tasa objetivo Banco de México"
2017-09-19,"SF61745",7,"Tasa objetivo Banco de México"
2017-09-20,"SF61745",7,"Tasa objetivo Banco de México"
2017-09-21,"SF61745",7,"Tasa objetivo Banco de México"
2017-09-22,"SF61745",7,"Tasa objetivo Banco de México"
2017-09-23,"SF61745",7,"Tasa objetivo Banco de México"
2017-09-24,"SF61745",7,"Tasa objetivo Banco de México"
2017-09-25,"SF61745",7,"Tasa objetivo Banco de México"
2017-09-26,"SF61745",7,"Tasa objetivo Banco de México"
2017-09-27,"SF61745",7,"Tasa objetivo Banco de México"
2017-09-28,"SF61745",7,"Tasa objetivo Banco de México"
2017-09-29,"SF61745",7,"Tasa objetivo Banco de México"
2017-09-30,"SF61745",7,"Tasa objetivo Banco de México"
2017-10-01,"SF61745",7,"Tasa objetivo Banco de México"
2017-10-02,"SF61745",7,"Tasa objetivo Banco de México"
2017-10-03,"SF61745",7,"Tasa objetivo Banco de México"
2017-10-04,"SF61745",7,"Tasa objetivo Banco de México"
2017-10-05,"SF61745",7,"Tasa objetivo Banco de México"
2017-10-06,"SF61745",7,"Tasa objetivo Banco de México"
2017-10-07,"SF61745",7,"Tasa objetivo Banco de México"
2017-10-08,"SF61745",7,"Tasa objetivo Banco de México"
2017-10-09,"SF61745",7,"Tasa objetivo Banco de México"
2017-10-10,"SF61745",7,"Tasa objetivo Banco de México"
2017-10-11,"SF61745",7,"Tasa objetivo Banco de México"
2017-10-12,"SF61745",7,"Tasa objetivo Banco de México"
2017-10-13,"SF61745",7,"Tasa objetivo Banco de México"
2017-10-14,"SF61745",7,"Tasa objetivo Banco de México"
2017-10-15,"SF61745",7,"Tasa objetivo Banco de México"
2017-10-16,"SF61745",7,"Tasa objetivo Banco de México"
2017-10-17,"SF61745",7,"Tasa objetivo Banco de México"
2017-10-18,"SF61745",7,"Tasa objetivo Banco de México"
2017-10-19,"SF61745",7,"Tasa objetivo Banco de México"
2017-10-20,"SF61745",7,"Tasa objetivo Banco de México"
2017-10-21,"SF61745",7,"Tasa objetivo Banco de México"
2017-10-22,"SF61745",7,"Tasa objetivo Banco de México"
2017-10-23,"SF61745",7,"Tasa objetivo Banco de México"
2017-10-24,"SF61745",7,"Tasa objetivo Banco de México"
2017-10-25,"SF61745",7,"Tasa objetivo Banco de México"
2017-10-26,"SF61745",7,"Tasa objetivo Banco de México"
2017-10-27,"SF61745",7,"Tasa objetivo Banco de México"
2017-10-28,"SF61745",7,"Tasa objetivo Banco de México"
2017-10-29,"SF61745",7,"Tasa objetivo Banco de México"
2017-10-30,"SF61745",7,"Tasa objetivo Banco de México"
2017-10-31,"SF61745",7,"Tasa objetivo Banco de México"
2017-11-01,"SF61745",7,"Tasa objetivo Banco de México"
2017-11-02,"SF61745",7,"Tasa objetivo Banco de México"
2017-11-03,"SF61745",7,"Tasa objetivo Banco de México"
2017-11-04,"SF61745",7,"Tasa objetivo Banco de México"
2017-11-05,"SF61745",7,"Tasa objetivo Banco de México"
2017-11-06,"SF61745",7,"Tasa objetivo Banco de México"
2017-11-07,"SF61745",7,"Tasa objetivo Banco de México"
2017-11-08,"SF61745",7,"Tasa objetivo Banco de México"
2017-11-09,"SF61745",7,"Tasa objetivo Banco de México"
2017-11-10,"SF61745",7,"Tasa objetivo Banco de México"
2017-11-11,"SF61745",7,"Tasa objetivo Banco de México"
2017-11-12,"SF61745",7,"Tasa objetivo Banco de México"
2017-11-13,"SF61745",7,"Tasa objetivo Banco de México"
2017-11-14,"SF61745",7,"Tasa objetivo Banco de México"
2017-11-15,"SF61745",7,"Tasa objetivo Banco de México"
2017-11-16,"SF61745",7,"Tasa objetivo Banco de México"
2017-11-17,"SF61745",7,"Tasa objetivo Banco de México"
2017-11-18,"SF61745",7,"Tasa objetivo Banco de México"
2017-11-19,"SF61745",7,"Tasa objetivo Banco de México"
2017-11-20,"SF61745",7,"Tasa objetivo Banco de México"
2017-11-21,"SF61745",7,"Tasa objetivo Banco de México"
2017-11-22,"SF61745",7,"Tasa objetivo Banco de México"
2017-11-23,"SF61745",7,"Tasa objetivo Banco de México"
2017-11-24,"SF61745",7,"Tasa objetivo Banco de México"
2017-11-25,"SF61745",7,"Tasa objetivo Banco de México"
2017-11-26,"SF61745",7,"Tasa objetivo Banco de México"
2017-11-27,"SF61745",7,"Tasa objetivo Banco de México"
2017-11-28,"SF61745",7,"Tasa objetivo Banco de México"
2017-11-29,"SF61745",7,"Tasa objetivo Banco de México"
2017-11-30,"SF61745",7,"Tasa objetivo Banco de México"
2017-12-01,"SF61745",7,"Tasa objetivo Banco de México"
2017-12-02,"SF61745",7,"Tasa objetivo Banco de México"
2017-12-03,"SF61745",7,"Tasa objetivo Banco de México"
2017-12-04,"SF61745",7,"Tasa objetivo Banco de México"
2017-12-05,"SF61745",7,"Tasa objetivo Banco de México"
2017-12-06,"SF61745",7,"Tasa objetivo Banco de México"
2017-12-07,"SF61745",7,"Tasa objetivo Banco de México"
2017-12-08,"SF61745",7,"Tasa objetivo Banco de México"
2017-12-09,"SF61745",7,"Tasa objetivo Banco de México"
2017-12-10,"SF61745",7,"Tasa objetivo Banco de México"
2017-12-11,"SF61745",7,"Tasa objetivo Banco de México"
2017-12-12,"SF61745",7,"Tasa objetivo Banco de México"
2017-12-13,"SF61745",7,"Tasa objetivo Banco de México"
2017-12-14,"SF61745",7.25,"Tasa objetivo Banco de México"
2017-12-15,"SF61745",7.25,"Tasa objetivo Banco de México"
2017-12-16,"SF61745",7.25,"Tasa objetivo Banco de México"
2017-12-17,"SF61745",7.25,"Tasa objetivo Banco de México"
2017-12-18,"SF61745",7.25,"Tasa objetivo Banco de México"
2017-12-19,"SF61745",7.25,"Tasa objetivo Banco de México"
2017-12-20,"SF61745",7.25,"Tasa objetivo Banco de México"
2017-12-21,"SF61745",7.25,"Tasa objetivo Banco de México"
2017-12-22,"SF61745",7.25,"Tasa objetivo Banco de México"
2017-12-23,"SF61745",7.25,"Tasa objetivo Banco de México"
2017-12-24,"SF61745",7.25,"Tasa objetivo Banco de México"
2017-12-25,"SF61745",7.25,"Tasa objetivo Banco de México"
2017-12-26,"SF61745",7.25,"Tasa objetivo Banco de México"
2017-12-27,"SF61745",7.25,"Tasa objetivo Banco de México"
2017-12-28,"SF61745",7.25,"Tasa objetivo Banco de México"
2017-12-29,"SF61745",7.25,"Tasa objetivo Banco de México"
2017-12-30,"SF61745",7.25,"Tasa objetivo Banco de México"
2017-12-31,"SF61745",7.25,"Tasa objetivo Banco de México"
2018-01-01,"SF61745",7.25,"Tasa objetivo Banco de México"
2018-01-02,"SF61745",7.25,"Tasa objetivo Banco de México"
2018-01-03,"SF61745",7.25,"Tasa objetivo Banco de México"
2018-01-04,"SF61745",7.25,"Tasa objetivo Banco de México"
2018-01-05,"SF61745",7.25,"Tasa objetivo Banco de México"
2018-01-06,"SF61745",7.25,"Tasa objetivo Banco de México"
2018-01-07,"SF61745",7.25,"Tasa objetivo Banco de México"
2018-01-08,"SF61745",7.25,"Tasa objetivo Banco de México"
2018-01-09,"SF61745",7.25,"Tasa objetivo Banco de México"
2018-01-10,"SF61745",7.25,"Tasa objetivo Banco de México"
2018-01-11,"SF61745",7.25,"Tasa objetivo Banco de México"
2018-01-12,"SF61745",7.25,"Tasa objetivo Banco de México"
2018-01-13,"SF61745",7.25,"Tasa objetivo Banco de México"
2018-01-14,"SF61745",7.25,"Tasa objetivo Banco de México"
2018-01-15,"SF61745",7.25,"Tasa objetivo Banco de México"
2018-01-16,"SF61745",7.25,"Tasa objetivo Banco de México"
2018-01-17,"SF61745",7.25,"Tasa objetivo Banco de México"
2018-01-18,"SF61745",7.25,"Tasa objetivo Banco de México"
2018-01-19,"SF61745",7.25,"Tasa objetivo Banco de México"
2018-01-20,"SF61745",7.25,"Tasa objetivo Banco de México"
2018-01-21,"SF61745",7.25,"Tasa objetivo Banco de México"
2018-01-22,"SF61745",7.25,"Tasa objetivo Banco de México"
2018-01-23,"SF61745",7.25,"Tasa objetivo Banco de México"
2018-01-24,"SF61745",7.25,"Tasa objetivo Banco de México"
2018-01-25,"SF61745",7.25,"Tasa objetivo Banco de México"
2018-01-26,"SF61745",7.25,"Tasa objetivo Banco de México"
2018-01-27,"SF61745",7.25,"Tasa objetivo Banco de México"
2018-01-28,"SF61745",7.25,"Tasa objetivo Banco de México"
2018-01-29,"SF61745",7.25,"Tasa objetivo Banco de México"
2018-01-30,"SF61745",7.25,"Tasa objetivo Banco de México"
2018-01-31,"SF61745",7.25,"Tasa objetivo Banco de México"
2018-02-01,"SF61745",7.25,"Tasa objetivo Banco de México"
2018-02-02,"SF61745",7.25,"Tasa objetivo Banco de México"
2018-02-03,"SF61745",7.25,"Tasa objetivo Banco de México"
2018-02-04,"SF61745",7.25,"Tasa objetivo Banco de México"
2018-02-05,"SF61745",7.25,"Tasa objetivo Banco de México"
2018-02-06,"SF61745",7.25,"Tasa objetivo Banco de México"
2018-02-07,"SF61745",7.25,"Tasa objetivo Banco de México"
2018-02-08,"SF61745",7.5,"Tasa objetivo Banco de México"
2018-02-09,"SF61745",7.5,"Tasa objetivo Banco de México"
2018-02-10,"SF61745",7.5,"Tasa objetivo Banco de México"
2018-02-11,"SF61745",7.5,"Tasa objetivo Banco de México"
2018-02-12,"SF61745",7.5,"Tasa objetivo Banco de México"
2018-02-13,"SF61745",7.5,"Tasa objetivo Banco de México"
2018-02-14,"SF61745",7.5,"Tasa objetivo Banco de México"
2018-02-15,"SF61745",7.5,"Tasa objetivo Banco de México"
2018-02-16,"SF61745",7.5,"Tasa objetivo Banco de México"
2018-02-17,"SF61745",7.5,"Tasa objetivo Banco de México"
2018-02-18,"SF61745",7.5,"Tasa objetivo Banco de México"
2018-02-19,"SF61745",7.5,"Tasa objetivo Banco de México"
2018-02-20,"SF61745",7.5,"Tasa objetivo Banco de México"
2018-02-21,"SF61745",7.5,"Tasa objetivo Banco de México"
2018-02-22,"SF61745",7.5,"Tasa objetivo Banco de México"
2018-02-23,"SF61745",7.5,"Tasa objetivo Banco de México"
2018-02-24,"SF61745",7.5,"Tasa objetivo Banco de México"
2018-02-25,"SF61745",7.5,"Tasa objetivo Banco de México"
2018-02-26,"SF61745",7.5,"Tasa objetivo Banco de México"
2018-02-27,"SF61745",7.5,"Tasa objetivo Banco de México"
2018-02-28,"SF61745",7.5,"Tasa objetivo Banco de México"
2018-03-01,"SF61745",7.5,"Tasa objetivo Banco de México"
2018-03-02,"SF61745",7.5,"Tasa objetivo Banco de México"
2018-03-03,"SF61745",7.5,"Tasa objetivo Banco de México"
2018-03-04,"SF61745",7.5,"Tasa objetivo Banco de México"
2018-03-05,"SF61745",7.5,"Tasa objetivo Banco de México"
2018-03-06,"SF61745",7.5,"Tasa objetivo Banco de México"
2018-03-07,"SF61745",7.5,"Tasa objetivo Banco de México"
2018-03-08,"SF61745",7.5,"Tasa objetivo Banco de México"
2018-03-09,"SF61745",7.5,"Tasa objetivo Banco de México"
2018-03-10,"SF61745",7.5,"Tasa objetivo Banco de México"
2018-03-11,"SF61745",7.5,"Tasa objetivo Banco de México"
2018-03-12,"SF61745",7.5,"Tasa objetivo Banco de México"
2018-03-13,"SF61745",7.5,"Tasa objetivo Banco de México"
2018-03-14,"SF61745",7.5,"Tasa objetivo Banco de México"
2018-03-15,"SF61745",7.5,"Tasa objetivo Banco de México"
2018-03-16,"SF61745",7.5,"Tasa objetivo Banco de México"
2018-03-17,"SF61745",7.5,"Tasa objetivo Banco de México"
2018-03-18,"SF61745",7.5,"Tasa objetivo Banco de México"
2018-03-19,"SF61745",7.5,"Tasa objetivo Banco de México"
2018-03-20,"SF61745",7.5,"Tasa objetivo Banco de México"
2018-03-21,"SF61745",7.5,"Tasa objetivo Banco de México"
2018-03-22,"SF61745",7.5,"Tasa objetivo Banco de México"
2018-03-23,"SF61745",7.5,"Tasa objetivo Banco de México"
2018-03-24,"SF61745",7.5,"Tasa objetivo Banco de México"
2018-03-25,"SF61745",7.5,"Tasa objetivo Banco de México"
2018-03-26,"SF61745",7.5,"Tasa objetivo Banco de México"
2018-03-27,"SF61745",7.5,"Tasa objetivo Banco de México"
2018-03-28,"SF61745",7.5,"Tasa objetivo Banco de México"
2018-03-29,"SF61745",7.5,"Tasa objetivo Banco de México"
2018-03-30,"SF61745",7.5,"Tasa objetivo Banco de México"
2018-03-31,"SF61745",7.5,"Tasa objetivo Banco de México"
2018-04-01,"SF61745",7.5,"Tasa objetivo Banco de México"
2018-04-02,"SF61745",7.5,"Tasa objetivo Banco de México"
2018-04-03,"SF61745",7.5,"Tasa objetivo Banco de México"
2018-04-04,"SF61745",7.5,"Tasa objetivo Banco de México"
2018-04-05,"SF61745",7.5,"Tasa objetivo Banco de México"
2018-04-06,"SF61745",7.5,"Tasa objetivo Banco de México"
2018-04-07,"SF61745",7.5,"Tasa objetivo Banco de México"
2018-04-08,"SF61745",7.5,"Tasa objetivo Banco de México"
2018-04-09,"SF61745",7.5,"Tasa objetivo Banco de México"
2018-04-10,"SF61745",7.5,"Tasa objetivo Banco de México"
2018-04-11,"SF61745",7.5,"Tasa objetivo Banco de México"
2018-04-12,"SF61745",7.5,"Tasa objetivo Banco de México"
2018-04-13,"SF61745",7.5,"Tasa objetivo Banco de México"
2018-04-14,"SF61745",7.5,"Tasa objetivo Banco de México"
2018-04-15,"SF61745",7.5,"Tasa objetivo Banco de México"
2018-04-16,"SF61745",7.5,"Tasa objetivo Banco de México"
2018-04-17,"SF61745",7.5,"Tasa objetivo Banco de México"
2018-04-18,"SF61745",7.5,"Tasa objetivo Banco de México"
2018-04-19,"SF61745",7.5,"Tasa objetivo Banco de México"
2018-04-20,"SF61745",7.5,"Tasa objetivo Banco de México"
2018-04-21,"SF61745",7.5,"Tasa objetivo Banco de México"
2018-04-22,"SF61745",7.5,"Tasa objetivo Banco de México"
2018-04-23,"SF61745",7.5,"Tasa objetivo Banco de México"
2018-04-24,"SF61745",7.5,"Tasa objetivo Banco de México"
2018-04-25,"SF61745",7.5,"Tasa objetivo Banco de México"
2018-04-26,"SF61745",7.5,"Tasa objetivo Banco de México"
2018-04-27,"SF61745",7.5,"Tasa objetivo Banco de México"
2018-04-28,"SF61745",7.5,"Tasa objetivo Banco de México"
2018-04-29,"SF61745",7.5,"Tasa objetivo Banco de México"
2018-04-30,"SF61745",7.5,"Tasa objetivo Banco de México"
2018-05-01,"SF61745",7.5,"Tasa objetivo Banco de México"
2018-05-02,"SF61745",7.5,"Tasa objetivo Banco de México"
2018-05-03,"SF61745",7.5,"Tasa objetivo Banco de México"
2018-05-04,"SF61745",7.5,"Tasa objetivo Banco de México"
2018-05-05,"SF61745",7.5,"Tasa objetivo Banco de México"
2018-05-06,"SF61745",7.5,"Tasa objetivo Banco de México"
2018-05-07,"SF61745",7.5,"Tasa objetivo Banco de México"
2018-05-08,"SF61745",7.5,"Tasa objetivo Banco de México"
2018-05-09,"SF61745",7.5,"Tasa objetivo Banco de México"
2018-05-10,"SF61745",7.5,"Tasa objetivo Banco de México"
2018-05-11,"SF61745",7.5,"Tasa objetivo Banco de México"
2018-05-12,"SF61745",7.5,"Tasa objetivo Banco de México"
2018-05-13,"SF61745",7.5,"Tasa objetivo Banco de México"
2018-05-14,"SF61745",7.5,"Tasa objetivo Banco de México"
2018-05-15,"SF61745",7.5,"Tasa objetivo Banco de México"
2018-05-16,"SF61745",7.5,"Tasa objetivo Banco de México"
2018-05-17,"SF61745",7.5,"Tasa objetivo Banco de México"
2018-05-18,"SF61745",7.5,"Tasa objetivo Banco de México"
2018-05-19,"SF61745",7.5,"Tasa objetivo Banco de México"
2018-05-20,"SF61745",7.5,"Tasa objetivo Banco de México"
2018-05-21,"SF61745",7.5,"Tasa objetivo Banco de México"
2018-05-22,"SF61745",7.5,"Tasa objetivo Banco de México"
2018-05-23,"SF61745",7.5,"Tasa objetivo Banco de México"
2018-05-24,"SF61745",7.5,"Tasa objetivo Banco de México"
2018-05-25,"SF61745",7.5,"Tasa objetivo Banco de México"
2018-05-26,"SF61745",7.5,"Tasa objetivo Banco de México"
2018-05-27,"SF61745",7.5,"Tasa objetivo Banco de México"
2018-05-28,"SF61745",7.5,"Tasa objetivo Banco de México"
2018-05-29,"SF61745",7.5,"Tasa objetivo Banco de México"
2018-05-30,"SF61745",7.5,"Tasa objetivo Banco de México"
2018-05-31,"SF61745",7.5,"Tasa objetivo Banco de México"
2018-06-01,"SF61745",7.5,"Tasa objetivo Banco de México"
2018-06-02,"SF61745",7.5,"Tasa objetivo Banco de México"
2018-06-03,"SF61745",7.5,"Tasa objetivo Banco de México"
2018-06-04,"SF61745",7.5,"Tasa objetivo Banco de México"
2018-06-05,"SF61745",7.5,"Tasa objetivo Banco de México"
2018-06-06,"SF61745",7.5,"Tasa objetivo Banco de México"
2018-06-07,"SF61745",7.5,"Tasa objetivo Banco de México"
2018-06-08,"SF61745",7.5,"Tasa objetivo Banco de México"
2018-06-09,"SF61745",7.5,"Tasa objetivo Banco de México"
2018-06-10,"SF61745",7.5,"Tasa objetivo Banco de México"
2018-06-11,"SF61745",7.5,"Tasa objetivo Banco de México"
2018-06-12,"SF61745",7.5,"Tasa objetivo Banco de México"
2018-06-13,"SF61745",7.5,"Tasa objetivo Banco de México"
2018-06-14,"SF61745",7.5,"Tasa objetivo Banco de México"
2018-06-15,"SF61745",7.5,"Tasa objetivo Banco de México"
2018-06-16,"SF61745",7.5,"Tasa objetivo Banco de México"
2018-06-17,"SF61745",7.5,"Tasa objetivo Banco de México"
2018-06-18,"SF61745",7.5,"Tasa objetivo Banco de México"
2018-06-19,"SF61745",7.5,"Tasa objetivo Banco de México"
2018-06-20,"SF61745",7.5,"Tasa objetivo Banco de México"
2018-06-21,"SF61745",7.75,"Tasa objetivo Banco de México"
2018-06-22,"SF61745",7.75,"Tasa objetivo Banco de México"
2018-06-23,"SF61745",7.75,"Tasa objetivo Banco de México"
2018-06-24,"SF61745",7.75,"Tasa objetivo Banco de México"
2018-06-25,"SF61745",7.75,"Tasa objetivo Banco de México"
2018-06-26,"SF61745",7.75,"Tasa objetivo Banco de México"
2018-06-27,"SF61745",7.75,"Tasa objetivo Banco de México"
2018-06-28,"SF61745",7.75,"Tasa objetivo Banco de México"
2018-06-29,"SF61745",7.75,"Tasa objetivo Banco de México"
2018-06-30,"SF61745",7.75,"Tasa objetivo Banco de México"
2018-07-01,"SF61745",7.75,"Tasa objetivo Banco de México"
2018-07-02,"SF61745",7.75,"Tasa objetivo Banco de México"
2018-07-03,"SF61745",7.75,"Tasa objetivo Banco de México"
2018-07-04,"SF61745",7.75,"Tasa objetivo Banco de México"
2018-07-05,"SF61745",7.75,"Tasa objetivo Banco de México"
2018-07-06,"SF61745",7.75,"Tasa objetivo Banco de México"
2018-07-07,"SF61745",7.75,"Tasa objetivo Banco de México"
2018-07-08,"SF61745",7.75,"Tasa objetivo Banco de México"
2018-07-09,"SF61745",7.75,"Tasa objetivo Banco de México"
2018-07-10,"SF61745",7.75,"Tasa objetivo Banco de México"
2018-07-11,"SF61745",7.75,"Tasa objetivo Banco de México"
2018-07-12,"SF61745",7.75,"Tasa objetivo Banco de México"
2018-07-13,"SF61745",7.75,"Tasa objetivo Banco de México"
2018-07-14,"SF61745",7.75,"Tasa objetivo Banco de México"
2018-07-15,"SF61745",7.75,"Tasa objetivo Banco de México"
2018-07-16,"SF61745",7.75,"Tasa objetivo Banco de México"
2018-07-17,"SF61745",7.75,"Tasa objetivo Banco de México"
2018-07-18,"SF61745",7.75,"Tasa objetivo Banco de México"
2018-07-19,"SF61745",7.75,"Tasa objetivo Banco de México"
2018-07-20,"SF61745",7.75,"Tasa objetivo Banco de México"
2018-07-21,"SF61745",7.75,"Tasa objetivo Banco de México"
2018-07-22,"SF61745",7.75,"Tasa objetivo Banco de México"
2018-07-23,"SF61745",7.75,"Tasa objetivo Banco de México"
2018-07-24,"SF61745",7.75,"Tasa objetivo Banco de México"
2018-07-25,"SF61745",7.75,"Tasa objetivo Banco de México"
2018-07-26,"SF61745",7.75,"Tasa objetivo Banco de México"
2018-07-27,"SF61745",7.75,"Tasa objetivo Banco de México"
2018-07-28,"SF61745",7.75,"Tasa objetivo Banco de México"
2018-07-29,"SF61745",7.75,"Tasa objetivo Banco de México"
2018-07-30,"SF61745",7.75,"Tasa objetivo Banco de México"
2018-07-31,"SF61745",7.75,"Tasa objetivo Banco de México"
2018-08-01,"SF61745",7.75,"Tasa objetivo Banco de México"
2018-08-02,"SF61745",7.75,"Tasa objetivo Banco de México"
2018-08-03,"SF61745",7.75,"Tasa objetivo Banco de México"
2018-08-04,"SF61745",7.75,"Tasa objetivo Banco de México"
2018-08-05,"SF61745",7.75,"Tasa objetivo Banco de México"
2018-08-06,"SF61745",7.75,"Tasa objetivo Banco de México"
2018-08-07,"SF61745",7.75,"Tasa objetivo Banco de México"
2018-08-08,"SF61745",7.75,"Tasa objetivo Banco de México"
2018-08-09,"SF61745",7.75,"Tasa objetivo Banco de México"
2018-08-10,"SF61745",7.75,"Tasa objetivo Banco de México"
2018-08-11,"SF61745",7.75,"Tasa objetivo Banco de México"
2018-08-12,"SF61745",7.75,"Tasa objetivo Banco de México"
2018-08-13,"SF61745",7.75,"Tasa objetivo Banco de México"
2018-08-14,"SF61745",7.75,"Tasa objetivo Banco de México"
2018-08-15,"SF61745",7.75,"Tasa objetivo Banco de México"
2018-08-16,"SF61745",7.75,"Tasa objetivo Banco de México"
2018-08-17,"SF61745",7.75,"Tasa objetivo Banco de México"
2018-08-18,"SF61745",7.75,"Tasa objetivo Banco de México"
2018-08-19,"SF61745",7.75,"Tasa objetivo Banco de México"
2018-08-20,"SF61745",7.75,"Tasa objetivo Banco de México"
2018-08-21,"SF61745",7.75,"Tasa objetivo Banco de México"
2018-08-22,"SF61745",7.75,"Tasa objetivo Banco de México"
2018-08-23,"SF61745",7.75,"Tasa objetivo Banco de México"
2018-08-24,"SF61745",7.75,"Tasa objetivo Banco de México"
2018-08-25,"SF61745",7.75,"Tasa objetivo Banco de México"
2018-08-26,"SF61745",7.75,"Tasa objetivo Banco de México"
2018-08-27,"SF61745",7.75,"Tasa objetivo Banco de México"
2018-08-28,"SF61745",7.75,"Tasa objetivo Banco de México"
2018-08-29,"SF61745",7.75,"Tasa objetivo Banco de México"
2018-08-30,"SF61745",7.75,"Tasa objetivo Banco de México"
2018-08-31,"SF61745",7.75,"Tasa objetivo Banco de México"
2018-09-01,"SF61745",7.75,"Tasa objetivo Banco de México"
2018-09-02,"SF61745",7.75,"Tasa objetivo Banco de México"
2018-09-03,"SF61745",7.75,"Tasa objetivo Banco de México"
2018-09-04,"SF61745",7.75,"Tasa objetivo Banco de México"
2018-09-05,"SF61745",7.75,"Tasa objetivo Banco de México"
2018-09-06,"SF61745",7.75,"Tasa objetivo Banco de México"
2018-09-07,"SF61745",7.75,"Tasa objetivo Banco de México"
2018-09-08,"SF61745",7.75,"Tasa objetivo Banco de México"
2018-09-09,"SF61745",7.75,"Tasa objetivo Banco de México"
2018-09-10,"SF61745",7.75,"Tasa objetivo Banco de México"
2018-09-11,"SF61745",7.75,"Tasa objetivo Banco de México"
2018-09-12,"SF61745",7.75,"Tasa objetivo Banco de México"
2018-09-13,"SF61745",7.75,"Tasa objetivo Banco de México"
2018-09-14,"SF61745",7.75,"Tasa objetivo Banco de México"
2018-09-15,"SF61745",7.75,"Tasa objetivo Banco de México"
2018-09-16,"SF61745",7.75,"Tasa objetivo Banco de México"
2018-09-17,"SF61745",7.75,"Tasa objetivo Banco de México"
2018-09-18,"SF61745",7.75,"Tasa objetivo Banco de México"
2018-09-19,"SF61745",7.75,"Tasa objetivo Banco de México"
2018-09-20,"SF61745",7.75,"Tasa objetivo Banco de México"
2018-09-21,"SF61745",7.75,"Tasa objetivo Banco de México"
2018-09-22,"SF61745",7.75,"Tasa objetivo Banco de México"
2018-09-23,"SF61745",7.75,"Tasa objetivo Banco de México"
2018-09-24,"SF61745",7.75,"Tasa objetivo Banco de México"
2018-09-25,"SF61745",7.75,"Tasa objetivo Banco de México"
2018-09-26,"SF61745",7.75,"Tasa objetivo Banco de México"
2018-09-27,"SF61745",7.75,"Tasa objetivo Banco de México"
2018-09-28,"SF61745",7.75,"Tasa objetivo Banco de México"
2018-09-29,"SF61745",7.75,"Tasa objetivo Banco de México"
2018-09-30,"SF61745",7.75,"Tasa objetivo Banco de México"
2018-10-01,"SF61745",7.75,"Tasa objetivo Banco de México"
2018-10-02,"SF61745",7.75,"Tasa objetivo Banco de México"
2018-10-03,"SF61745",7.75,"Tasa objetivo Banco de México"
2018-10-04,"SF61745",7.75,"Tasa objetivo Banco de México"
2018-10-05,"SF61745",7.75,"Tasa objetivo Banco de México"
2018-10-06,"SF61745",7.75,"Tasa objetivo Banco de México"
2018-10-07,"SF61745",7.75,"Tasa objetivo Banco de México"
2018-10-08,"SF61745",7.75,"Tasa objetivo Banco de México"
2018-10-09,"SF61745",7.75,"Tasa objetivo Banco de México"
2018-10-10,"SF61745",7.75,"Tasa objetivo Banco de México"
2018-10-11,"SF61745",7.75,"Tasa objetivo Banco de México"
2018-10-12,"SF61745",7.75,"Tasa objetivo Banco de México"
2018-10-13,"SF61745",7.75,"Tasa objetivo Banco de México"
2018-10-14,"SF61745",7.75,"Tasa objetivo Banco de México"
2018-10-15,"SF61745",7.75,"Tasa objetivo Banco de México"
2018-10-16,"SF61745",7.75,"Tasa objetivo Banco de México"
2018-10-17,"SF61745",7.75,"Tasa objetivo Banco de México"
2018-10-18,"SF61745",7.75,"Tasa objetivo Banco de México"
2018-10-19,"SF61745",7.75,"Tasa objetivo Banco de México"
2018-10-20,"SF61745",7.75,"Tasa objetivo Banco de México"
2018-10-21,"SF61745",7.75,"Tasa objetivo Banco de México"
2018-10-22,"SF61745",7.75,"Tasa objetivo Banco de México"
2018-10-23,"SF61745",7.75,"Tasa objetivo Banco de México"
2018-10-24,"SF61745",7.75,"Tasa objetivo Banco de México"
2018-10-25,"SF61745",7.75,"Tasa objetivo Banco de México"
2018-10-26,"SF61745",7.75,"Tasa objetivo Banco de México"
2018-10-27,"SF61745",7.75,"Tasa objetivo Banco de México"
2018-10-28,"SF61745",7.75,"Tasa objetivo Banco de México"
2018-10-29,"SF61745",7.75,"Tasa objetivo Banco de México"
2018-10-30,"SF61745",7.75,"Tasa objetivo Banco de México"
2018-10-31,"SF61745",7.75,"Tasa objetivo Banco de México"
2018-11-01,"SF61745",7.75,"Tasa objetivo Banco de México"
2018-11-02,"SF61745",7.75,"Tasa objetivo Banco de México"
2018-11-03,"SF61745",7.75,"Tasa objetivo Banco de México"
2018-11-04,"SF61745",7.75,"Tasa objetivo Banco de México"
2018-11-05,"SF61745",7.75,"Tasa objetivo Banco de México"
2018-11-06,"SF61745",7.75,"Tasa objetivo Banco de México"
2018-11-07,"SF61745",7.75,"Tasa objetivo Banco de México"
2018-11-08,"SF61745",7.75,"Tasa objetivo Banco de México"
2018-11-09,"SF61745",7.75,"Tasa objetivo Banco de México"
2018-11-10,"SF61745",7.75,"Tasa objetivo Banco de México"
2018-11-11,"SF61745",7.75,"Tasa objetivo Banco de México"
2018-11-12,"SF61745",7.75,"Tasa objetivo Banco de México"
2018-11-13,"SF61745",7.75,"Tasa objetivo Banco de México"
2018-11-14,"SF61745",7.75,"Tasa objetivo Banco de México"
2018-11-15,"SF61745",8,"Tasa objetivo Banco de México"
2018-11-16,"SF61745",8,"Tasa objetivo Banco de México"
2018-11-17,"SF61745",8,"Tasa objetivo Banco de México"
2018-11-18,"SF61745",8,"Tasa objetivo Banco de México"
2018-11-19,"SF61745",8,"Tasa objetivo Banco de México"
2018-11-20,"SF61745",8,"Tasa objetivo Banco de México"
2018-11-21,"SF61745",8,"Tasa objetivo Banco de México"
2018-11-22,"SF61745",8,"Tasa objetivo Banco de México"
2018-11-23,"SF61745",8,"Tasa objetivo Banco de México"
2018-11-24,"SF61745",8,"Tasa objetivo Banco de México"
2018-11-25,"SF61745",8,"Tasa objetivo Banco de México"
2018-11-26,"SF61745",8,"Tasa objetivo Banco de México"
2018-11-27,"SF61745",8,"Tasa objetivo Banco de México"
2018-11-28,"SF61745",8,"Tasa objetivo Banco de México"
2018-11-29,"SF61745",8,"Tasa objetivo Banco de México"
2018-11-30,"SF61745",8,"Tasa objetivo Banco de México"
2018-12-01,"SF61745",8,"Tasa objetivo Banco de México"
2018-12-02,"SF61745",8,"Tasa objetivo Banco de México"
2018-12-03,"SF61745",8,"Tasa objetivo Banco de México"
2018-12-04,"SF61745",8,"Tasa objetivo Banco de México"
2018-12-05,"SF61745",8,"Tasa objetivo Banco de México"
2018-12-06,"SF61745",8,"Tasa objetivo Banco de México"
2018-12-07,"SF61745",8,"Tasa objetivo Banco de México"
2018-12-08,"SF61745",8,"Tasa objetivo Banco de México"
2018-12-09,"SF61745",8,"Tasa objetivo Banco de México"
2018-12-10,"SF61745",8,"Tasa objetivo Banco de México"
2018-12-11,"SF61745",8,"Tasa objetivo Banco de México"
2018-12-12,"SF61745",8,"Tasa objetivo Banco de México"
2018-12-13,"SF61745",8,"Tasa objetivo Banco de México"
2018-12-14,"SF61745",8,"Tasa objetivo Banco de México"
2018-12-15,"SF61745",8,"Tasa objetivo Banco de México"
2018-12-16,"SF61745",8,"Tasa objetivo Banco de México"
2018-12-17,"SF61745",8,"Tasa objetivo Banco de México"
2018-12-18,"SF61745",8,"Tasa objetivo Banco de México"
2018-12-19,"SF61745",8,"Tasa objetivo Banco de México"
2018-12-20,"SF61745",8.25,"Tasa objetivo Banco de México"
2018-12-21,"SF61745",8.25,"Tasa objetivo Banco de México"
2018-12-22,"SF61745",8.25,"Tasa objetivo Banco de México"
2018-12-23,"SF61745",8.25,"Tasa objetivo Banco de México"
2018-12-24,"SF61745",8.25,"Tasa objetivo Banco de México"
2018-12-25,"SF61745",8.25,"Tasa objetivo Banco de México"
2018-12-26,"SF61745",8.25,"Tasa objetivo Banco de México"
2018-12-27,"SF61745",8.25,"Tasa objetivo Banco de México"
2018-12-28,"SF61745",8.25,"Tasa objetivo Banco de México"
2018-12-29,"SF61745",8.25,"Tasa objetivo Banco de México"
2018-12-30,"SF61745",8.25,"Tasa objetivo Banco de México"
2018-12-31,"SF61745",8.25,"Tasa objetivo Banco de México"
2019-01-01,"SF61745",8.25,"Tasa objetivo Banco de México"
2019-01-02,"SF61745",8.25,"Tasa objetivo Banco de México"
2019-01-03,"SF61745",8.25,"Tasa objetivo Banco de México"
2019-01-04,"SF61745",8.25,"Tasa objetivo Banco de México"
2019-01-05,"SF61745",8.25,"Tasa objetivo Banco de México"
2019-01-06,"SF61745",8.25,"Tasa objetivo Banco de México"
2019-01-07,"SF61745",8.25,"Tasa objetivo Banco de México"
2019-01-08,"SF61745",8.25,"Tasa objetivo Banco de México"
2019-01-09,"SF61745",8.25,"Tasa objetivo Banco de México"
2019-01-10,"SF61745",8.25,"Tasa objetivo Banco de México"
2019-01-11,"SF61745",8.25,"Tasa objetivo Banco de México"
2019-01-12,"SF61745",8.25,"Tasa objetivo Banco de México"
2019-01-13,"SF61745",8.25,"Tasa objetivo Banco de México"
2019-01-14,"SF61745",8.25,"Tasa objetivo Banco de México"
2019-01-15,"SF61745",8.25,"Tasa objetivo Banco de México"
2019-01-16,"SF61745",8.25,"Tasa objetivo Banco de México"
2019-01-17,"SF61745",8.25,"Tasa objetivo Banco de México"
2019-01-18,"SF61745",8.25,"Tasa objetivo Banco de México"
2019-01-19,"SF61745",8.25,"Tasa objetivo Banco de México"
2019-01-20,"SF61745",8.25,"Tasa objetivo Banco de México"
2019-01-21,"SF61745",8.25,"Tasa objetivo Banco de México"
2019-01-22,"SF61745",8.25,"Tasa objetivo Banco de México"
2019-01-23,"SF61745",8.25,"Tasa objetivo Banco de México"
2019-01-24,"SF61745",8.25,"Tasa objetivo Banco de México"
2019-01-25,"SF61745",8.25,"Tasa objetivo Banco de México"
2019-01-26,"SF61745",8.25,"Tasa objetivo Banco de México"
2019-01-27,"SF61745",8.25,"Tasa objetivo Banco de México"
2019-01-28,"SF61745",8.25,"Tasa objetivo Banco de México"
2019-01-29,"SF61745",8.25,"Tasa objetivo Banco de México"
2019-01-30,"SF61745",8.25,"Tasa objetivo Banco de México"
2019-01-31,"SF61745",8.25,"Tasa objetivo Banco de México"
2019-02-01,"SF61745",8.25,"Tasa objetivo Banco de México"
2019-02-02,"SF61745",8.25,"Tasa objetivo Banco de México"
2019-02-03,"SF61745",8.25,"Tasa objetivo Banco de México"
2019-02-04,"SF61745",8.25,"Tasa objetivo Banco de México"
2019-02-05,"SF61745",8.25,"Tasa objetivo Banco de México"
2019-02-06,"SF61745",8.25,"Tasa objetivo Banco de México"
2019-02-07,"SF61745",8.25,"Tasa objetivo Banco de México"
2019-02-08,"SF61745",8.25,"Tasa objetivo Banco de México"
2019-02-09,"SF61745",8.25,"Tasa objetivo Banco de México"
2019-02-10,"SF61745",8.25,"Tasa objetivo Banco de México"
2019-02-11,"SF61745",8.25,"Tasa objetivo Banco de México"
2019-02-12,"SF61745",8.25,"Tasa objetivo Banco de México"
2019-02-13,"SF61745",8.25,"Tasa objetivo Banco de México"
2019-02-14,"SF61745",8.25,"Tasa objetivo Banco de México"
2019-02-15,"SF61745",8.25,"Tasa objetivo Banco de México"
2019-02-16,"SF61745",8.25,"Tasa objetivo Banco de México"
2019-02-17,"SF61745",8.25,"Tasa objetivo Banco de México"
2019-02-18,"SF61745",8.25,"Tasa objetivo Banco de México"
2019-02-19,"SF61745",8.25,"Tasa objetivo Banco de México"
2019-02-20,"SF61745",8.25,"Tasa objetivo Banco de México"
2019-02-21,"SF61745",8.25,"Tasa objetivo Banco de México"
2019-02-22,"SF61745",8.25,"Tasa objetivo Banco de México"
2019-02-23,"SF61745",8.25,"Tasa objetivo Banco de México"
2019-02-24,"SF61745",8.25,"Tasa objetivo Banco de México"
2019-02-25,"SF61745",8.25,"Tasa objetivo Banco de México"
2019-02-26,"SF61745",8.25,"Tasa objetivo Banco de México"
2019-02-27,"SF61745",8.25,"Tasa objetivo Banco de México"
2019-02-28,"SF61745",8.25,"Tasa objetivo Banco de México"
2019-03-01,"SF61745",8.25,"Tasa objetivo Banco de México"
2019-03-02,"SF61745",8.25,"Tasa objetivo Banco de México"
2019-03-03,"SF61745",8.25,"Tasa objetivo Banco de México"
2019-03-04,"SF61745",8.25,"Tasa objetivo Banco de México"
2019-03-05,"SF61745",8.25,"Tasa objetivo Banco de México"
2019-03-06,"SF61745",8.25,"Tasa objetivo Banco de México"
2019-03-07,"SF61745",8.25,"Tasa objetivo Banco de México"
2019-03-08,"SF61745",8.25,"Tasa objetivo Banco de México"
2019-03-09,"SF61745",8.25,"Tasa objetivo Banco de México"
2019-03-10,"SF61745",8.25,"Tasa objetivo Banco de México"
2019-03-11,"SF61745",8.25,"Tasa objetivo Banco de México"
2019-03-12,"SF61745",8.25,"Tasa objetivo Banco de México"
2019-03-13,"SF61745",8.25,"Tasa objetivo Banco de México"
2019-03-14,"SF61745",8.25,"Tasa objetivo Banco de México"
2019-03-15,"SF61745",8.25,"Tasa objetivo Banco de México"
2019-03-16,"SF61745",8.25,"Tasa objetivo Banco de México"
2019-03-17,"SF61745",8.25,"Tasa objetivo Banco de México"
2019-03-18,"SF61745",8.25,"Tasa objetivo Banco de México"
2019-03-19,"SF61745",8.25,"Tasa objetivo Banco de México"
2019-03-20,"SF61745",8.25,"Tasa objetivo Banco de México"
2019-03-21,"SF61745",8.25,"Tasa objetivo Banco de México"
2019-03-22,"SF61745",8.25,"Tasa objetivo Banco de México"
2019-03-23,"SF61745",8.25,"Tasa objetivo Banco de México"
2019-03-24,"SF61745",8.25,"Tasa objetivo Banco de México"
2019-03-25,"SF61745",8.25,"Tasa objetivo Banco de México"
2019-03-26,"SF61745",8.25,"Tasa objetivo Banco de México"
2019-03-27,"SF61745",8.25,"Tasa objetivo Banco de México"
2019-03-28,"SF61745",8.25,"Tasa objetivo Banco de México"
2019-03-29,"SF61745",8.25,"Tasa objetivo Banco de México"
2019-03-30,"SF61745",8.25,"Tasa objetivo Banco de México"
2019-03-31,"SF61745",8.25,"Tasa objetivo Banco de México"
2019-04-01,"SF61745",8.25,"Tasa objetivo Banco de México"
2019-04-02,"SF61745",8.25,"Tasa objetivo Banco de México"
2019-04-03,"SF61745",8.25,"Tasa objetivo Banco de México"
2019-04-04,"SF61745",8.25,"Tasa objetivo Banco de México"
2019-04-05,"SF61745",8.25,"Tasa objetivo Banco de México"
2019-04-06,"SF61745",8.25,"Tasa objetivo Banco de México"
2019-04-07,"SF61745",8.25,"Tasa objetivo Banco de México"
2019-04-08,"SF61745",8.25,"Tasa objetivo Banco de México"
2019-04-09,"SF61745",8.25,"Tasa objetivo Banco de México"
2019-04-10,"SF61745",8.25,"Tasa objetivo Banco de México"
2019-04-11,"SF61745",8.25,"Tasa objetivo Banco de México"
2019-04-12,"SF61745",8.25,"Tasa objetivo Banco de México"
2019-04-13,"SF61745",8.25,"Tasa objetivo Banco de México"
2019-04-14,"SF61745",8.25,"Tasa objetivo Banco de México"
2019-04-15,"SF61745",8.25,"Tasa objetivo Banco de México"
2019-04-16,"SF61745",8.25,"Tasa objetivo Banco de México"
2019-04-17,"SF61745",8.25,"Tasa objetivo Banco de México"
2019-04-18,"SF61745",8.25,"Tasa objetivo Banco de México"
2019-04-19,"SF61745",8.25,"Tasa objetivo Banco de México"
2019-04-20,"SF61745",8.25,"Tasa objetivo Banco de México"
2019-04-21,"SF61745",8.25,"Tasa objetivo Banco de México"
2019-04-22,"SF61745",8.25,"Tasa objetivo Banco de México"
2019-04-23,"SF61745",8.25,"Tasa objetivo Banco de México"
2019-04-24,"SF61745",8.25,"Tasa objetivo Banco de México"
2019-04-25,"SF61745",8.25,"Tasa objetivo Banco de México"
2019-04-26,"SF61745",8.25,"Tasa objetivo Banco de México"
2019-04-27,"SF61745",8.25,"Tasa objetivo Banco de México"
2019-04-28,"SF61745",8.25,"Tasa objetivo Banco de México"
2019-04-29,"SF61745",8.25,"Tasa objetivo Banco de México"
2019-04-30,"SF61745",8.25,"Tasa objetivo Banco de México"
2019-05-01,"SF61745",8.25,"Tasa objetivo Banco de México"
2019-05-02,"SF61745",8.25,"Tasa objetivo Banco de México"
2019-05-03,"SF61745",8.25,"Tasa objetivo Banco de México"
2019-05-04,"SF61745",8.25,"Tasa objetivo Banco de México"
2019-05-05,"SF61745",8.25,"Tasa objetivo Banco de México"
2019-05-06,"SF61745",8.25,"Tasa objetivo Banco de México"
2019-05-07,"SF61745",8.25,"Tasa objetivo Banco de México"
2019-05-08,"SF61745",8.25,"Tasa objetivo Banco de México"
2019-05-09,"SF61745",8.25,"Tasa objetivo Banco de México"
2019-05-10,"SF61745",8.25,"Tasa objetivo Banco de México"
2019-05-11,"SF61745",8.25,"Tasa objetivo Banco de México"
2019-05-12,"SF61745",8.25,"Tasa objetivo Banco de México"
2019-05-13,"SF61745",8.25,"Tasa objetivo Banco de México"
2019-05-14,"SF61745",8.25,"Tasa objetivo Banco de México"
2019-05-15,"SF61745",8.25,"Tasa objetivo Banco de México"
2019-05-16,"SF61745",8.25,"Tasa objetivo Banco de México"
2019-05-17,"SF61745",8.25,"Tasa objetivo Banco de México"
2019-05-18,"SF61745",8.25,"Tasa objetivo Banco de México"
2019-05-19,"SF61745",8.25,"Tasa objetivo Banco de México"
2019-05-20,"SF61745",8.25,"Tasa objetivo Banco de México"
2019-05-21,"SF61745",8.25,"Tasa objetivo Banco de México"
2019-05-22,"SF61745",8.25,"Tasa objetivo Banco de México"
2019-05-23,"SF61745",8.25,"Tasa objetivo Banco de México"
2019-05-24,"SF61745",8.25,"Tasa objetivo Banco de México"
2019-05-25,"SF61745",8.25,"Tasa objetivo Banco de México"
2019-05-26,"SF61745",8.25,"Tasa objetivo Banco de México"
2019-05-27,"SF61745",8.25,"Tasa objetivo Banco de México"
2019-05-28,"SF61745",8.25,"Tasa objetivo Banco de México"
2019-05-29,"SF61745",8.25,"Tasa objetivo Banco de México"
2019-05-30,"SF61745",8.25,"Tasa objetivo Banco de México"
2019-05-31,"SF61745",8.25,"Tasa objetivo Banco de México"
2019-06-01,"SF61745",8.25,"Tasa objetivo Banco de México"
2019-06-02,"SF61745",8.25,"Tasa objetivo Banco de México"
2019-06-03,"SF61745",8.25,"Tasa objetivo Banco de México"
2019-06-04,"SF61745",8.25,"Tasa objetivo Banco de México"
2019-06-05,"SF61745",8.25,"Tasa objetivo Banco de México"
2019-06-06,"SF61745",8.25,"Tasa objetivo Banco de México"
2019-06-07,"SF61745",8.25,"Tasa objetivo Banco de México"
2019-06-08,"SF61745",8.25,"Tasa objetivo Banco de México"
2019-06-09,"SF61745",8.25,"Tasa objetivo Banco de México"
2019-06-10,"SF61745",8.25,"Tasa objetivo Banco de México"
2019-06-11,"SF61745",8.25,"Tasa objetivo Banco de México"
2019-06-12,"SF61745",8.25,"Tasa objetivo Banco de México"
2019-06-13,"SF61745",8.25,"Tasa objetivo Banco de México"
2019-06-14,"SF61745",8.25,"Tasa objetivo Banco de México"
2019-06-15,"SF61745",8.25,"Tasa objetivo Banco de México"
2019-06-16,"SF61745",8.25,"Tasa objetivo Banco de México"
2019-06-17,"SF61745",8.25,"Tasa objetivo Banco de México"
2019-06-18,"SF61745",8.25,"Tasa objetivo Banco de México"
2019-06-19,"SF61745",8.25,"Tasa objetivo Banco de México"
2019-06-20,"SF61745",8.25,"Tasa objetivo Banco de México"
2019-06-21,"SF61745",8.25,"Tasa objetivo Banco de México"
2019-06-23,"SF61745",8.25,"Tasa objetivo Banco de México"
2019-06-24,"SF61745",8.25,"Tasa objetivo Banco de México"
2019-06-25,"SF61745",8.25,"Tasa objetivo Banco de México"
2019-06-26,"SF61745",8.25,"Tasa objetivo Banco de México"
2019-06-27,"SF61745",8.25,"Tasa objetivo Banco de México"
2019-06-28,"SF61745",8.25,"Tasa objetivo Banco de México"
2019-06-29,"SF61745",8.25,"Tasa objetivo Banco de México"
2019-06-30,"SF61745",8.25,"Tasa objetivo Banco de México"
2019-07-01,"SF61745",8.25,"Tasa objetivo Banco de México"
2019-07-02,"SF61745",8.25,"Tasa objetivo Banco de México"
2019-07-03,"SF61745",8.25,"Tasa objetivo Banco de México"
2019-07-04,"SF61745",8.25,"Tasa objetivo Banco de México"
2019-07-05,"SF61745",8.25,"Tasa objetivo Banco de México"
2019-07-06,"SF61745",8.25,"Tasa objetivo Banco de México"
2019-07-07,"SF61745",8.25,"Tasa objetivo Banco de México"
2019-07-08,"SF61745",8.25,"Tasa objetivo Banco de México"
2019-07-09,"SF61745",8.25,"Tasa objetivo Banco de México"
2019-07-10,"SF61745",8.25,"Tasa objetivo Banco de México"
2019-07-11,"SF61745",8.25,"Tasa objetivo Banco de México"
2019-07-12,"SF61745",8.25,"Tasa objetivo Banco de México"
2019-07-13,"SF61745",8.25,"Tasa objetivo Banco de México"
2019-07-14,"SF61745",8.25,"Tasa objetivo Banco de México"
2019-07-15,"SF61745",8.25,"Tasa objetivo Banco de México"
2019-07-16,"SF61745",8.25,"Tasa objetivo Banco de México"
2019-07-17,"SF61745",8.25,"Tasa objetivo Banco de México"
2019-07-18,"SF61745",8.25,"Tasa objetivo Banco de México"
2019-07-19,"SF61745",8.25,"Tasa objetivo Banco de México"
2019-07-20,"SF61745",8.25,"Tasa objetivo Banco de México"
2019-07-21,"SF61745",8.25,"Tasa objetivo Banco de México"
2019-07-22,"SF61745",8.25,"Tasa objetivo Banco de México"
2019-07-23,"SF61745",8.25,"Tasa objetivo Banco de México"
2019-07-24,"SF61745",8.25,"Tasa objetivo Banco de México"
2019-07-25,"SF61745",8.25,"Tasa objetivo Banco de México"
2019-07-26,"SF61745",8.25,"Tasa objetivo Banco de México"
2019-07-27,"SF61745",8.25,"Tasa objetivo Banco de México"
2019-07-28,"SF61745",8.25,"Tasa objetivo Banco de México"
2019-07-29,"SF61745",8.25,"Tasa objetivo Banco de México"
2019-07-30,"SF61745",8.25,"Tasa objetivo Banco de México"
2019-07-31,"SF61745",8.25,"Tasa objetivo Banco de México"
2019-08-01,"SF61745",8.25,"Tasa objetivo Banco de México"
2019-08-02,"SF61745",8.25,"Tasa objetivo Banco de México"
2019-08-03,"SF61745",8.25,"Tasa objetivo Banco de México"
2019-08-04,"SF61745",8.25,"Tasa objetivo Banco de México"
2019-08-05,"SF61745",8.25,"Tasa objetivo Banco de México"
2019-08-06,"SF61745",8.25,"Tasa objetivo Banco de México"
2019-08-07,"SF61745",8.25,"Tasa objetivo Banco de México"
2019-08-08,"SF61745",8.25,"Tasa objetivo Banco de México"
2019-08-09,"SF61745",8.25,"Tasa objetivo Banco de México"
2019-08-10,"SF61745",8.25,"Tasa objetivo Banco de México"
2019-08-11,"SF61745",8.25,"Tasa objetivo Banco de México"
2019-08-12,"SF61745",8.25,"Tasa objetivo Banco de México"
2019-08-13,"SF61745",8.25,"Tasa objetivo Banco de México"
2019-08-14,"SF61745",8.25,"Tasa objetivo Banco de México"
2019-08-15,"SF61745",8,"Tasa objetivo Banco de México"
2019-08-16,"SF61745",8,"Tasa objetivo Banco de México"
2019-08-17,"SF61745",8,"Tasa objetivo Banco de México"
2019-08-18,"SF61745",8,"Tasa objetivo Banco de México"
2019-08-19,"SF61745",8,"Tasa objetivo Banco de México"
2019-08-20,"SF61745",8,"Tasa objetivo Banco de México"
2019-08-21,"SF61745",8,"Tasa objetivo Banco de México"
2019-08-22,"SF61745",8,"Tasa objetivo Banco de México"
2019-08-23,"SF61745",8,"Tasa objetivo Banco de México"
2019-08-24,"SF61745",8,"Tasa objetivo Banco de México"
2019-08-25,"SF61745",8,"Tasa objetivo Banco de México"
2019-08-26,"SF61745",8,"Tasa objetivo Banco de México"
2019-08-27,"SF61745",8,"Tasa objetivo Banco de México"
2019-08-28,"SF61745",8,"Tasa objetivo Banco de México"
2019-08-29,"SF61745",8,"Tasa objetivo Banco de México"
2019-08-30,"SF61745",8,"Tasa objetivo Banco de México"
2019-08-31,"SF61745",8,"Tasa objetivo Banco de México"
2019-09-01,"SF61745",8,"Tasa objetivo Banco de México"
2019-09-02,"SF61745",8,"Tasa objetivo Banco de México"
2019-09-03,"SF61745",8,"Tasa objetivo Banco de México"
2019-09-04,"SF61745",8,"Tasa objetivo Banco de México"
2019-09-05,"SF61745",8,"Tasa objetivo Banco de México"
2019-09-06,"SF61745",8,"Tasa objetivo Banco de México"
2019-09-07,"SF61745",8,"Tasa objetivo Banco de México"
2019-09-08,"SF61745",8,"Tasa objetivo Banco de México"
2019-09-09,"SF61745",8,"Tasa objetivo Banco de México"
2019-09-10,"SF61745",8,"Tasa objetivo Banco de México"
2019-09-11,"SF61745",8,"Tasa objetivo Banco de México"
2019-09-12,"SF61745",8,"Tasa objetivo Banco de México"
2019-09-13,"SF61745",8,"Tasa objetivo Banco de México"
2019-09-14,"SF61745",8,"Tasa objetivo Banco de México"
2019-09-15,"SF61745",8,"Tasa objetivo Banco de México"
2019-09-16,"SF61745",8,"Tasa objetivo Banco de México"
2019-09-17,"SF61745",8,"Tasa objetivo Banco de México"
2019-09-18,"SF61745",8,"Tasa objetivo Banco de México"
2019-09-19,"SF61745",8,"Tasa objetivo Banco de México"
2019-09-20,"SF61745",8,"Tasa objetivo Banco de México"
2019-09-21,"SF61745",8,"Tasa objetivo Banco de México"
2019-09-22,"SF61745",8,"Tasa objetivo Banco de México"
2019-09-23,"SF61745",8,"Tasa objetivo Banco de México"
2019-09-24,"SF61745",8,"Tasa objetivo Banco de México"
2019-09-25,"SF61745",8,"Tasa objetivo Banco de México"
2019-09-26,"SF61745",7.75,"Tasa objetivo Banco de México"
2019-09-27,"SF61745",7.75,"Tasa objetivo Banco de México"
2019-09-28,"SF61745",7.75,"Tasa objetivo Banco de México"
2019-09-29,"SF61745",7.75,"Tasa objetivo Banco de México"
2019-09-30,"SF61745",7.75,"Tasa objetivo Banco de México"
2019-10-01,"SF61745",7.75,"Tasa objetivo Banco de México"
2019-10-02,"SF61745",7.75,"Tasa objetivo Banco de México"
2019-10-03,"SF61745",7.75,"Tasa objetivo Banco de México"
2019-10-04,"SF61745",7.75,"Tasa objetivo Banco de México"
2019-10-05,"SF61745",7.75,"Tasa objetivo Banco de México"
2019-10-06,"SF61745",7.75,"Tasa objetivo Banco de México"
2019-10-07,"SF61745",7.75,"Tasa objetivo Banco de México"
2019-10-08,"SF61745",7.75,"Tasa objetivo Banco de México"
2019-10-09,"SF61745",7.75,"Tasa objetivo Banco de México"
2019-10-10,"SF61745",7.75,"Tasa objetivo Banco de México"
2019-10-11,"SF61745",7.75,"Tasa objetivo Banco de México"
2019-10-12,"SF61745",7.75,"Tasa objetivo Banco de México"
2019-10-13,"SF61745",7.75,"Tasa objetivo Banco de México"
2019-10-14,"SF61745",7.75,"Tasa objetivo Banco de México"
2019-10-15,"SF61745",7.75,"Tasa objetivo Banco de México"
2019-10-16,"SF61745",7.75,"Tasa objetivo Banco de México"
2019-10-17,"SF61745",7.75,"Tasa objetivo Banco de México"
2019-10-18,"SF61745",7.75,"Tasa objetivo Banco de México"
2019-10-19,"SF61745",7.75,"Tasa objetivo Banco de México"
2019-10-20,"SF61745",7.75,"Tasa objetivo Banco de México"
2019-10-21,"SF61745",7.75,"Tasa objetivo Banco de México"
2019-10-22,"SF61745",7.75,"Tasa objetivo Banco de México"
2019-10-23,"SF61745",7.75,"Tasa objetivo Banco de México"
2019-10-24,"SF61745",7.75,"Tasa objetivo Banco de México"
2019-10-25,"SF61745",7.75,"Tasa objetivo Banco de México"
2019-10-26,"SF61745",7.75,"Tasa objetivo Banco de México"
2019-10-27,"SF61745",7.75,"Tasa objetivo Banco de México"
2019-10-28,"SF61745",7.75,"Tasa objetivo Banco de México"
2019-10-29,"SF61745",7.75,"Tasa objetivo Banco de México"
2019-10-30,"SF61745",7.75,"Tasa objetivo Banco de México"
2019-10-31,"SF61745",7.75,"Tasa objetivo Banco de México"
2019-11-01,"SF61745",7.75,"Tasa objetivo Banco de México"
2019-11-02,"SF61745",7.75,"Tasa objetivo Banco de México"
2019-11-03,"SF61745",7.75,"Tasa objetivo Banco de México"
2019-11-04,"SF61745",7.75,"Tasa objetivo Banco de México"
2019-11-05,"SF61745",7.75,"Tasa objetivo Banco de México"
2019-11-06,"SF61745",7.75,"Tasa objetivo Banco de México"
2019-11-07,"SF61745",7.75,"Tasa objetivo Banco de México"
2019-11-08,"SF61745",7.75,"Tasa objetivo Banco de México"
2019-11-09,"SF61745",7.75,"Tasa objetivo Banco de México"
2019-11-10,"SF61745",7.75,"Tasa objetivo Banco de México"
2019-11-11,"SF61745",7.75,"Tasa objetivo Banco de México"
2019-11-12,"SF61745",7.75,"Tasa objetivo Banco de México"
2019-11-13,"SF61745",7.75,"Tasa objetivo Banco de México"
2019-11-14,"SF61745",7.5,"Tasa objetivo Banco de México"
2019-11-15,"SF61745",7.5,"Tasa objetivo Banco de México"
2019-11-16,"SF61745",7.5,"Tasa objetivo Banco de México"
2019-11-17,"SF61745",7.5,"Tasa objetivo Banco de México"
2019-11-18,"SF61745",7.5,"Tasa objetivo Banco de México"
2019-11-19,"SF61745",7.5,"Tasa objetivo Banco de México"
2019-11-20,"SF61745",7.5,"Tasa objetivo Banco de México"
2019-11-21,"SF61745",7.5,"Tasa objetivo Banco de México"
2019-11-22,"SF61745",7.5,"Tasa objetivo Banco de México"
2019-11-23,"SF61745",7.5,"Tasa objetivo Banco de México"
2019-11-24,"SF61745",7.5,"Tasa objetivo Banco de México"
2019-11-25,"SF61745",7.5,"Tasa objetivo Banco de México"
2019-11-26,"SF61745",7.5,"Tasa objetivo Banco de México"
2019-11-27,"SF61745",7.5,"Tasa objetivo Banco de México"
2019-11-28,"SF61745",7.5,"Tasa objetivo Banco de México"
2019-11-29,"SF61745",7.5,"Tasa objetivo Banco de México"
2019-11-30,"SF61745",7.5,"Tasa objetivo Banco de México"
2019-12-01,"SF61745",7.5,"Tasa objetivo Banco de México"
2019-12-02,"SF61745",7.5,"Tasa objetivo Banco de México"
2019-12-03,"SF61745",7.5,"Tasa objetivo Banco de México"
2019-12-04,"SF61745",7.5,"Tasa objetivo Banco de México"
2019-12-05,"SF61745",7.5,"Tasa objetivo Banco de México"
2019-12-06,"SF61745",7.5,"Tasa objetivo Banco de México"
2019-12-07,"SF61745",7.5,"Tasa objetivo Banco de México"
2019-12-08,"SF61745",7.5,"Tasa objetivo Banco de México"
2019-12-09,"SF61745",7.5,"Tasa objetivo Banco de México"
2019-12-10,"SF61745",7.5,"Tasa objetivo Banco de México"
2019-12-11,"SF61745",7.5,"Tasa objetivo Banco de México"
2019-12-12,"SF61745",7.5,"Tasa objetivo Banco de México"
2019-12-13,"SF61745",7.5,"Tasa objetivo Banco de México"
2019-12-14,"SF61745",7.5,"Tasa objetivo Banco de México"
2019-12-15,"SF61745",7.5,"Tasa objetivo Banco de México"
2019-12-16,"SF61745",7.5,"Tasa objetivo Banco de México"
2019-12-17,"SF61745",7.5,"Tasa objetivo Banco de México"
2019-12-18,"SF61745",7.5,"Tasa objetivo Banco de México"
2019-12-19,"SF61745",7.25,"Tasa objetivo Banco de México"
2019-12-20,"SF61745",7.25,"Tasa objetivo Banco de México"
2019-12-21,"SF61745",7.25,"Tasa objetivo Banco de México"
2019-12-22,"SF61745",7.25,"Tasa objetivo Banco de México"
2019-12-23,"SF61745",7.25,"Tasa objetivo Banco de México"
2019-12-24,"SF61745",7.25,"Tasa objetivo Banco de México"
2019-12-25,"SF61745",7.25,"Tasa objetivo Banco de México"
2019-12-26,"SF61745",7.25,"Tasa objetivo Banco de México"
2019-12-27,"SF61745",7.25,"Tasa objetivo Banco de México"
2019-12-28,"SF61745",7.25,"Tasa objetivo Banco de México"
2019-12-29,"SF61745",7.25,"Tasa objetivo Banco de México"
2019-12-30,"SF61745",7.25,"Tasa objetivo Banco de México"
2019-12-31,"SF61745",7.25,"Tasa objetivo Banco de México"
2020-01-01,"SF61745",7.25,"Tasa objetivo Banco de México"
2020-01-02,"SF61745",7.25,"Tasa objetivo Banco de México"
2020-01-03,"SF61745",7.25,"Tasa objetivo Banco de México"
2020-01-04,"SF61745",7.25,"Tasa objetivo Banco de México"
2020-01-05,"SF61745",7.25,"Tasa objetivo Banco de México"
2020-01-06,"SF61745",7.25,"Tasa objetivo Banco de México"
2020-01-07,"SF61745",7.25,"Tasa objetivo Banco de México"
2020-01-08,"SF61745",7.25,"Tasa objetivo Banco de México"
2020-01-09,"SF61745",7.25,"Tasa objetivo Banco de México"
2020-01-10,"SF61745",7.25,"Tasa objetivo Banco de México"
2020-01-11,"SF61745",7.25,"Tasa objetivo Banco de México"
2020-01-12,"SF61745",7.25,"Tasa objetivo Banco de México"
2020-01-13,"SF61745",7.25,"Tasa objetivo Banco de México"
2020-01-14,"SF61745",7.25,"Tasa objetivo Banco de México"
2020-01-15,"SF61745",7.25,"Tasa objetivo Banco de México"
2020-01-16,"SF61745",7.25,"Tasa objetivo Banco de México"
2020-01-17,"SF61745",7.25,"Tasa objetivo Banco de México"
2020-01-18,"SF61745",7.25,"Tasa objetivo Banco de México"
2020-01-19,"SF61745",7.25,"Tasa objetivo Banco de México"
2020-01-20,"SF61745",7.25,"Tasa objetivo Banco de México"
2020-01-21,"SF61745",7.25,"Tasa objetivo Banco de México"
2020-01-22,"SF61745",7.25,"Tasa objetivo Banco de México"
2020-01-23,"SF61745",7.25,"Tasa objetivo Banco de México"
2020-01-24,"SF61745",7.25,"Tasa objetivo Banco de México"
2020-01-25,"SF61745",7.25,"Tasa objetivo Banco de México"
2020-01-26,"SF61745",7.25,"Tasa objetivo Banco de México"
2020-01-27,"SF61745",7.25,"Tasa objetivo Banco de México"
2020-01-28,"SF61745",7.25,"Tasa objetivo Banco de México"
2020-01-29,"SF61745",7.25,"Tasa objetivo Banco de México"
2020-01-30,"SF61745",7.25,"Tasa objetivo Banco de México"
2020-01-31,"SF61745",7.25,"Tasa objetivo Banco de México"
2020-02-01,"SF61745",7.25,"Tasa objetivo Banco de México"
2020-02-02,"SF61745",7.25,"Tasa objetivo Banco de México"
2020-02-03,"SF61745",7.25,"Tasa objetivo Banco de México"
2020-02-04,"SF61745",7.25,"Tasa objetivo Banco de México"
2020-02-05,"SF61745",7.25,"Tasa objetivo Banco de México"
2020-02-06,"SF61745",7.25,"Tasa objetivo Banco de México"
2020-02-07,"SF61745",7.25,"Tasa objetivo Banco de México"
2020-02-08,"SF61745",7.25,"Tasa objetivo Banco de México"
2020-02-09,"SF61745",7.25,"Tasa objetivo Banco de México"
2020-02-10,"SF61745",7.25,"Tasa objetivo Banco de México"
2020-02-11,"SF61745",7.25,"Tasa objetivo Banco de México"
2020-02-12,"SF61745",7.25,"Tasa objetivo Banco de México"
2020-02-13,"SF61745",7,"Tasa objetivo Banco de México"
2020-02-14,"SF61745",7,"Tasa objetivo Banco de México"
2020-02-15,"SF61745",7,"Tasa objetivo Banco de México"
2020-02-16,"SF61745",7,"Tasa objetivo Banco de México"
2020-02-17,"SF61745",7,"Tasa objetivo Banco de México"
2020-02-18,"SF61745",7,"Tasa objetivo Banco de México"
2020-02-19,"SF61745",7,"Tasa objetivo Banco de México"
2020-02-20,"SF61745",7,"Tasa objetivo Banco de México"
2020-02-21,"SF61745",7,"Tasa objetivo Banco de México"
2020-02-22,"SF61745",7,"Tasa objetivo Banco de México"
2020-02-23,"SF61745",7,"Tasa objetivo Banco de México"
2020-02-24,"SF61745",7,"Tasa objetivo Banco de México"
2020-02-25,"SF61745",7,"Tasa objetivo Banco de México"
2020-02-26,"SF61745",7,"Tasa objetivo Banco de México"
2020-02-27,"SF61745",7,"Tasa objetivo Banco de México"
2020-02-28,"SF61745",7,"Tasa objetivo Banco de México"
2020-03-02,"SF61745",7,"Tasa objetivo Banco de México"
2020-03-03,"SF61745",7,"Tasa objetivo Banco de México"
2020-03-04,"SF61745",7,"Tasa objetivo Banco de México"
2020-03-05,"SF61745",7,"Tasa objetivo Banco de México"
2020-03-06,"SF61745",7,"Tasa objetivo Banco de México"
2020-03-07,"SF61745",7,"Tasa objetivo Banco de México"
2020-03-08,"SF61745",7,"Tasa objetivo Banco de México"
2020-03-09,"SF61745",7,"Tasa objetivo Banco de México"
2020-03-10,"SF61745",7,"Tasa objetivo Banco de México"
2020-03-11,"SF61745",7,"Tasa objetivo Banco de México"
2020-03-12,"SF61745",7,"Tasa objetivo Banco de México"
2020-03-13,"SF61745",7,"Tasa objetivo Banco de México"
2020-03-14,"SF61745",7,"Tasa objetivo Banco de México"
2020-03-15,"SF61745",7,"Tasa objetivo Banco de México"
2020-03-16,"SF61745",7,"Tasa objetivo Banco de México"
2020-03-17,"SF61745",7,"Tasa objetivo Banco de México"
2020-03-18,"SF61745",7,"Tasa objetivo Banco de México"
2020-03-19,"SF61745",7,"Tasa objetivo Banco de México"
2020-03-20,"SF61745",6.5,"Tasa objetivo Banco de México"
2020-03-21,"SF61745",6.5,"Tasa objetivo Banco de México"
2020-03-22,"SF61745",6.5,"Tasa objetivo Banco de México"
2020-03-23,"SF61745",6.5,"Tasa objetivo Banco de México"
2020-03-24,"SF61745",6.5,"Tasa objetivo Banco de México"
2020-03-25,"SF61745",6.5,"Tasa objetivo Banco de México"
2020-03-26,"SF61745",6.5,"Tasa objetivo Banco de México"
2020-03-27,"SF61745",6.5,"Tasa objetivo Banco de México"
2020-03-28,"SF61745",6.5,"Tasa objetivo Banco de México"
2020-03-29,"SF61745",6.5,"Tasa objetivo Banco de México"
2020-03-30,"SF61745",6.5,"Tasa objetivo Banco de México"
2020-03-31,"SF61745",6.5,"Tasa objetivo Banco de México"
2020-04-01,"SF61745",6.5,"Tasa objetivo Banco de México"
2020-04-02,"SF61745",6.5,"Tasa objetivo Banco de México"
2020-04-03,"SF61745",6.5,"Tasa objetivo Banco de México"
2020-04-04,"SF61745",6.5,"Tasa objetivo Banco de México"
2020-04-05,"SF61745",6.5,"Tasa objetivo Banco de México"
2020-04-06,"SF61745",6.5,"Tasa objetivo Banco de México"
2020-04-07,"SF61745",6.5,"Tasa objetivo Banco de México"
2020-04-08,"SF61745",6.5,"Tasa objetivo Banco de México"
2020-04-09,"SF61745",6.5,"Tasa objetivo Banco de México"
2020-04-10,"SF61745",6.5,"Tasa objetivo Banco de México"
2020-04-11,"SF61745",6.5,"Tasa objetivo Banco de México"
2020-04-12,"SF61745",6.5,"Tasa objetivo Banco de México"
2020-04-13,"SF61745",6.5,"Tasa objetivo Banco de México"
2020-04-14,"SF61745",6.5,"Tasa objetivo Banco de México"
2020-04-15,"SF61745",6.5,"Tasa objetivo Banco de México"
2020-04-16,"SF61745",6.5,"Tasa objetivo Banco de México"
2020-04-17,"SF61745",6.5,"Tasa objetivo Banco de México"
2020-04-18,"SF61745",6.5,"Tasa objetivo Banco de México"
2020-04-19,"SF61745",6.5,"Tasa objetivo Banco de México"
2020-04-20,"SF61745",6.5,"Tasa objetivo Banco de México"
2020-04-21,"SF61745",6,"Tasa objetivo Banco de México"
2020-04-22,"SF61745",6,"Tasa objetivo Banco de México"
2020-04-23,"SF61745",6,"Tasa objetivo Banco de México"
2020-04-24,"SF61745",6,"Tasa objetivo Banco de México"
2020-04-25,"SF61745",6,"Tasa objetivo Banco de México"
2020-04-26,"SF61745",6,"Tasa objetivo Banco de México"
2020-04-27,"SF61745",6,"Tasa objetivo Banco de México"
2020-04-28,"SF61745",6,"Tasa objetivo Banco de México"
2020-04-29,"SF61745",6,"Tasa objetivo Banco de México"
2020-04-30,"SF61745",6,"Tasa objetivo Banco de México"
2020-05-01,"SF61745",6,"Tasa objetivo Banco de México"
2020-05-02,"SF61745",6,"Tasa objetivo Banco de México"
2020-05-03,"SF61745",6,"Tasa objetivo Banco de México"
2020-05-04,"SF61745",6,"Tasa objetivo Banco de México"
2020-05-05,"SF61745",6,"Tasa objetivo Banco de México"
2020-05-06,"SF61745",6,"Tasa objetivo Banco de México"
2020-05-07,"SF61745",6,"Tasa objetivo Banco de México"
2020-05-08,"SF61745",6,"Tasa objetivo Banco de México"
2020-05-09,"SF61745",6,"Tasa objetivo Banco de México"
2020-05-10,"SF61745",6,"Tasa objetivo Banco de México"
2020-05-11,"SF61745",6,"Tasa objetivo Banco de México"
2020-05-12,"SF61745",6,"Tasa objetivo Banco de México"
2020-05-13,"SF61745",6,"Tasa objetivo Banco de México"
2020-05-14,"SF61745",5.5,"Tasa objetivo Banco de México"
2020-05-15,"SF61745",5.5,"Tasa objetivo Banco de México"
2020-05-16,"SF61745",5.5,"Tasa objetivo Banco de México"
2020-05-17,"SF61745",5.5,"Tasa objetivo Banco de México"
2020-05-18,"SF61745",5.5,"Tasa objetivo Banco de México"
2020-05-19,"SF61745",5.5,"Tasa objetivo Banco de México"
2020-05-20,"SF61745",5.5,"Tasa objetivo Banco de México"
2020-05-21,"SF61745",5.5,"Tasa objetivo Banco de México"
2020-05-22,"SF61745",5.5,"Tasa objetivo Banco de México"
2020-05-23,"SF61745",5.5,"Tasa objetivo Banco de México"
2020-05-24,"SF61745",5.5,"Tasa objetivo Banco de México"
2020-05-25,"SF61745",5.5,"Tasa objetivo Banco de México"
2020-05-26,"SF61745",5.5,"Tasa objetivo Banco de México"
2020-05-27,"SF61745",5.5,"Tasa objetivo Banco de México"
2020-05-28,"SF61745",5.5,"Tasa objetivo Banco de México"
2020-05-29,"SF61745",5.5,"Tasa objetivo Banco de México"
2020-05-30,"SF61745",5.5,"Tasa objetivo Banco de México"
2020-05-31,"SF61745",5.5,"Tasa objetivo Banco de México"
2020-06-01,"SF61745",5.5,"Tasa objetivo Banco de México"
2020-06-02,"SF61745",5.5,"Tasa objetivo Banco de México"
2020-06-03,"SF61745",5.5,"Tasa objetivo Banco de México"
2020-06-04,"SF61745",5.5,"Tasa objetivo Banco de México"
2020-06-05,"SF61745",5.5,"Tasa objetivo Banco de México"
2020-06-06,"SF61745",5.5,"Tasa objetivo Banco de México"
2020-06-07,"SF61745",5.5,"Tasa objetivo Banco de México"
2020-06-08,"SF61745",5.5,"Tasa objetivo Banco de México"
2020-06-09,"SF61745",5.5,"Tasa objetivo Banco de México"
2020-06-10,"SF61745",5.5,"Tasa objetivo Banco de México"
2020-06-11,"SF61745",5.5,"Tasa objetivo Banco de México"
2020-06-12,"SF61745",5.5,"Tasa objetivo Banco de México"
2020-06-13,"SF61745",5.5,"Tasa objetivo Banco de México"
2020-06-14,"SF61745",5.5,"Tasa objetivo Banco de México"
2020-06-15,"SF61745",5.5,"Tasa objetivo Banco de México"
2020-06-16,"SF61745",5.5,"Tasa objetivo Banco de México"
2020-06-17,"SF61745",5.5,"Tasa objetivo Banco de México"
2020-06-18,"SF61745",5.5,"Tasa objetivo Banco de México"
2020-06-19,"SF61745",5.5,"Tasa objetivo Banco de México"
2020-06-20,"SF61745",5.5,"Tasa objetivo Banco de México"
2020-06-21,"SF61745",5.5,"Tasa objetivo Banco de México"
2020-06-22,"SF61745",5.5,"Tasa objetivo Banco de México"
2020-06-23,"SF61745",5.5,"Tasa objetivo Banco de México"
2020-06-24,"SF61745",5.5,"Tasa objetivo Banco de México"
2020-06-25,"SF61745",5,"Tasa objetivo Banco de México"
2020-06-26,"SF61745",5,"Tasa objetivo Banco de México"
2020-06-27,"SF61745",5,"Tasa objetivo Banco de México"
2020-06-28,"SF61745",5,"Tasa objetivo Banco de México"
2020-06-29,"SF61745",5,"Tasa objetivo Banco de México"
2020-06-30,"SF61745",5,"Tasa objetivo Banco de México"
2020-07-01,"SF61745",5,"Tasa objetivo Banco de México"
2020-07-02,"SF61745",5,"Tasa objetivo Banco de México"
2020-07-03,"SF61745",5,"Tasa objetivo Banco de México"
2020-07-04,"SF61745",5,"Tasa objetivo Banco de México"
2020-07-05,"SF61745",5,"Tasa objetivo Banco de México"
2020-07-06,"SF61745",5,"Tasa objetivo Banco de México"
2020-07-07,"SF61745",5,"Tasa objetivo Banco de México"
2020-07-08,"SF61745",5,"Tasa objetivo Banco de México"
2020-07-09,"SF61745",5,"Tasa objetivo Banco de México"
2020-07-10,"SF61745",5,"Tasa objetivo Banco de México"
2020-07-11,"SF61745",5,"Tasa objetivo Banco de México"
2020-07-12,"SF61745",5,"Tasa objetivo Banco de México"
2020-07-13,"SF61745",5,"Tasa objetivo Banco de México"
2020-07-14,"SF61745",5,"Tasa objetivo Banco de México"
2020-07-15,"SF61745",5,"Tasa objetivo Banco de México"
2020-07-16,"SF61745",5,"Tasa objetivo Banco de México"
2020-07-17,"SF61745",5,"Tasa objetivo Banco de México"
2020-07-18,"SF61745",5,"Tasa objetivo Banco de México"
2020-07-19,"SF61745",5,"Tasa objetivo Banco de México"
2020-07-20,"SF61745",5,"Tasa objetivo Banco de México"
2020-07-21,"SF61745",5,"Tasa objetivo Banco de México"
2020-07-22,"SF61745",5,"Tasa objetivo Banco de México"
2020-07-23,"SF61745",5,"Tasa objetivo Banco de México"
2020-07-24,"SF61745",5,"Tasa objetivo Banco de México"
2020-07-25,"SF61745",5,"Tasa objetivo Banco de México"
2020-07-26,"SF61745",5,"Tasa objetivo Banco de México"
2020-07-27,"SF61745",5,"Tasa objetivo Banco de México"
2020-07-28,"SF61745",5,"Tasa objetivo Banco de México"
2020-07-29,"SF61745",5,"Tasa objetivo Banco de México"
2020-07-30,"SF61745",5,"Tasa objetivo Banco de México"
2020-07-31,"SF61745",5,"Tasa objetivo Banco de México"
2020-08-01,"SF61745",5,"Tasa objetivo Banco de México"
2020-08-02,"SF61745",5,"Tasa objetivo Banco de México"
2020-08-03,"SF61745",5,"Tasa objetivo Banco de México"
2020-08-04,"SF61745",5,"Tasa objetivo Banco de México"
2020-08-05,"SF61745",5,"Tasa objetivo Banco de México"
2020-08-06,"SF61745",5,"Tasa objetivo Banco de México"
2020-08-07,"SF61745",5,"Tasa objetivo Banco de México"
2020-08-08,"SF61745",5,"Tasa objetivo Banco de México"
2020-08-09,"SF61745",5,"Tasa objetivo Banco de México"
2020-08-10,"SF61745",5,"Tasa objetivo Banco de México"
2020-08-11,"SF61745",5,"Tasa objetivo Banco de México"
2020-08-12,"SF61745",5,"Tasa objetivo Banco de México"
2020-08-13,"SF61745",5,"Tasa objetivo Banco de México"
2020-08-14,"SF61745",4.5,"Tasa objetivo Banco de México"
2020-08-15,"SF61745",4.5,"Tasa objetivo Banco de México"
2020-08-16,"SF61745",4.5,"Tasa objetivo Banco de México"
2020-08-17,"SF61745",4.5,"Tasa objetivo Banco de México"
2020-08-18,"SF61745",4.5,"Tasa objetivo Banco de México"
2020-08-19,"SF61745",4.5,"Tasa objetivo Banco de México"
2020-08-20,"SF61745",4.5,"Tasa objetivo Banco de México"
2020-08-21,"SF61745",4.5,"Tasa objetivo Banco de México"
2020-08-22,"SF61745",4.5,"Tasa objetivo Banco de México"
2020-08-23,"SF61745",4.5,"Tasa objetivo Banco de México"
2020-08-24,"SF61745",4.5,"Tasa objetivo Banco de México"
2020-08-25,"SF61745",4.5,"Tasa objetivo Banco de México"
2020-08-26,"SF61745",4.5,"Tasa objetivo Banco de México"
2020-08-27,"SF61745",4.5,"Tasa objetivo Banco de México"
2020-08-28,"SF61745",4.5,"Tasa objetivo Banco de México"
2020-08-30,"SF61745",4.5,"Tasa objetivo Banco de México"
2020-08-31,"SF61745",4.5,"Tasa objetivo Banco de México"
2020-09-01,"SF61745",4.5,"Tasa objetivo Banco de México"
2020-09-02,"SF61745",4.5,"Tasa objetivo Banco de México"
2020-09-03,"SF61745",4.5,"Tasa objetivo Banco de México"
2020-09-04,"SF61745",4.5,"Tasa objetivo Banco de México"
2020-09-05,"SF61745",4.5,"Tasa objetivo Banco de México"
2020-09-06,"SF61745",4.5,"Tasa objetivo Banco de México"
2020-09-07,"SF61745",4.5,"Tasa objetivo Banco de México"
2020-09-08,"SF61745",4.5,"Tasa objetivo Banco de México"
2020-09-09,"SF61745",4.5,"Tasa objetivo Banco de México"
2020-09-10,"SF61745",4.5,"Tasa objetivo Banco de México"
2020-09-11,"SF61745",4.5,"Tasa objetivo Banco de México"
2020-09-12,"SF61745",4.5,"Tasa objetivo Banco de México"
2020-09-13,"SF61745",4.5,"Tasa objetivo Banco de México"
2020-09-14,"SF61745",4.5,"Tasa objetivo Banco de México"
2020-09-15,"SF61745",4.5,"Tasa objetivo Banco de México"
2020-09-16,"SF61745",4.5,"Tasa objetivo Banco de México"
2020-09-17,"SF61745",4.5,"Tasa objetivo Banco de México"
2020-09-18,"SF61745",4.5,"Tasa objetivo Banco de México"
2020-09-19,"SF61745",4.5,"Tasa objetivo Banco de México"
2020-09-20,"SF61745",4.5,"Tasa objetivo Banco de México"
2020-09-21,"SF61745",4.5,"Tasa objetivo Banco de México"
2020-09-22,"SF61745",4.5,"Tasa objetivo Banco de México"
2020-09-23,"SF61745",4.5,"Tasa objetivo Banco de México"
2020-09-24,"SF61745",4.5,"Tasa objetivo Banco de México"
2020-09-25,"SF61745",4.25,"Tasa objetivo Banco de México"
2020-09-26,"SF61745",4.25,"Tasa objetivo Banco de México"
2020-09-27,"SF61745",4.25,"Tasa objetivo Banco de México"
2020-09-28,"SF61745",4.25,"Tasa objetivo Banco de México"
2020-09-29,"SF61745",4.25,"Tasa objetivo Banco de México"
2020-09-30,"SF61745",4.25,"Tasa objetivo Banco de México"
2020-10-01,"SF61745",4.25,"Tasa objetivo Banco de México"
2020-10-02,"SF61745",4.25,"Tasa objetivo Banco de México"
2020-10-03,"SF61745",4.25,"Tasa objetivo Banco de México"
2020-10-04,"SF61745",4.25,"Tasa objetivo Banco de México"
2020-10-05,"SF61745",4.25,"Tasa objetivo Banco de México"
2020-10-06,"SF61745",4.25,"Tasa objetivo Banco de México"
2020-10-07,"SF61745",4.25,"Tasa objetivo Banco de México"
2020-10-08,"SF61745",4.25,"Tasa objetivo Banco de México"
2020-10-09,"SF61745",4.25,"Tasa objetivo Banco de México"
2020-10-10,"SF61745",4.25,"Tasa objetivo Banco de México"
2020-10-11,"SF61745",4.25,"Tasa objetivo Banco de México"
2020-10-12,"SF61745",4.25,"Tasa objetivo Banco de México"
2020-10-13,"SF61745",4.25,"Tasa objetivo Banco de México"
2020-10-14,"SF61745",4.25,"Tasa objetivo Banco de México"
2020-10-15,"SF61745",4.25,"Tasa objetivo Banco de México"
2020-10-16,"SF61745",4.25,"Tasa objetivo Banco de México"
2020-10-17,"SF61745",4.25,"Tasa objetivo Banco de México"
2020-10-18,"SF61745",4.25,"Tasa objetivo Banco de México"
2020-10-19,"SF61745",4.25,"Tasa objetivo Banco de México"
2020-10-20,"SF61745",4.25,"Tasa objetivo Banco de México"
2020-10-21,"SF61745",4.25,"Tasa objetivo Banco de México"
2020-10-22,"SF61745",4.25,"Tasa objetivo Banco de México"
2020-10-23,"SF61745",4.25,"Tasa objetivo Banco de México"
2020-10-24,"SF61745",4.25,"Tasa objetivo Banco de México"
2020-10-25,"SF61745",4.25,"Tasa objetivo Banco de México"
2020-10-26,"SF61745",4.25,"Tasa objetivo Banco de México"
2020-10-27,"SF61745",4.25,"Tasa objetivo Banco de México"
2020-10-28,"SF61745",4.25,"Tasa objetivo Banco de México"
2020-10-29,"SF61745",4.25,"Tasa objetivo Banco de México"
2020-10-30,"SF61745",4.25,"Tasa objetivo Banco de México"
2020-10-31,"SF61745",4.25,"Tasa objetivo Banco de México"
2020-11-01,"SF61745",4.25,"Tasa objetivo Banco de México"
2020-11-02,"SF61745",4.25,"Tasa objetivo Banco de México"
2020-11-03,"SF61745",4.25,"Tasa objetivo Banco de México"
2020-11-04,"SF61745",4.25,"Tasa objetivo Banco de México"
2020-11-05,"SF61745",4.25,"Tasa objetivo Banco de México"
2020-11-06,"SF61745",4.25,"Tasa objetivo Banco de México"
2020-11-07,"SF61745",4.25,"Tasa objetivo Banco de México"
2020-11-08,"SF61745",4.25,"Tasa objetivo Banco de México"
2020-11-09,"SF61745",4.25,"Tasa objetivo Banco de México"
2020-11-10,"SF61745",4.25,"Tasa objetivo Banco de México"
2020-11-11,"SF61745",4.25,"Tasa objetivo Banco de México"
2020-11-12,"SF61745",4.25,"Tasa objetivo Banco de México"
2020-11-13,"SF61745",4.25,"Tasa objetivo Banco de México"
2020-11-14,"SF61745",4.25,"Tasa objetivo Banco de México"
2020-11-15,"SF61745",4.25,"Tasa objetivo Banco de México"
2020-11-16,"SF61745",4.25,"Tasa objetivo Banco de México"
2020-11-17,"SF61745",4.25,"Tasa objetivo Banco de México"
2020-11-18,"SF61745",4.25,"Tasa objetivo Banco de México"
2020-11-19,"SF61745",4.25,"Tasa objetivo Banco de México"
2020-11-20,"SF61745",4.25,"Tasa objetivo Banco de México"
2020-11-21,"SF61745",4.25,"Tasa objetivo Banco de México"
2020-11-22,"SF61745",4.25,"Tasa objetivo Banco de México"
2020-11-23,"SF61745",4.25,"Tasa objetivo Banco de México"
2020-11-24,"SF61745",4.25,"Tasa objetivo Banco de México"
2020-11-25,"SF61745",4.25,"Tasa objetivo Banco de México"
2020-11-26,"SF61745",4.25,"Tasa objetivo Banco de México"
2020-11-27,"SF61745",4.25,"Tasa objetivo Banco de México"
2020-11-28,"SF61745",4.25,"Tasa objetivo Banco de México"
2020-11-29,"SF61745",4.25,"Tasa objetivo Banco de México"
2020-11-30,"SF61745",4.25,"Tasa objetivo Banco de México"
2020-12-01,"SF61745",4.25,"Tasa objetivo Banco de México"
2020-12-02,"SF61745",4.25,"Tasa objetivo Banco de México"
2020-12-03,"SF61745",4.25,"Tasa objetivo Banco de México"
2020-12-04,"SF61745",4.25,"Tasa objetivo Banco de México"
2020-12-05,"SF61745",4.25,"Tasa objetivo Banco de México"
2020-12-06,"SF61745",4.25,"Tasa objetivo Banco de México"
2020-12-07,"SF61745",4.25,"Tasa objetivo Banco de México"
2020-12-08,"SF61745",4.25,"Tasa objetivo Banco de México"
2020-12-09,"SF61745",4.25,"Tasa objetivo Banco de México"
2020-12-10,"SF61745",4.25,"Tasa objetivo Banco de México"
2020-12-11,"SF61745",4.25,"Tasa objetivo Banco de México"
2020-12-12,"SF61745",4.25,"Tasa objetivo Banco de México"
2020-12-13,"SF61745",4.25,"Tasa objetivo Banco de México"
2020-12-14,"SF61745",4.25,"Tasa objetivo Banco de México"
2020-12-15,"SF61745",4.25,"Tasa objetivo Banco de México"
2020-12-16,"SF61745",4.25,"Tasa objetivo Banco de México"
2020-12-17,"SF61745",4.25,"Tasa objetivo Banco de México"
2020-12-18,"SF61745",4.25,"Tasa objetivo Banco de México"
2020-12-19,"SF61745",4.25,"Tasa objetivo Banco de México"
2020-12-20,"SF61745",4.25,"Tasa objetivo Banco de México"
2020-12-21,"SF61745",4.25,"Tasa objetivo Banco de México"
2020-12-22,"SF61745",4.25,"Tasa objetivo Banco de México"
2020-12-23,"SF61745",4.25,"Tasa objetivo Banco de México"
2020-12-24,"SF61745",4.25,"Tasa objetivo Banco de México"
2020-12-25,"SF61745",4.25,"Tasa objetivo Banco de México"
2020-12-26,"SF61745",4.25,"Tasa objetivo Banco de México"
2020-12-27,"SF61745",4.25,"Tasa objetivo Banco de México"
2020-12-28,"SF61745",4.25,"Tasa objetivo Banco de México"
2020-12-29,"SF61745",4.25,"Tasa objetivo Banco de México"
2020-12-30,"SF61745",4.25,"Tasa objetivo Banco de México"
2020-12-31,"SF61745",4.25,"Tasa objetivo Banco de México"
2021-01-01,"SF61745",4.25,"Tasa objetivo Banco de México"
2021-01-02,"SF61745",4.25,"Tasa objetivo Banco de México"
2021-01-03,"SF61745",4.25,"Tasa objetivo Banco de México"
2021-01-04,"SF61745",4.25,"Tasa objetivo Banco de México"
2021-01-05,"SF61745",4.25,"Tasa objetivo Banco de México"
2021-01-06,"SF61745",4.25,"Tasa objetivo Banco de México"
2021-01-07,"SF61745",4.25,"Tasa objetivo Banco de México"
2021-01-08,"SF61745",4.25,"Tasa objetivo Banco de México"
2021-01-09,"SF61745",4.25,"Tasa objetivo Banco de México"
2021-01-10,"SF61745",4.25,"Tasa objetivo Banco de México"
2021-01-11,"SF61745",4.25,"Tasa objetivo Banco de México"
2021-01-12,"SF61745",4.25,"Tasa objetivo Banco de México"
2021-01-13,"SF61745",4.25,"Tasa objetivo Banco de México"
2021-01-14,"SF61745",4.25,"Tasa objetivo Banco de México"
2021-01-15,"SF61745",4.25,"Tasa objetivo Banco de México"
2021-01-16,"SF61745",4.25,"Tasa objetivo Banco de México"
2021-01-17,"SF61745",4.25,"Tasa objetivo Banco de México"
2021-01-18,"SF61745",4.25,"Tasa objetivo Banco de México"
2021-01-19,"SF61745",4.25,"Tasa objetivo Banco de México"
2021-01-20,"SF61745",4.25,"Tasa objetivo Banco de México"
2021-01-21,"SF61745",4.25,"Tasa objetivo Banco de México"
2021-01-22,"SF61745",4.25,"Tasa objetivo Banco de México"
2021-01-23,"SF61745",4.25,"Tasa objetivo Banco de México"
2021-01-24,"SF61745",4.25,"Tasa objetivo Banco de México"
2021-01-25,"SF61745",4.25,"Tasa objetivo Banco de México"
2021-01-26,"SF61745",4.25,"Tasa objetivo Banco de México"
2021-01-27,"SF61745",4.25,"Tasa objetivo Banco de México"
2021-01-28,"SF61745",4.25,"Tasa objetivo Banco de México"
2021-01-29,"SF61745",4.25,"Tasa objetivo Banco de México"
2021-01-30,"SF61745",4.25,"Tasa objetivo Banco de México"
2021-01-31,"SF61745",4.25,"Tasa objetivo Banco de México"
2021-02-01,"SF61745",4.25,"Tasa objetivo Banco de México"
2021-02-02,"SF61745",4.25,"Tasa objetivo Banco de México"
2021-02-03,"SF61745",4.25,"Tasa objetivo Banco de México"
2021-02-04,"SF61745",4.25,"Tasa objetivo Banco de México"
2021-02-05,"SF61745",4.25,"Tasa objetivo Banco de México"
2021-02-06,"SF61745",4.25,"Tasa objetivo Banco de México"
2021-02-07,"SF61745",4.25,"Tasa objetivo Banco de México"
2021-02-08,"SF61745",4.25,"Tasa objetivo Banco de México"
2021-02-09,"SF61745",4.25,"Tasa objetivo Banco de México"
2021-02-10,"SF61745",4.25,"Tasa objetivo Banco de México"
2021-02-11,"SF61745",4.25,"Tasa objetivo Banco de México"
2021-02-12,"SF61745",4,"Tasa objetivo Banco de México"
2021-02-13,"SF61745",4,"Tasa objetivo Banco de México"
2021-02-14,"SF61745",4,"Tasa objetivo Banco de México"
2021-02-15,"SF61745",4,"Tasa objetivo Banco de México"
2021-02-16,"SF61745",4,"Tasa objetivo Banco de México"
2021-02-17,"SF61745",4,"Tasa objetivo Banco de México"
2021-02-18,"SF61745",4,"Tasa objetivo Banco de México"
2021-02-19,"SF61745",4,"Tasa objetivo Banco de México"
2021-02-20,"SF61745",4,"Tasa objetivo Banco de México"
2021-02-21,"SF61745",4,"Tasa objetivo Banco de México"
2021-02-22,"SF61745",4,"Tasa objetivo Banco de México"
2021-02-23,"SF61745",4,"Tasa objetivo Banco de México"
2021-02-24,"SF61745",4,"Tasa objetivo Banco de México"
2021-02-25,"SF61745",4,"Tasa objetivo Banco de México"
2021-02-26,"SF61745",4,"Tasa objetivo Banco de México"
2021-02-27,"SF61745",4,"Tasa objetivo Banco de México"
2021-02-28,"SF61745",4,"Tasa objetivo Banco de México"
2021-03-01,"SF61745",4,"Tasa objetivo Banco de México"
2021-03-02,"SF61745",4,"Tasa objetivo Banco de México"
2021-03-03,"SF61745",4,"Tasa objetivo Banco de México"
2021-03-04,"SF61745",4,"Tasa objetivo Banco de México"
2021-03-05,"SF61745",4,"Tasa objetivo Banco de México"
2021-03-06,"SF61745",4,"Tasa objetivo Banco de México"
2021-03-07,"SF61745",4,"Tasa objetivo Banco de México"
2021-03-08,"SF61745",4,"Tasa objetivo Banco de México"
2021-03-09,"SF61745",4,"Tasa objetivo Banco de México"
2021-03-10,"SF61745",4,"Tasa objetivo Banco de México"
2021-03-11,"SF61745",4,"Tasa objetivo Banco de México"
2021-03-12,"SF61745",4,"Tasa objetivo Banco de México"
2021-03-13,"SF61745",4,"Tasa objetivo Banco de México"
2021-03-14,"SF61745",4,"Tasa objetivo Banco de México"
2021-03-15,"SF61745",4,"Tasa objetivo Banco de México"
2021-03-16,"SF61745",4,"Tasa objetivo Banco de México"
2021-03-17,"SF61745",4,"Tasa objetivo Banco de México"
2021-03-18,"SF61745",4,"Tasa objetivo Banco de México"
2021-03-19,"SF61745",4,"Tasa objetivo Banco de México"
2021-03-20,"SF61745",4,"Tasa objetivo Banco de México"
2021-03-21,"SF61745",4,"Tasa objetivo Banco de México"
2021-03-22,"SF61745",4,"Tasa objetivo Banco de México"
2021-03-23,"SF61745",4,"Tasa objetivo Banco de México"
2021-03-24,"SF61745",4,"Tasa objetivo Banco de México"
2021-03-25,"SF61745",4,"Tasa objetivo Banco de México"
2021-03-26,"SF61745",4,"Tasa objetivo Banco de México"
2021-03-27,"SF61745",4,"Tasa objetivo Banco de México"
2021-03-28,"SF61745",4,"Tasa objetivo Banco de México"
2021-03-29,"SF61745",4,"Tasa objetivo Banco de México"
2021-03-30,"SF61745",4,"Tasa objetivo Banco de México"
2021-03-31,"SF61745",4,"Tasa objetivo Banco de México"
2021-04-01,"SF61745",4,"Tasa objetivo Banco de México"
2021-04-02,"SF61745",4,"Tasa objetivo Banco de México"
2021-04-03,"SF61745",4,"Tasa objetivo Banco de México"
2021-04-04,"SF61745",4,"Tasa objetivo Banco de México"
2021-04-05,"SF61745",4,"Tasa objetivo Banco de México"
2021-04-06,"SF61745",4,"Tasa objetivo Banco de México"
2021-04-07,"SF61745",4,"Tasa objetivo Banco de México"
2021-04-08,"SF61745",4,"Tasa objetivo Banco de México"
2021-04-09,"SF61745",4,"Tasa objetivo Banco de México"
2021-04-10,"SF61745",4,"Tasa objetivo Banco de México"
2021-04-11,"SF61745",4,"Tasa objetivo Banco de México"
2021-04-12,"SF61745",4,"Tasa objetivo Banco de México"
2021-04-13,"SF61745",4,"Tasa objetivo Banco de México"
2021-04-14,"SF61745",4,"Tasa objetivo Banco de México"
2021-04-15,"SF61745",4,"Tasa objetivo Banco de México"
2021-04-16,"SF61745",4,"Tasa objetivo Banco de México"
2021-04-17,"SF61745",4,"Tasa objetivo Banco de México"
2021-04-18,"SF61745",4,"Tasa objetivo Banco de México"
2021-04-19,"SF61745",4,"Tasa objetivo Banco de México"
2021-04-20,"SF61745",4,"Tasa objetivo Banco de México"
2021-04-21,"SF61745",4,"Tasa objetivo Banco de México"
2021-04-22,"SF61745",4,"Tasa objetivo Banco de México"
2021-04-23,"SF61745",4,"Tasa objetivo Banco de México"
2021-04-24,"SF61745",4,"Tasa objetivo Banco de México"
2021-04-25,"SF61745",4,"Tasa objetivo Banco de México"
2021-04-26,"SF61745",4,"Tasa objetivo Banco de México"
2021-04-27,"SF61745",4,"Tasa objetivo Banco de México"
2021-04-28,"SF61745",4,"Tasa objetivo Banco de México"
2021-04-29,"SF61745",4,"Tasa objetivo Banco de México"
2021-04-30,"SF61745",4,"Tasa objetivo Banco de México"
2021-05-01,"SF61745",4,"Tasa objetivo Banco de México"
2021-05-02,"SF61745",4,"Tasa objetivo Banco de México"
2021-05-03,"SF61745",4,"Tasa objetivo Banco de México"
2021-05-04,"SF61745",4,"Tasa objetivo Banco de México"
2021-05-05,"SF61745",4,"Tasa objetivo Banco de México"
2021-05-06,"SF61745",4,"Tasa objetivo Banco de México"
2021-05-07,"SF61745",4,"Tasa objetivo Banco de México"
2021-05-08,"SF61745",4,"Tasa objetivo Banco de México"
2021-05-10,"SF61745",4,"Tasa objetivo Banco de México"
2021-05-11,"SF61745",4,"Tasa objetivo Banco de México"
2021-05-12,"SF61745",4,"Tasa objetivo Banco de México"
2021-05-13,"SF61745",4,"Tasa objetivo Banco de México"
2021-05-14,"SF61745",4,"Tasa objetivo Banco de México"
2021-05-15,"SF61745",4,"Tasa objetivo Banco de México"
2021-05-16,"SF61745",4,"Tasa objetivo Banco de México"
2021-05-17,"SF61745",4,"Tasa objetivo Banco de México"
2021-05-18,"SF61745",4,"Tasa objetivo Banco de México"
2021-05-19,"SF61745",4,"Tasa objetivo Banco de México"
2021-05-20,"SF61745",4,"Tasa objetivo Banco de México"
2021-05-21,"SF61745",4,"Tasa objetivo Banco de México"
2021-05-22,"SF61745",4,"Tasa objetivo Banco de México"
2021-05-23,"SF61745",4,"Tasa objetivo Banco de México"
2021-05-24,"SF61745",4,"Tasa objetivo Banco de México"
2021-05-25,"SF61745",4,"Tasa objetivo Banco de México"
2021-05-26,"SF61745",4,"Tasa objetivo Banco de México"
2021-05-27,"SF61745",4,"Tasa objetivo Banco de México"
2021-05-28,"SF61745",4,"Tasa objetivo Banco de México"
2021-05-29,"SF61745",4,"Tasa objetivo Banco de México"
2021-05-30,"SF61745",4,"Tasa objetivo Banco de México"
2021-05-31,"SF61745",4,"Tasa objetivo Banco de México"
2021-06-01,"SF61745",4,"Tasa objetivo Banco de México"
2021-06-02,"SF61745",4,"Tasa objetivo Banco de México"
2021-06-03,"SF61745",4,"Tasa objetivo Banco de México"
2021-06-04,"SF61745",4,"Tasa objetivo Banco de México"
2021-06-05,"SF61745",4,"Tasa objetivo Banco de México"
2021-06-06,"SF61745",4,"Tasa objetivo Banco de México"
2021-06-07,"SF61745",4,"Tasa objetivo Banco de México"
2021-06-08,"SF61745",4,"Tasa objetivo Banco de México"
2021-06-09,"SF61745",4,"Tasa objetivo Banco de México"
2021-06-10,"SF61745",4,"Tasa objetivo Banco de México"
2021-06-11,"SF61745",4,"Tasa objetivo Banco de México"
2021-06-12,"SF61745",4,"Tasa objetivo Banco de México"
2021-06-13,"SF61745",4,"Tasa objetivo Banco de México"
2021-06-14,"SF61745",4,"Tasa objetivo Banco de México"
2021-06-15,"SF61745",4,"Tasa objetivo Banco de México"
2021-06-16,"SF61745",4,"Tasa objetivo Banco de México"
2021-06-17,"SF61745",4,"Tasa objetivo Banco de México"
2021-06-18,"SF61745",4,"Tasa objetivo Banco de México"
2021-06-19,"SF61745",4,"Tasa objetivo Banco de México"
2021-06-20,"SF61745",4,"Tasa objetivo Banco de México"
2021-06-21,"SF61745",4,"Tasa objetivo Banco de México"
2021-06-22,"SF61745",4,"Tasa objetivo Banco de México"
2021-06-23,"SF61745",4,"Tasa objetivo Banco de México"
2021-06-24,"SF61745",4,"Tasa objetivo Banco de México"
2021-06-25,"SF61745",4.25,"Tasa objetivo Banco de México"
2021-06-26,"SF61745",4.25,"Tasa objetivo Banco de México"
2021-06-27,"SF61745",4.25,"Tasa objetivo Banco de México"
2021-06-28,"SF61745",4.25,"Tasa objetivo Banco de México"
2021-06-29,"SF61745",4.25,"Tasa objetivo Banco de México"
2021-06-30,"SF61745",4.25,"Tasa objetivo Banco de México"
2021-07-01,"SF61745",4.25,"Tasa objetivo Banco de México"
2021-07-02,"SF61745",4.25,"Tasa objetivo Banco de México"
2021-07-03,"SF61745",4.25,"Tasa objetivo Banco de México"
2021-07-04,"SF61745",4.25,"Tasa objetivo Banco de México"
2021-07-05,"SF61745",4.25,"Tasa objetivo Banco de México"
2021-07-06,"SF61745",4.25,"Tasa objetivo Banco de México"
2021-07-07,"SF61745",4.25,"Tasa objetivo Banco de México"
2021-07-08,"SF61745",4.25,"Tasa objetivo Banco de México"
2021-07-09,"SF61745",4.25,"Tasa objetivo Banco de México"
2021-07-10,"SF61745",4.25,"Tasa objetivo Banco de México"
2021-07-11,"SF61745",4.25,"Tasa objetivo Banco de México"
2021-07-12,"SF61745",4.25,"Tasa objetivo Banco de México"
2021-07-13,"SF61745",4.25,"Tasa objetivo Banco de México"
2021-07-14,"SF61745",4.25,"Tasa objetivo Banco de México"
2021-07-15,"SF61745",4.25,"Tasa objetivo Banco de México"
2021-07-16,"SF61745",4.25,"Tasa objetivo Banco de México"
2021-07-17,"SF61745",4.25,"Tasa objetivo Banco de México"
2021-07-18,"SF61745",4.25,"Tasa objetivo Banco de México"
2021-07-19,"SF61745",4.25,"Tasa objetivo Banco de México"
2021-07-20,"SF61745",4.25,"Tasa objetivo Banco de México"
2021-07-21,"SF61745",4.25,"Tasa objetivo Banco de México"
2021-07-22,"SF61745",4.25,"Tasa objetivo Banco de México"
2021-07-23,"SF61745",4.25,"Tasa objetivo Banco de México"
2021-07-24,"SF61745",4.25,"Tasa objetivo Banco de México"
2021-07-25,"SF61745",4.25,"Tasa objetivo Banco de México"
2021-07-26,"SF61745",4.25,"Tasa objetivo Banco de México"
2021-07-27,"SF61745",4.25,"Tasa objetivo Banco de México"
2021-07-28,"SF61745",4.25,"Tasa objetivo Banco de México"
2021-07-29,"SF61745",4.25,"Tasa objetivo Banco de México"
2021-07-30,"SF61745",4.25,"Tasa objetivo Banco de México"
2021-07-31,"SF61745",4.25,"Tasa objetivo Banco de México"
2021-08-01,"SF61745",4.25,"Tasa objetivo Banco de México"
2021-08-02,"SF61745",4.25,"Tasa objetivo Banco de México"
2021-08-03,"SF61745",4.25,"Tasa objetivo Banco de México"
2021-08-04,"SF61745",4.25,"Tasa objetivo Banco de México"
2021-08-05,"SF61745",4.25,"Tasa objetivo Banco de México"
2021-08-06,"SF61745",4.25,"Tasa objetivo Banco de México"
2021-08-07,"SF61745",4.25,"Tasa objetivo Banco de México"
2021-08-08,"SF61745",4.25,"Tasa objetivo Banco de México"
2021-08-09,"SF61745",4.25,"Tasa objetivo Banco de México"
2021-08-10,"SF61745",4.25,"Tasa objetivo Banco de México"
2021-08-11,"SF61745",4.25,"Tasa objetivo Banco de México"
2021-08-12,"SF61745",4.25,"Tasa objetivo Banco de México"
2021-08-13,"SF61745",4.5,"Tasa objetivo Banco de México"
2021-08-14,"SF61745",4.5,"Tasa objetivo Banco de México"
2021-08-15,"SF61745",4.5,"Tasa objetivo Banco de México"
2021-08-16,"SF61745",4.5,"Tasa objetivo Banco de México"
2021-08-17,"SF61745",4.5,"Tasa objetivo Banco de México"
2021-08-18,"SF61745",4.5,"Tasa objetivo Banco de México"
2021-08-19,"SF61745",4.5,"Tasa objetivo Banco de México"
2021-08-20,"SF61745",4.5,"Tasa objetivo Banco de México"
2021-08-21,"SF61745",4.5,"Tasa objetivo Banco de México"
2021-08-22,"SF61745",4.5,"Tasa objetivo Banco de México"
2021-08-23,"SF61745",4.5,"Tasa objetivo Banco de México"
2021-08-24,"SF61745",4.5,"Tasa objetivo Banco de México"
2021-08-25,"SF61745",4.5,"Tasa objetivo Banco de México"
2021-08-26,"SF61745",4.5,"Tasa objetivo Banco de México"
2021-08-27,"SF61745",4.5,"Tasa objetivo Banco de México"
2021-08-28,"SF61745",4.5,"Tasa objetivo Banco de México"
2021-08-29,"SF61745",4.5,"Tasa objetivo Banco de México"
2021-08-30,"SF61745",4.5,"Tasa objetivo Banco de México"
2021-08-31,"SF61745",4.5,"Tasa objetivo Banco de México"
2021-09-01,"SF61745",4.5,"Tasa objetivo Banco de México"
2021-09-02,"SF61745",4.5,"Tasa objetivo Banco de México"
2021-09-03,"SF61745",4.5,"Tasa objetivo Banco de México"
2021-09-04,"SF61745",4.5,"Tasa objetivo Banco de México"
2021-09-05,"SF61745",4.5,"Tasa objetivo Banco de México"
2021-09-06,"SF61745",4.5,"Tasa objetivo Banco de México"
2021-09-07,"SF61745",4.5,"Tasa objetivo Banco de México"
2021-09-08,"SF61745",4.5,"Tasa objetivo Banco de México"
2021-09-09,"SF61745",4.5,"Tasa objetivo Banco de México"
2021-09-10,"SF61745",4.5,"Tasa objetivo Banco de México"
2021-09-11,"SF61745",4.5,"Tasa objetivo Banco de México"
2021-09-12,"SF61745",4.5,"Tasa objetivo Banco de México"
2021-09-13,"SF61745",4.5,"Tasa objetivo Banco de México"
2021-09-14,"SF61745",4.5,"Tasa objetivo Banco de México"
2021-09-15,"SF61745",4.5,"Tasa objetivo Banco de México"
2021-09-16,"SF61745",4.5,"Tasa objetivo Banco de México"
2021-09-17,"SF61745",4.5,"Tasa objetivo Banco de México"
2021-09-18,"SF61745",4.5,"Tasa objetivo Banco de México"
2021-09-19,"SF61745",4.5,"Tasa objetivo Banco de México"
2021-09-20,"SF61745",4.5,"Tasa objetivo Banco de México"
2021-09-21,"SF61745",4.5,"Tasa objetivo Banco de México"
2021-09-22,"SF61745",4.5,"Tasa objetivo Banco de México"
2021-09-23,"SF61745",4.5,"Tasa objetivo Banco de México"
2021-09-24,"SF61745",4.5,"Tasa objetivo Banco de México"
2021-09-25,"SF61745",4.5,"Tasa objetivo Banco de México"
2021-09-26,"SF61745",4.5,"Tasa objetivo Banco de México"
2021-09-27,"SF61745",4.5,"Tasa objetivo Banco de México"
2021-09-28,"SF61745",4.5,"Tasa objetivo Banco de México"
2021-09-29,"SF61745",4.5,"Tasa objetivo Banco de México"
2021-09-30,"SF61745",4.5,"Tasa objetivo Banco de México"
2021-10-01,"SF61745",4.75,"Tasa objetivo Banco de México"
2021-10-02,"SF61745",4.75,"Tasa objetivo Banco de México"
2021-10-03,"SF61745",4.75,"Tasa objetivo Banco de México"
2021-10-04,"SF61745",4.75,"Tasa objetivo Banco de México"
2021-10-05,"SF61745",4.75,"Tasa objetivo Banco de México"
2021-10-06,"SF61745",4.75,"Tasa objetivo Banco de México"
2021-10-07,"SF61745",4.75,"Tasa objetivo Banco de México"
2021-10-08,"SF61745",4.75,"Tasa objetivo Banco de México"
2021-10-09,"SF61745",4.75,"Tasa objetivo Banco de México"
2021-10-10,"SF61745",4.75,"Tasa objetivo Banco de México"
2021-10-11,"SF61745",4.75,"Tasa objetivo Banco de México"
2021-10-12,"SF61745",4.75,"Tasa objetivo Banco de México"
2021-10-13,"SF61745",4.75,"Tasa objetivo Banco de México"
2021-10-14,"SF61745",4.75,"Tasa objetivo Banco de México"
2021-10-15,"SF61745",4.75,"Tasa objetivo Banco de México"
2021-10-16,"SF61745",4.75,"Tasa objetivo Banco de México"
2021-10-17,"SF61745",4.75,"Tasa objetivo Banco de México"
2021-10-18,"SF61745",4.75,"Tasa objetivo Banco de México"
2021-10-19,"SF61745",4.75,"Tasa objetivo Banco de México"
2021-10-20,"SF61745",4.75,"Tasa objetivo Banco de México"
2021-10-21,"SF61745",4.75,"Tasa objetivo Banco de México"
2021-10-22,"SF61745",4.75,"Tasa objetivo Banco de México"
2021-10-23,"SF61745",4.75,"Tasa objetivo Banco de México"
2021-10-24,"SF61745",4.75,"Tasa objetivo Banco de México"
2021-10-25,"SF61745",4.75,"Tasa objetivo Banco de México"
2021-10-26,"SF61745",4.75,"Tasa objetivo Banco de México"
2021-10-27,"SF61745",4.75,"Tasa objetivo Banco de México"
2021-10-28,"SF61745",4.75,"Tasa objetivo Banco de México"
2021-10-29,"SF61745",4.75,"Tasa objetivo Banco de México"
2021-10-30,"SF61745",4.75,"Tasa objetivo Banco de México"
2021-10-31,"SF61745",4.75,"Tasa objetivo Banco de México"
2021-11-01,"SF61745",4.75,"Tasa objetivo Banco de México"
2021-11-02,"SF61745",4.75,"Tasa objetivo Banco de México"
2021-11-03,"SF61745",4.75,"Tasa objetivo Banco de México"
2021-11-04,"SF61745",4.75,"Tasa objetivo Banco de México"
2021-11-05,"SF61745",4.75,"Tasa objetivo Banco de México"
2021-11-06,"SF61745",4.75,"Tasa objetivo Banco de México"
2021-11-07,"SF61745",4.75,"Tasa objetivo Banco de México"
2021-11-08,"SF61745",4.75,"Tasa objetivo Banco de México"
2021-11-09,"SF61745",4.75,"Tasa objetivo Banco de México"
2021-11-10,"SF61745",4.75,"Tasa objetivo Banco de México"
2021-11-11,"SF61745",4.75,"Tasa objetivo Banco de México"
2021-11-12,"SF61745",5,"Tasa objetivo Banco de México"
2021-11-13,"SF61745",5,"Tasa objetivo Banco de México"
2021-11-14,"SF61745",5,"Tasa objetivo Banco de México"
2021-11-15,"SF61745",5,"Tasa objetivo Banco de México"
2021-11-16,"SF61745",5,"Tasa objetivo Banco de México"
2021-11-17,"SF61745",5,"Tasa objetivo Banco de México"
2021-11-18,"SF61745",5,"Tasa objetivo Banco de México"
2021-11-19,"SF61745",5,"Tasa objetivo Banco de México"
2021-11-20,"SF61745",5,"Tasa objetivo Banco de México"
2021-11-21,"SF61745",5,"Tasa objetivo Banco de México"
2021-11-22,"SF61745",5,"Tasa objetivo Banco de México"
2021-11-23,"SF61745",5,"Tasa objetivo Banco de México"
2021-11-24,"SF61745",5,"Tasa objetivo Banco de México"
2021-11-25,"SF61745",5,"Tasa objetivo Banco de México"
2021-11-26,"SF61745",5,"Tasa objetivo Banco de México"
2021-11-27,"SF61745",5,"Tasa objetivo Banco de México"
2021-11-28,"SF61745",5,"Tasa objetivo Banco de México"
2021-11-29,"SF61745",5,"Tasa objetivo Banco de México"
2021-11-30,"SF61745",5,"Tasa objetivo Banco de México"
2021-12-01,"SF61745",5,"Tasa objetivo Banco de México"
2021-12-02,"SF61745",5,"Tasa objetivo Banco de México"
2021-12-03,"SF61745",5,"Tasa objetivo Banco de México"
2021-12-04,"SF61745",5,"Tasa objetivo Banco de México"
2021-12-05,"SF61745",5,"Tasa objetivo Banco de México"
2021-12-06,"SF61745",5,"Tasa objetivo Banco de México"
2021-12-07,"SF61745",5,"Tasa objetivo Banco de México"
2021-12-08,"SF61745",5,"Tasa objetivo Banco de México"
2021-12-09,"SF61745",5,"Tasa objetivo Banco de México"
2021-12-10,"SF61745",5,"Tasa objetivo Banco de México"
2021-12-11,"SF61745",5,"Tasa objetivo Banco de México"
2021-12-12,"SF61745",5,"Tasa objetivo Banco de México"
2021-12-13,"SF61745",5,"Tasa objetivo Banco de México"
2021-12-14,"SF61745",5,"Tasa objetivo Banco de México"
2021-12-15,"SF61745",5,"Tasa objetivo Banco de México"
2021-12-16,"SF61745",5,"Tasa objetivo Banco de México"
2021-12-17,"SF61745",5.5,"Tasa objetivo Banco de México"
2021-12-18,"SF61745",5.5,"Tasa objetivo Banco de México"
2021-12-19,"SF61745",5.5,"Tasa objetivo Banco de México"
2021-12-20,"SF61745",5.5,"Tasa objetivo Banco de México"
2021-12-21,"SF61745",5.5,"Tasa objetivo Banco de México"
2021-12-22,"SF61745",5.5,"Tasa objetivo Banco de México"
2021-12-23,"SF61745",5.5,"Tasa objetivo Banco de México"
2021-12-24,"SF61745",5.5,"Tasa objetivo Banco de México"
2021-12-25,"SF61745",5.5,"Tasa objetivo Banco de México"
2021-12-26,"SF61745",5.5,"Tasa objetivo Banco de México"
2021-12-27,"SF61745",5.5,"Tasa objetivo Banco de México"
2021-12-28,"SF61745",5.5,"Tasa objetivo Banco de México"
2021-12-29,"SF61745",5.5,"Tasa objetivo Banco de México"
2021-12-30,"SF61745",5.5,"Tasa objetivo Banco de México"
2021-12-31,"SF61745",5.5,"Tasa objetivo Banco de México"
2022-01-01,"SF61745",5.5,"Tasa objetivo Banco de México"
2022-01-02,"SF61745",5.5,"Tasa objetivo Banco de México"
2022-01-03,"SF61745",5.5,"Tasa objetivo Banco de México"
2022-01-04,"SF61745",5.5,"Tasa objetivo Banco de México"
2022-01-05,"SF61745",5.5,"Tasa objetivo Banco de México"
2022-01-06,"SF61745",5.5,"Tasa objetivo Banco de México"
2022-01-07,"SF61745",5.5,"Tasa objetivo Banco de México"
2022-01-08,"SF61745",5.5,"Tasa objetivo Banco de México"
2022-01-09,"SF61745",5.5,"Tasa objetivo Banco de México"
2022-01-10,"SF61745",5.5,"Tasa objetivo Banco de México"
2022-01-11,"SF61745",5.5,"Tasa objetivo Banco de México"
2022-01-12,"SF61745",5.5,"Tasa objetivo Banco de México"
2022-01-13,"SF61745",5.5,"Tasa objetivo Banco de México"
2022-01-14,"SF61745",5.5,"Tasa objetivo Banco de México"
2022-01-15,"SF61745",5.5,"Tasa objetivo Banco de México"
2022-01-16,"SF61745",5.5,"Tasa objetivo Banco de México"
2022-01-17,"SF61745",5.5,"Tasa objetivo Banco de México"
2022-01-18,"SF61745",5.5,"Tasa objetivo Banco de México"
2022-01-19,"SF61745",5.5,"Tasa objetivo Banco de México"
2022-01-20,"SF61745",5.5,"Tasa objetivo Banco de México"
2022-01-21,"SF61745",5.5,"Tasa objetivo Banco de México"
2022-01-22,"SF61745",5.5,"Tasa objetivo Banco de México"
2022-01-23,"SF61745",5.5,"Tasa objetivo Banco de México"
2022-01-24,"SF61745",5.5,"Tasa objetivo Banco de México"
2022-01-25,"SF61745",5.5,"Tasa objetivo Banco de México"
2022-01-26,"SF61745",5.5,"Tasa objetivo Banco de México"
2022-01-27,"SF61745",5.5,"Tasa objetivo Banco de México"
2022-01-28,"SF61745",5.5,"Tasa objetivo Banco de México"
2022-01-29,"SF61745",5.5,"Tasa objetivo Banco de México"
2022-01-30,"SF61745",5.5,"Tasa objetivo Banco de México"
2022-01-31,"SF61745",5.5,"Tasa objetivo Banco de México"
2022-02-01,"SF61745",5.5,"Tasa objetivo Banco de México"
2022-02-02,"SF61745",5.5,"Tasa objetivo Banco de México"
2022-02-03,"SF61745",5.5,"Tasa objetivo Banco de México"
2022-02-04,"SF61745",5.5,"Tasa objetivo Banco de México"
2022-02-05,"SF61745",5.5,"Tasa objetivo Banco de México"
2022-02-06,"SF61745",5.5,"Tasa objetivo Banco de México"
2022-02-07,"SF61745",5.5,"Tasa objetivo Banco de México"
2022-02-08,"SF61745",5.5,"Tasa objetivo Banco de México"
2022-02-09,"SF61745",5.5,"Tasa objetivo Banco de México"
2022-02-10,"SF61745",5.5,"Tasa objetivo Banco de México"
2022-02-11,"SF61745",6,"Tasa objetivo Banco de México"
2022-02-12,"SF61745",6,"Tasa objetivo Banco de México"
2022-02-13,"SF61745",6,"Tasa objetivo Banco de México"
2022-02-14,"SF61745",6,"Tasa objetivo Banco de México"
2022-02-15,"SF61745",6,"Tasa objetivo Banco de México"
2022-02-16,"SF61745",6,"Tasa objetivo Banco de México"
2022-02-17,"SF61745",6,"Tasa objetivo Banco de México"
2022-02-18,"SF61745",6,"Tasa objetivo Banco de México"
2022-02-19,"SF61745",6,"Tasa objetivo Banco de México"
2022-02-20,"SF61745",6,"Tasa objetivo Banco de México"
2022-02-21,"SF61745",6,"Tasa objetivo Banco de México"
2022-02-22,"SF61745",6,"Tasa objetivo Banco de México"
2022-02-23,"SF61745",6,"Tasa objetivo Banco de México"
2022-02-24,"SF61745",6,"Tasa objetivo Banco de México"
2022-02-25,"SF61745",6,"Tasa objetivo Banco de México"
2022-02-26,"SF61745",6,"Tasa objetivo Banco de México"
2022-02-27,"SF61745",6,"Tasa objetivo Banco de México"
2022-02-28,"SF61745",6,"Tasa objetivo Banco de México"
2022-03-01,"SF61745",6,"Tasa objetivo Banco de México"
2022-03-02,"SF61745",6,"Tasa objetivo Banco de México"
2022-03-03,"SF61745",6,"Tasa objetivo Banco de México"
2022-03-04,"SF61745",6,"Tasa objetivo Banco de México"
2022-03-05,"SF61745",6,"Tasa objetivo Banco de México"
2022-03-06,"SF61745",6,"Tasa objetivo Banco de México"
2022-03-07,"SF61745",6,"Tasa objetivo Banco de México"
2022-03-08,"SF61745",6,"Tasa objetivo Banco de México"
2022-03-09,"SF61745",6,"Tasa objetivo Banco de México"
2022-03-10,"SF61745",6,"Tasa objetivo Banco de México"
2022-03-11,"SF61745",6,"Tasa objetivo Banco de México"
2022-03-12,"SF61745",6,"Tasa objetivo Banco de México"
2022-03-13,"SF61745",6,"Tasa objetivo Banco de México"
2022-03-14,"SF61745",6,"Tasa objetivo Banco de México"
2022-03-15,"SF61745",6,"Tasa objetivo Banco de México"
2022-03-16,"SF61745",6,"Tasa objetivo Banco de México"
2022-03-17,"SF61745",6,"Tasa objetivo Banco de México"
2022-03-18,"SF61745",6,"Tasa objetivo Banco de México"
2022-03-19,"SF61745",6,"Tasa objetivo Banco de México"
2022-03-20,"SF61745",6,"Tasa objetivo Banco de México"
2022-03-21,"SF61745",6,"Tasa objetivo Banco de México"
2022-03-22,"SF61745",6,"Tasa objetivo Banco de México"
2022-03-23,"SF61745",6,"Tasa objetivo Banco de México"
2022-03-24,"SF61745",6,"Tasa objetivo Banco de México"
2022-03-25,"SF61745",6.5,"Tasa objetivo Banco de México"
2022-03-26,"SF61745",6.5,"Tasa objetivo Banco de México"
2022-03-27,"SF61745",6.5,"Tasa objetivo Banco de México"
2022-03-28,"SF61745",6.5,"Tasa objetivo Banco de México"
2022-03-29,"SF61745",6.5,"Tasa objetivo Banco de México"
2022-03-30,"SF61745",6.5,"Tasa objetivo Banco de México"
2022-03-31,"SF61745",6.5,"Tasa objetivo Banco de México"
2022-04-01,"SF61745",6.5,"Tasa objetivo Banco de México"
2022-04-02,"SF61745",6.5,"Tasa objetivo Banco de México"
2022-04-03,"SF61745",6.5,"Tasa objetivo Banco de México"
2022-04-04,"SF61745",6.5,"Tasa objetivo Banco de México"
2022-04-05,"SF61745",6.5,"Tasa objetivo Banco de México"
2022-04-06,"SF61745",6.5,"Tasa objetivo Banco de México"
2022-04-07,"SF61745",6.5,"Tasa objetivo Banco de México"
2022-04-08,"SF61745",6.5,"Tasa objetivo Banco de México"
2022-04-09,"SF61745",6.5,"Tasa objetivo Banco de México"
2022-04-11,"SF61745",6.5,"Tasa objetivo Banco de México"
2022-04-12,"SF61745",6.5,"Tasa objetivo Banco de México"
2022-04-13,"SF61745",6.5,"Tasa objetivo Banco de México"
2022-04-14,"SF61745",6.5,"Tasa objetivo Banco de México"
2022-04-15,"SF61745",6.5,"Tasa objetivo Banco de México"
2022-04-16,"SF61745",6.5,"Tasa objetivo Banco de México"
2022-04-17,"SF61745",6.5,"Tasa objetivo Banco de México"
2022-04-18,"SF61745",6.5,"Tasa objetivo Banco de México"
2022-04-19,"SF61745",6.5,"Tasa objetivo Banco de México"
2022-04-20,"SF61745",6.5,"Tasa objetivo Banco de México"
2022-04-21,"SF61745",6.5,"Tasa objetivo Banco de México"
2022-04-22,"SF61745",6.5,"Tasa objetivo Banco de México"
2022-04-23,"SF61745",6.5,"Tasa objetivo Banco de México"
2022-04-24,"SF61745",6.5,"Tasa objetivo Banco de México"
2022-04-25,"SF61745",6.5,"Tasa objetivo Banco de México"
2022-04-26,"SF61745",6.5,"Tasa objetivo Banco de México"
2022-04-27,"SF61745",6.5,"Tasa objetivo Banco de México"
2022-04-28,"SF61745",6.5,"Tasa objetivo Banco de México"
2022-04-29,"SF61745",6.5,"Tasa objetivo Banco de México"
2022-04-30,"SF61745",6.5,"Tasa objetivo Banco de México"
2022-05-01,"SF61745",6.5,"Tasa objetivo Banco de México"
2022-05-02,"SF61745",6.5,"Tasa objetivo Banco de México"
2022-05-03,"SF61745",6.5,"Tasa objetivo Banco de México"
2022-05-04,"SF61745",6.5,"Tasa objetivo Banco de México"
2022-05-05,"SF61745",6.5,"Tasa objetivo Banco de México"
2022-05-06,"SF61745",6.5,"Tasa objetivo Banco de México"
2022-05-07,"SF61745",6.5,"Tasa objetivo Banco de México"
2022-05-08,"SF61745",6.5,"Tasa objetivo Banco de México"
2022-05-09,"SF61745",6.5,"Tasa objetivo Banco de México"
2022-05-10,"SF61745",6.5,"Tasa objetivo Banco de México"
2022-05-11,"SF61745",6.5,"Tasa objetivo Banco de México"
2022-05-12,"SF61745",6.5,"Tasa objetivo Banco de México"
2022-05-13,"SF61745",7,"Tasa objetivo Banco de México"
2022-05-14,"SF61745",7,"Tasa objetivo Banco de México"
2022-05-15,"SF61745",7,"Tasa objetivo Banco de México"
2022-05-16,"SF61745",7,"Tasa objetivo Banco de México"
2022-05-17,"SF61745",7,"Tasa objetivo Banco de México"
2022-05-18,"SF61745",7,"Tasa objetivo Banco de México"
2022-05-19,"SF61745",7,"Tasa objetivo Banco de México"
2022-05-20,"SF61745",7,"Tasa objetivo Banco de México"
2022-05-21,"SF61745",7,"Tasa objetivo Banco de México"
2022-05-22,"SF61745",7,"Tasa objetivo Banco de México"
2022-05-23,"SF61745",7,"Tasa objetivo Banco de México"
2022-05-24,"SF61745",7,"Tasa objetivo Banco de México"
2022-05-25,"SF61745",7,"Tasa objetivo Banco de México"
2022-05-26,"SF61745",7,"Tasa objetivo Banco de México"
2022-05-27,"SF61745",7,"Tasa objetivo Banco de México"
2022-05-28,"SF61745",7,"Tasa objetivo Banco de México"
2022-05-29,"SF61745",7,"Tasa objetivo Banco de México"
2022-05-30,"SF61745",7,"Tasa objetivo Banco de México"
2022-05-31,"SF61745",7,"Tasa objetivo Banco de México"
2022-06-01,"SF61745",7,"Tasa objetivo Banco de México"
2022-06-02,"SF61745",7,"Tasa objetivo Banco de México"
2022-06-03,"SF61745",7,"Tasa objetivo Banco de México"
2022-06-04,"SF61745",7,"Tasa objetivo Banco de México"
2022-06-05,"SF61745",7,"Tasa objetivo Banco de México"
2022-06-06,"SF61745",7,"Tasa objetivo Banco de México"
2022-06-07,"SF61745",7,"Tasa objetivo Banco de México"
2022-06-08,"SF61745",7,"Tasa objetivo Banco de México"
2022-06-09,"SF61745",7,"Tasa objetivo Banco de México"
2022-06-10,"SF61745",7,"Tasa objetivo Banco de México"
2022-06-11,"SF61745",7,"Tasa objetivo Banco de México"
2022-06-12,"SF61745",7,"Tasa objetivo Banco de México"
2022-06-13,"SF61745",7,"Tasa objetivo Banco de México"
2022-06-14,"SF61745",7,"Tasa objetivo Banco de México"
2022-06-15,"SF61745",7,"Tasa objetivo Banco de México"
2022-06-16,"SF61745",7,"Tasa objetivo Banco de México"
2022-06-17,"SF61745",7,"Tasa objetivo Banco de México"
2022-06-18,"SF61745",7,"Tasa objetivo Banco de México"
2022-06-19,"SF61745",7,"Tasa objetivo Banco de México"
2022-06-20,"SF61745",7,"Tasa objetivo Banco de México"
2022-06-21,"SF61745",7,"Tasa objetivo Banco de México"
2022-06-22,"SF61745",7,"Tasa objetivo Banco de México"
2022-06-23,"SF61745",7,"Tasa objetivo Banco de México"
2022-06-24,"SF61745",7.75,"Tasa objetivo Banco de México"
2022-06-25,"SF61745",7.75,"Tasa objetivo Banco de México"
2022-06-26,"SF61745",7.75,"Tasa objetivo Banco de México"
2022-06-27,"SF61745",7.75,"Tasa objetivo Banco de México"
2022-06-28,"SF61745",7.75,"Tasa objetivo Banco de México"
2022-06-29,"SF61745",7.75,"Tasa objetivo Banco de México"
2022-06-30,"SF61745",7.75,"Tasa objetivo Banco de México"
2022-07-01,"SF61745",7.75,"Tasa objetivo Banco de México"
2022-07-02,"SF61745",7.75,"Tasa objetivo Banco de México"
2022-07-03,"SF61745",7.75,"Tasa objetivo Banco de México"
2022-07-04,"SF61745",7.75,"Tasa objetivo Banco de México"
2022-07-05,"SF61745",7.75,"Tasa objetivo Banco de México"
2022-07-06,"SF61745",7.75,"Tasa objetivo Banco de México"
2022-07-07,"SF61745",7.75,"Tasa objetivo Banco de México"
2022-07-08,"SF61745",7.75,"Tasa objetivo Banco de México"
2022-07-09,"SF61745",7.75,"Tasa objetivo Banco de México"
2022-07-10,"SF61745",7.75,"Tasa objetivo Banco de México"
2022-07-11,"SF61745",7.75,"Tasa objetivo Banco de México"
2022-07-12,"SF61745",7.75,"Tasa objetivo Banco de México"
2022-07-13,"SF61745",7.75,"Tasa objetivo Banco de México"
2022-07-14,"SF61745",7.75,"Tasa objetivo Banco de México"
2022-07-15,"SF61745",7.75,"Tasa objetivo Banco de México"
2022-07-16,"SF61745",7.75,"Tasa objetivo Banco de México"
2022-07-17,"SF61745",7.75,"Tasa objetivo Banco de México"
2022-07-18,"SF61745",7.75,"Tasa objetivo Banco de México"
2022-07-19,"SF61745",7.75,"Tasa objetivo Banco de México"
2022-07-20,"SF61745",7.75,"Tasa objetivo Banco de México"
2022-07-21,"SF61745",7.75,"Tasa objetivo Banco de México"
2022-07-22,"SF61745",7.75,"Tasa objetivo Banco de México"
2022-07-23,"SF61745",7.75,"Tasa objetivo Banco de México"
2022-07-24,"SF61745",7.75,"Tasa objetivo Banco de México"
2022-07-25,"SF61745",7.75,"Tasa objetivo Banco de México"
2022-07-26,"SF61745",7.75,"Tasa objetivo Banco de México"
2022-07-27,"SF61745",7.75,"Tasa objetivo Banco de México"
2022-07-28,"SF61745",7.75,"Tasa objetivo Banco de México"
2022-07-29,"SF61745",7.75,"Tasa objetivo Banco de México"
2022-07-30,"SF61745",7.75,"Tasa objetivo Banco de México"
2022-07-31,"SF61745",7.75,"Tasa objetivo Banco de México"
2022-08-01,"SF61745",7.75,"Tasa objetivo Banco de México"
2022-08-02,"SF61745",7.75,"Tasa objetivo Banco de México"
2022-08-03,"SF61745",7.75,"Tasa objetivo Banco de México"
2022-08-04,"SF61745",7.75,"Tasa objetivo Banco de México"
2022-08-05,"SF61745",7.75,"Tasa objetivo Banco de México"
2022-08-06,"SF61745",7.75,"Tasa objetivo Banco de México"
2022-08-07,"SF61745",7.75,"Tasa objetivo Banco de México"
2022-08-08,"SF61745",7.75,"Tasa objetivo Banco de México"
2022-08-09,"SF61745",7.75,"Tasa objetivo Banco de México"
2022-08-10,"SF61745",7.75,"Tasa objetivo Banco de México"
2022-08-11,"SF61745",7.75,"Tasa objetivo Banco de México"
2022-08-12,"SF61745",8.5,"Tasa objetivo Banco de México"
2022-08-13,"SF61745",8.5,"Tasa objetivo Banco de México"
2022-08-14,"SF61745",8.5,"Tasa objetivo Banco de México"
2022-08-15,"SF61745",8.5,"Tasa objetivo Banco de México"
2022-08-16,"SF61745",8.5,"Tasa objetivo Banco de México"
2022-08-17,"SF61745",8.5,"Tasa objetivo Banco de México"
2022-08-18,"SF61745",8.5,"Tasa objetivo Banco de México"
2022-08-19,"SF61745",8.5,"Tasa objetivo Banco de México"
2022-08-20,"SF61745",8.5,"Tasa objetivo Banco de México"
2022-08-21,"SF61745",8.5,"Tasa objetivo Banco de México"
2022-08-22,"SF61745",8.5,"Tasa objetivo Banco de México"
2022-08-23,"SF61745",8.5,"Tasa objetivo Banco de México"
2022-08-24,"SF61745",8.5,"Tasa objetivo Banco de México"
2022-08-25,"SF61745",8.5,"Tasa objetivo Banco de México"
2022-08-26,"SF61745",8.5,"Tasa objetivo Banco de México"
2022-08-27,"SF61745",8.5,"Tasa objetivo Banco de México"
2022-08-28,"SF61745",8.5,"Tasa objetivo Banco de México"
2022-08-29,"SF61745",8.5,"Tasa objetivo Banco de México"
2022-08-30,"SF61745",8.5,"Tasa objetivo Banco de México"
2022-08-31,"SF61745",8.5,"Tasa objetivo Banco de México"
2022-09-01,"SF61745",8.5,"Tasa objetivo Banco de México"
2022-09-02,"SF61745",8.5,"Tasa objetivo Banco de México"
2022-09-03,"SF61745",8.5,"Tasa objetivo Banco de México"
2022-09-04,"SF61745",8.5,"Tasa objetivo Banco de México"
2022-09-05,"SF61745",8.5,"Tasa objetivo Banco de México"
2022-09-06,"SF61745",8.5,"Tasa objetivo Banco de México"
2022-09-07,"SF61745",8.5,"Tasa objetivo Banco de México"
2022-09-08,"SF61745",8.5,"Tasa objetivo Banco de México"
2022-09-09,"SF61745",8.5,"Tasa objetivo Banco de México"
2022-09-10,"SF61745",8.5,"Tasa objetivo Banco de México"
2022-09-11,"SF61745",8.5,"Tasa objetivo Banco de México"
2022-09-12,"SF61745",8.5,"Tasa objetivo Banco de México"
2022-09-13,"SF61745",8.5,"Tasa objetivo Banco de México"
2022-09-14,"SF61745",8.5,"Tasa objetivo Banco de México"
2022-09-15,"SF61745",8.5,"Tasa objetivo Banco de México"
2022-09-16,"SF61745",8.5,"Tasa objetivo Banco de México"
2022-09-17,"SF61745",8.5,"Tasa objetivo Banco de México"
2022-09-18,"SF61745",8.5,"Tasa objetivo Banco de México"
2022-09-19,"SF61745",8.5,"Tasa objetivo Banco de México"
2022-09-20,"SF61745",8.5,"Tasa objetivo Banco de México"
2022-09-21,"SF61745",8.5,"Tasa objetivo Banco de México"
2022-09-22,"SF61745",8.5,"Tasa objetivo Banco de México"
2022-09-23,"SF61745",8.5,"Tasa objetivo Banco de México"
2022-09-24,"SF61745",8.5,"Tasa objetivo Banco de México"
2022-09-26,"SF61745",8.5,"Tasa objetivo Banco de México"
2022-09-27,"SF61745",8.5,"Tasa objetivo Banco de México"
2022-09-28,"SF61745",8.5,"Tasa objetivo Banco de México"
2022-09-29,"SF61745",8.5,"Tasa objetivo Banco de México"
2022-09-30,"SF61745",9.25,"Tasa objetivo Banco de México"
2022-10-01,"SF61745",9.25,"Tasa objetivo Banco de México"
2022-10-02,"SF61745",9.25,"Tasa objetivo Banco de México"
2022-10-03,"SF61745",9.25,"Tasa objetivo Banco de México"
2022-10-04,"SF61745",9.25,"Tasa objetivo Banco de México"
2022-10-05,"SF61745",9.25,"Tasa objetivo Banco de México"
2022-10-06,"SF61745",9.25,"Tasa objetivo Banco de México"
2022-10-07,"SF61745",9.25,"Tasa objetivo Banco de México"
2022-10-08,"SF61745",9.25,"Tasa objetivo Banco de México"
2022-10-09,"SF61745",9.25,"Tasa objetivo Banco de México"
2022-10-10,"SF61745",9.25,"Tasa objetivo Banco de México"
2022-10-11,"SF61745",9.25,"Tasa objetivo Banco de México"
2022-10-12,"SF61745",9.25,"Tasa objetivo Banco de México"
2022-10-13,"SF61745",9.25,"Tasa objetivo Banco de México"
2022-10-14,"SF61745",9.25,"Tasa objetivo Banco de México"
2022-10-15,"SF61745",9.25,"Tasa objetivo Banco de México"
2022-10-16,"SF61745",9.25,"Tasa objetivo Banco de México"
2022-10-17,"SF61745",9.25,"Tasa objetivo Banco de México"
2022-10-18,"SF61745",9.25,"Tasa objetivo Banco de México"
2022-10-19,"SF61745",9.25,"Tasa objetivo Banco de México"
2022-10-20,"SF61745",9.25,"Tasa objetivo Banco de México"
2022-10-21,"SF61745",9.25,"Tasa objetivo Banco de México"
2022-10-22,"SF61745",9.25,"Tasa objetivo Banco de México"
2022-10-23,"SF61745",9.25,"Tasa objetivo Banco de México"
2022-10-24,"SF61745",9.25,"Tasa objetivo Banco de México"
2022-10-25,"SF61745",9.25,"Tasa objetivo Banco de México"
2022-10-26,"SF61745",9.25,"Tasa objetivo Banco de México"
2022-10-27,"SF61745",9.25,"Tasa objetivo Banco de México"
2022-10-28,"SF61745",9.25,"Tasa objetivo Banco de México"
2022-10-29,"SF61745",9.25,"Tasa objetivo Banco de México"
2022-10-30,"SF61745",9.25,"Tasa objetivo Banco de México"
2022-10-31,"SF61745",9.25,"Tasa objetivo Banco de México"
2022-11-01,"SF61745",9.25,"Tasa objetivo Banco de México"
2022-11-02,"SF61745",9.25,"Tasa objetivo Banco de México"
2022-11-03,"SF61745",9.25,"Tasa objetivo Banco de México"
2022-11-04,"SF61745",9.25,"Tasa objetivo Banco de México"
2022-11-05,"SF61745",9.25,"Tasa objetivo Banco de México"
2022-11-06,"SF61745",9.25,"Tasa objetivo Banco de México"
2022-11-07,"SF61745",9.25,"Tasa objetivo Banco de México"
2022-11-08,"SF61745",9.25,"Tasa objetivo Banco de México"
2022-11-09,"SF61745",9.25,"Tasa objetivo Banco de México"
2022-11-10,"SF61745",9.25,"Tasa objetivo Banco de México"
2022-11-11,"SF61745",10,"Tasa objetivo Banco de México"
2022-11-12,"SF61745",10,"Tasa objetivo Banco de México"
2022-11-13,"SF61745",10,"Tasa objetivo Banco de México"
2022-11-14,"SF61745",10,"Tasa objetivo Banco de México"
2022-11-15,"SF61745",10,"Tasa objetivo Banco de México"
2022-11-16,"SF61745",10,"Tasa objetivo Banco de México"
2022-11-17,"SF61745",10,"Tasa objetivo Banco de México"
2022-11-18,"SF61745",10,"Tasa objetivo Banco de México"
2022-11-19,"SF61745",10,"Tasa objetivo Banco de México"
2022-11-20,"SF61745",10,"Tasa objetivo Banco de México"
2022-11-21,"SF61745",10,"Tasa objetivo Banco de México"
2022-11-22,"SF61745",10,"Tasa objetivo Banco de México"
2022-11-23,"SF61745",10,"Tasa objetivo Banco de México"
2022-11-24,"SF61745",10,"Tasa objetivo Banco de México"
2022-11-25,"SF61745",10,"Tasa objetivo Banco de México"
2022-11-26,"SF61745",10,"Tasa objetivo Banco de México"
2022-11-27,"SF61745",10,"Tasa objetivo Banco de México"
2022-11-28,"SF61745",10,"Tasa objetivo Banco de México"
2022-11-29,"SF61745",10,"Tasa objetivo Banco de México"
2022-11-30,"SF61745",10,"Tasa objetivo Banco de México"
2022-12-01,"SF61745",10,"Tasa objetivo Banco de México"
2022-12-02,"SF61745",10,"Tasa objetivo Banco de México"
2022-12-03,"SF61745",10,"Tasa objetivo Banco de México"
2022-12-04,"SF61745",10,"Tasa objetivo Banco de México"
2022-12-05,"SF61745",10,"Tasa objetivo Banco de México"
2022-12-06,"SF61745",10,"Tasa objetivo Banco de México"
2022-12-07,"SF61745",10,"Tasa objetivo Banco de México"
2022-12-08,"SF61745",10,"Tasa objetivo Banco de México"
2022-12-09,"SF61745",10,"Tasa objetivo Banco de México"
2022-12-10,"SF61745",10,"Tasa objetivo Banco de México"
2022-12-11,"SF61745",10,"Tasa objetivo Banco de México"
2022-12-12,"SF61745",10,"Tasa objetivo Banco de México"
2022-12-13,"SF61745",10,"Tasa objetivo Banco de México"
2022-12-14,"SF61745",10,"Tasa objetivo Banco de México"
2022-12-15,"SF61745",10,"Tasa objetivo Banco de México"
2022-12-16,"SF61745",10.5,"Tasa objetivo Banco de México"
2022-12-17,"SF61745",10.5,"Tasa objetivo Banco de México"
2022-12-18,"SF61745",10.5,"Tasa objetivo Banco de México"
2022-12-19,"SF61745",10.5,"Tasa objetivo Banco de México"
2022-12-20,"SF61745",10.5,"Tasa objetivo Banco de México"
2022-12-21,"SF61745",10.5,"Tasa objetivo Banco de México"
2022-12-22,"SF61745",10.5,"Tasa objetivo Banco de México"
2022-12-23,"SF61745",10.5,"Tasa objetivo Banco de México"
2022-12-24,"SF61745",10.5,"Tasa objetivo Banco de México"
2022-12-25,"SF61745",10.5,"Tasa objetivo Banco de México"
2022-12-26,"SF61745",10.5,"Tasa objetivo Banco de México"
2022-12-27,"SF61745",10.5,"Tasa objetivo Banco de México"
2022-12-28,"SF61745",10.5,"Tasa objetivo Banco de México"
2022-12-29,"SF61745",10.5,"Tasa objetivo Banco de México"
2022-12-30,"SF61745",10.5,"Tasa objetivo Banco de México"
2022-12-31,"SF61745",10.5,"Tasa objetivo Banco de México"
2023-01-01,"SF61745",10.5,"Tasa objetivo Banco de México"
2023-01-02,"SF61745",10.5,"Tasa objetivo Banco de México"
2023-01-03,"SF61745",10.5,"Tasa objetivo Banco de México"
2023-01-04,"SF61745",10.5,"Tasa objetivo Banco de México"
2023-01-05,"SF61745",10.5,"Tasa objetivo Banco de México"
2023-01-06,"SF61745",10.5,"Tasa objetivo Banco de México"
2023-01-07,"SF61745",10.5,"Tasa objetivo Banco de México"
2023-01-08,"SF61745",10.5,"Tasa objetivo Banco de México"
2023-01-09,"SF61745",10.5,"Tasa objetivo Banco de México"
2023-01-10,"SF61745",10.5,"Tasa objetivo Banco de México"
2023-01-11,"SF61745",10.5,"Tasa objetivo Banco de México"
2023-01-12,"SF61745",10.5,"Tasa objetivo Banco de México"
2023-01-13,"SF61745",10.5,"Tasa objetivo Banco de México"
2023-01-14,"SF61745",10.5,"Tasa objetivo Banco de México"
2023-01-15,"SF61745",10.5,"Tasa objetivo Banco de México"
2023-01-16,"SF61745",10.5,"Tasa objetivo Banco de México"
2023-01-17,"SF61745",10.5,"Tasa objetivo Banco de México"
2023-01-18,"SF61745",10.5,"Tasa objetivo Banco de México"
2023-01-19,"SF61745",10.5,"Tasa objetivo Banco de México"
2023-01-20,"SF61745",10.5,"Tasa objetivo Banco de México"
2023-01-21,"SF61745",10.5,"Tasa objetivo Banco de México"
2023-01-22,"SF61745",10.5,"Tasa objetivo Banco de México"
2023-01-23,"SF61745",10.5,"Tasa objetivo Banco de México"
2023-01-24,"SF61745",10.5,"Tasa objetivo Banco de México"
2023-01-25,"SF61745",10.5,"Tasa objetivo Banco de México"
2023-01-26,"SF61745",10.5,"Tasa objetivo Banco de México"
2023-01-27,"SF61745",10.5,"Tasa objetivo Banco de México"
2023-01-28,"SF61745",10.5,"Tasa objetivo Banco de México"
2023-01-29,"SF61745",10.5,"Tasa objetivo Banco de México"
2023-01-30,"SF61745",10.5,"Tasa objetivo Banco de México"
2023-01-31,"SF61745",10.5,"Tasa objetivo Banco de México"
2023-02-01,"SF61745",10.5,"Tasa objetivo Banco de México"
2023-02-02,"SF61745",10.5,"Tasa objetivo Banco de México"
2023-02-03,"SF61745",10.5,"Tasa objetivo Banco de México"
2023-02-04,"SF61745",10.5,"Tasa objetivo Banco de México"
2023-02-05,"SF61745",10.5,"Tasa objetivo Banco de México"
2023-02-06,"SF61745",10.5,"Tasa objetivo Banco de México"
2023-02-07,"SF61745",10.5,"Tasa objetivo Banco de México"
2023-02-08,"SF61745",10.5,"Tasa objetivo Banco de México"
2023-02-09,"SF61745",10.5,"Tasa objetivo Banco de México"
2023-02-10,"SF61745",11,"Tasa objetivo Banco de México"
2023-02-11,"SF61745",11,"Tasa objetivo Banco de México"
2023-02-12,"SF61745",11,"Tasa objetivo Banco de México"
2023-02-13,"SF61745",11,"Tasa objetivo Banco de México"
2023-02-14,"SF61745",11,"Tasa objetivo Banco de México"
2023-02-15,"SF61745",11,"Tasa objetivo Banco de México"
2023-02-16,"SF61745",11,"Tasa objetivo Banco de México"
2023-02-17,"SF61745",11,"Tasa objetivo Banco de México"
2023-02-18,"SF61745",11,"Tasa objetivo Banco de México"
2023-02-19,"SF61745",11,"Tasa objetivo Banco de México"
2023-02-20,"SF61745",11,"Tasa objetivo Banco de México"
2023-02-21,"SF61745",11,"Tasa objetivo Banco de México"
2023-02-22,"SF61745",11,"Tasa objetivo Banco de México"
2023-02-23,"SF61745",11,"Tasa objetivo Banco de México"
2023-02-24,"SF61745",11,"Tasa objetivo Banco de México"
2023-02-25,"SF61745",11,"Tasa objetivo Banco de México"
2023-02-26,"SF61745",11,"Tasa objetivo Banco de México"
2023-02-27,"SF61745",11,"Tasa objetivo Banco de México"
2023-02-28,"SF61745",11,"Tasa objetivo Banco de México"
2023-03-01,"SF61745",11,"Tasa objetivo Banco de México"
2023-03-02,"SF61745",11,"Tasa objetivo Banco de México"
2023-03-03,"SF61745",11,"Tasa objetivo Banco de México"
2023-03-04,"SF61745",11,"Tasa objetivo Banco de México"
2023-03-05,"SF61745",11,"Tasa objetivo Banco de México"
2023-03-06,"SF61745",11,"Tasa objetivo Banco de México"
2023-03-07,"SF61745",11,"Tasa objetivo Banco de México"
2023-03-08,"SF61745",11,"Tasa objetivo Banco de México"
2023-03-09,"SF61745",11,"Tasa objetivo Banco de México"
2023-03-10,"SF61745",11,"Tasa objetivo Banco de México"
2023-03-11,"SF61745",11,"Tasa objetivo Banco de México"
2023-03-12,"SF61745",11,"Tasa objetivo Banco de México"
2023-03-13,"SF61745",11,"Tasa objetivo Banco de México"
2023-03-14,"SF61745",11,"Tasa objetivo Banco de México"
2023-03-15,"SF61745",11,"Tasa objetivo Banco de México"
2023-03-16,"SF61745",11,"Tasa objetivo Banco de México"
2023-03-17,"SF61745",11,"Tasa objetivo Banco de México"
2023-03-18,"SF61745",11,"Tasa objetivo Banco de México"
2023-03-19,"SF61745",11,"Tasa objetivo Banco de México"
2023-03-20,"SF61745",11,"Tasa objetivo Banco de México"
2023-03-21,"SF61745",11,"Tasa objetivo Banco de México"
2023-03-22,"SF61745",11,"Tasa objetivo Banco de México"
2023-03-23,"SF61745",11,"Tasa objetivo Banco de México"
2023-03-24,"SF61745",11,"Tasa objetivo Banco de México"
2023-03-25,"SF61745",11,"Tasa objetivo Banco de México"
2023-03-26,"SF61745",11,"Tasa objetivo Banco de México"
2023-03-27,"SF61745",11,"Tasa objetivo Banco de México"
2023-03-28,"SF61745",11,"Tasa objetivo Banco de México"
2023-03-29,"SF61745",11,"Tasa objetivo Banco de México"
2023-03-30,"SF61745",11,"Tasa objetivo Banco de México"
2023-03-31,"SF61745",11.25,"Tasa objetivo Banco de México"
2023-04-01,"SF61745",11.25,"Tasa objetivo Banco de México"
2023-04-02,"SF61745",11.25,"Tasa objetivo Banco de México"
2023-04-03,"SF61745",11.25,"Tasa objetivo Banco de México"
2023-04-04,"SF61745",11.25,"Tasa objetivo Banco de México"
2023-04-05,"SF61745",11.25,"Tasa objetivo Banco de México"
2023-04-06,"SF61745",11.25,"Tasa objetivo Banco de México"
2023-04-07,"SF61745",11.25,"Tasa objetivo Banco de México"
2023-04-08,"SF61745",11.25,"Tasa objetivo Banco de México"
2023-04-09,"SF61745",11.25,"Tasa objetivo Banco de México"
2023-04-10,"SF61745",11.25,"Tasa objetivo Banco de México"
2023-04-11,"SF61745",11.25,"Tasa objetivo Banco de México"
2023-04-12,"SF61745",11.25,"Tasa objetivo Banco de México"
2023-04-13,"SF61745",11.25,"Tasa objetivo Banco de México"
2023-04-14,"SF61745",11.25,"Tasa objetivo Banco de México"
2023-04-15,"SF61745",11.25,"Tasa objetivo Banco de México"
2023-04-16,"SF61745",11.25,"Tasa objetivo Banco de México"
2023-04-17,"SF61745",11.25,"Tasa objetivo Banco de México"
2023-04-18,"SF61745",11.25,"Tasa objetivo Banco de México"
2023-04-19,"SF61745",11.25,"Tasa objetivo Banco de México"
2023-04-20,"SF61745",11.25,"Tasa objetivo Banco de México"
2023-04-21,"SF61745",11.25,"Tasa objetivo Banco de México"
2023-04-22,"SF61745",11.25,"Tasa objetivo Banco de México"
2023-04-23,"SF61745",11.25,"Tasa objetivo Banco de México"
2023-04-24,"SF61745",11.25,"Tasa objetivo Banco de México"
2023-04-25,"SF61745",11.25,"Tasa objetivo Banco de México"
2023-04-26,"SF61745",11.25,"Tasa objetivo Banco de México"
2023-04-27,"SF61745",11.25,"Tasa objetivo Banco de México"
2023-04-28,"SF61745",11.25,"Tasa objetivo Banco de México"
2023-04-29,"SF61745",11.25,"Tasa objetivo Banco de México"
2023-04-30,"SF61745",11.25,"Tasa objetivo Banco de México"
2023-05-01,"SF61745",11.25,"Tasa objetivo Banco de México"
2023-05-02,"SF61745",11.25,"Tasa objetivo Banco de México"
2023-05-03,"SF61745",11.25,"Tasa objetivo Banco de México"
2023-05-04,"SF61745",11.25,"Tasa objetivo Banco de México"
2023-05-05,"SF61745",11.25,"Tasa objetivo Banco de México"
2023-05-06,"SF61745",11.25,"Tasa objetivo Banco de México"
2023-05-07,"SF61745",11.25,"Tasa objetivo Banco de México"
2023-05-08,"SF61745",11.25,"Tasa objetivo Banco de México"
2023-05-09,"SF61745",11.25,"Tasa objetivo Banco de México"
2023-05-10,"SF61745",11.25,"Tasa objetivo Banco de México"
2023-05-11,"SF61745",11.25,"Tasa objetivo Banco de México"
2023-05-12,"SF61745",11.25,"Tasa objetivo Banco de México"
2023-05-13,"SF61745",11.25,"Tasa objetivo Banco de México"
2023-05-14,"SF61745",11.25,"Tasa objetivo Banco de México"
2023-05-15,"SF61745",11.25,"Tasa objetivo Banco de México"
2023-05-16,"SF61745",11.25,"Tasa objetivo Banco de México"
2023-05-17,"SF61745",11.25,"Tasa objetivo Banco de México"
2023-05-18,"SF61745",11.25,"Tasa objetivo Banco de México"
2023-05-19,"SF61745",11.25,"Tasa objetivo Banco de México"
2023-05-20,"SF61745",11.25,"Tasa objetivo Banco de México"
2023-05-21,"SF61745",11.25,"Tasa objetivo Banco de México"
2023-05-22,"SF61745",11.25,"Tasa objetivo Banco de México"
2023-05-23,"SF61745",11.25,"Tasa objetivo Banco de México"
2023-05-24,"SF61745",11.25,"Tasa objetivo Banco de México"
2023-05-25,"SF61745",11.25,"Tasa objetivo Banco de México"
2023-05-26,"SF61745",11.25,"Tasa objetivo Banco de México"
2023-05-27,"SF61745",11.25,"Tasa objetivo Banco de México"
2023-05-28,"SF61745",11.25,"Tasa objetivo Banco de México"
2023-05-29,"SF61745",11.25,"Tasa objetivo Banco de México"
2023-05-30,"SF61745",11.25,"Tasa objetivo Banco de México"
2023-05-31,"SF61745",11.25,"Tasa objetivo Banco de México"
2023-06-01,"SF61745",11.25,"Tasa objetivo Banco de México"
2023-06-02,"SF61745",11.25,"Tasa objetivo Banco de México"
2023-06-03,"SF61745",11.25,"Tasa objetivo Banco de México"
2023-06-04,"SF61745",11.25,"Tasa objetivo Banco de México"
2023-06-05,"SF61745",11.25,"Tasa objetivo Banco de México"
2023-06-06,"SF61745",11.25,"Tasa objetivo Banco de México"
2023-06-07,"SF61745",11.25,"Tasa objetivo Banco de México"
2023-06-08,"SF61745",11.25,"Tasa objetivo Banco de México"
2023-06-09,"SF61745",11.25,"Tasa objetivo Banco de México"
2023-06-10,"SF61745",11.25,"Tasa objetivo Banco de México"
2023-06-11,"SF61745",11.25,"Tasa objetivo Banco de México"
2023-06-12,"SF61745",11.25,"Tasa objetivo Banco de México"
2023-06-13,"SF61745",11.25,"Tasa objetivo Banco de México"
2023-06-14,"SF61745",11.25,"Tasa objetivo Banco de México"
2023-06-15,"SF61745",11.25,"Tasa objetivo Banco de México"
2023-06-16,"SF61745",11.25,"Tasa objetivo Banco de México"
2023-06-17,"SF61745",11.25,"Tasa objetivo Banco de México"
2023-06-18,"SF61745",11.25,"Tasa objetivo Banco de México"
2023-06-19,"SF61745",11.25,"Tasa objetivo Banco de México"
2023-06-20,"SF61745",11.25,"Tasa objetivo Banco de México"
2023-06-21,"SF61745",11.25,"Tasa objetivo Banco de México"
2023-06-22,"SF61745",11.25,"Tasa objetivo Banco de México"
2023-06-23,"SF61745",11.25,"Tasa objetivo Banco de México"
2023-06-24,"SF61745",11.25,"Tasa objetivo Banco de México"
2023-06-25,"SF61745",11.25,"Tasa objetivo Banco de México"
2023-06-26,"SF61745",11.25,"Tasa objetivo Banco de México"
2023-06-27,"SF61745",11.25,"Tasa objetivo Banco de México"
2023-06-28,"SF61745",11.25,"Tasa objetivo Banco de México"
2023-06-29,"SF61745",11.25,"Tasa objetivo Banco de México"
2023-06-30,"SF61745",11.25,"Tasa objetivo Banco de México"
2023-07-01,"SF61745",11.25,"Tasa objetivo Banco de México"
2023-07-02,"SF61745",11.25,"Tasa objetivo Banco de México"
2023-07-03,"SF61745",11.25,"Tasa objetivo Banco de México"
2023-07-04,"SF61745",11.25,"Tasa objetivo Banco de México"
2023-07-05,"SF61745",11.25,"Tasa objetivo Banco de México"
2023-07-06,"SF61745",11.25,"Tasa objetivo Banco de México"
2023-07-07,"SF61745",11.25,"Tasa objetivo Banco de México"
2023-07-08,"SF61745",11.25,"Tasa objetivo Banco de México"
2023-07-09,"SF61745",11.25,"Tasa objetivo Banco de México"
2023-07-10,"SF61745",11.25,"Tasa objetivo Banco de México"
2023-07-11,"SF61745",11.25,"Tasa objetivo Banco de México"
2023-07-12,"SF61745",11.25,"Tasa objetivo Banco de México"
2023-07-13,"SF61745",11.25,"Tasa objetivo Banco de México"
2023-07-14,"SF61745",11.25,"Tasa objetivo Banco de México"
2023-07-15,"SF61745",11.25,"Tasa objetivo Banco de México"
2023-07-16,"SF61745",11.25,"Tasa objetivo Banco de México"
2023-07-17,"SF61745",11.25,"Tasa objetivo Banco de México"
2023-07-18,"SF61745",11.25,"Tasa objetivo Banco de México"
2023-07-19,"SF61745",11.25,"Tasa objetivo Banco de México"
2023-07-20,"SF61745",11.25,"Tasa objetivo Banco de México"
2023-07-21,"SF61745",11.25,"Tasa objetivo Banco de México"
2023-07-22,"SF61745",11.25,"Tasa objetivo Banco de México"
2023-07-23,"SF61745",11.25,"Tasa objetivo Banco de México"
2023-07-24,"SF61745",11.25,"Tasa objetivo Banco de México"
2023-07-25,"SF61745",11.25,"Tasa objetivo Banco de México"
2023-07-26,"SF61745",11.25,"Tasa objetivo Banco de México"
2023-07-27,"SF61745",11.25,"Tasa objetivo Banco de México"
2023-07-28,"SF61745",11.25,"Tasa objetivo Banco de México"
2023-07-29,"SF61745",11.25,"Tasa objetivo Banco de México"
2023-07-30,"SF61745",11.25,"Tasa objetivo Banco de México"
2023-07-31,"SF61745",11.25,"Tasa objetivo Banco de México"
2023-08-01,"SF61745",11.25,"Tasa objetivo Banco de México"
2023-08-02,"SF61745",11.25,"Tasa objetivo Banco de México"
2023-08-03,"SF61745",11.25,"Tasa objetivo Banco de México"
2023-08-04,"SF61745",11.25,"Tasa objetivo Banco de México"
2023-08-05,"SF61745",11.25,"Tasa objetivo Banco de México"
2023-08-06,"SF61745",11.25,"Tasa objetivo Banco de México"
2023-08-07,"SF61745",11.25,"Tasa objetivo Banco de México"
2023-08-08,"SF61745",11.25,"Tasa objetivo Banco de México"
2023-08-09,"SF61745",11.25,"Tasa objetivo Banco de México"
2023-08-10,"SF61745",11.25,"Tasa objetivo Banco de México"
2023-08-11,"SF61745",11.25,"Tasa objetivo Banco de México"
2023-08-12,"SF61745",11.25,"Tasa objetivo Banco de México"
2023-08-14,"SF61745",11.25,"Tasa objetivo Banco de México"
2023-08-15,"SF61745",11.25,"Tasa objetivo Banco de México"
2023-08-16,"SF61745",11.25,"Tasa objetivo Banco de México"
2023-08-17,"SF61745",11.25,"Tasa objetivo Banco de México"
2023-08-18,"SF61745",11.25,"Tasa objetivo Banco de México"
2023-08-19,"SF61745",11.25,"Tasa objetivo Banco de México"
2023-08-20,"SF61745",11.25,"Tasa objetivo Banco de México"
2023-08-21,"SF61745",11.25,"Tasa objetivo Banco de México"
2023-08-22,"SF61745",11.25,"Tasa objetivo Banco de México"
2023-08-23,"SF61745",11.25,"Tasa objetivo Banco de México"
2023-08-24,"SF61745",11.25,"Tasa objetivo Banco de México"
2023-08-25,"SF61745",11.25,"Tasa objetivo Banco de México"
2023-08-26,"SF61745",11.25,"Tasa objetivo Banco de México"
2023-08-27,"SF61745",11.25,"Tasa objetivo Banco de México"
2023-08-28,"SF61745",11.25,"Tasa objetivo Banco de México"
2023-08-29,"SF61745",11.25,"Tasa objetivo Banco de México"
2023-08-30,"SF61745",11.25,"Tasa objetivo Banco de México"
2023-08-31,"SF61745",11.25,"Tasa objetivo Banco de México"
2023-09-01,"SF61745",11.25,"Tasa objetivo Banco de México"
2023-09-02,"SF61745",11.25,"Tasa objetivo Banco de México"
2023-09-03,"SF61745",11.25,"Tasa objetivo Banco de México"
2023-09-04,"SF61745",11.25,"Tasa objetivo Banco de México"
2023-09-05,"SF61745",11.25,"Tasa objetivo Banco de México"
2023-09-06,"SF61745",11.25,"Tasa objetivo Banco de México"
2023-09-07,"SF61745",11.25,"Tasa objetivo Banco de México"
2023-09-08,"SF61745",11.25,"Tasa objetivo Banco de México"
2023-09-09,"SF61745",11.25,"Tasa objetivo Banco de México"
2023-09-10,"SF61745",11.25,"Tasa objetivo Banco de México"
2023-09-11,"SF61745",11.25,"Tasa objetivo Banco de México"
2023-09-12,"SF61745",11.25,"Tasa objetivo Banco de México"
2023-09-13,"SF61745",11.25,"Tasa objetivo Banco de México"
2023-09-14,"SF61745",11.25,"Tasa objetivo Banco de México"
2023-09-15,"SF61745",11.25,"Tasa objetivo Banco de México"
2023-09-16,"SF61745",11.25,"Tasa objetivo Banco de México"
2023-09-17,"SF61745",11.25,"Tasa objetivo Banco de México"
2023-09-18,"SF61745",11.25,"Tasa objetivo Banco de México"
2023-09-19,"SF61745",11.25,"Tasa objetivo Banco de México"
2023-09-20,"SF61745",11.25,"Tasa objetivo Banco de México"
2023-09-21,"SF61745",11.25,"Tasa objetivo Banco de México"
2023-09-22,"SF61745",11.25,"Tasa objetivo Banco de México"
2023-09-23,"SF61745",11.25,"Tasa objetivo Banco de México"
2023-09-24,"SF61745",11.25,"Tasa objetivo Banco de México"
2023-09-25,"SF61745",11.25,"Tasa objetivo Banco de México"
2023-09-26,"SF61745",11.25,"Tasa objetivo Banco de México"
2023-09-27,"SF61745",11.25,"Tasa objetivo Banco de México"
2023-09-28,"SF61745",11.25,"Tasa objetivo Banco de México"
2023-09-29,"SF61745",11.25,"Tasa objetivo Banco de México"
2023-09-30,"SF61745",11.25,"Tasa objetivo Banco de México"
2023-10-01,"SF61745",11.25,"Tasa objetivo Banco de México"
2023-10-02,"SF61745",11.25,"Tasa objetivo Banco de México"
2023-10-03,"SF61745",11.25,"Tasa objetivo Banco de México"
2023-10-04,"SF61745",11.25,"Tasa objetivo Banco de México"
2023-10-05,"SF61745",11.25,"Tasa objetivo Banco de México"
2023-10-06,"SF61745",11.25,"Tasa objetivo Banco de México"
2023-10-07,"SF61745",11.25,"Tasa objetivo Banco de México"
2023-10-08,"SF61745",11.25,"Tasa objetivo Banco de México"
2023-10-09,"SF61745",11.25,"Tasa objetivo Banco de México"
2023-10-10,"SF61745",11.25,"Tasa objetivo Banco de México"
2023-10-11,"SF61745",11.25,"Tasa objetivo Banco de México"
2023-10-12,"SF61745",11.25,"Tasa objetivo Banco de México"
2023-10-13,"SF61745",11.25,"Tasa objetivo Banco de México"
2023-10-14,"SF61745",11.25,"Tasa objetivo Banco de México"
2023-10-15,"SF61745",11.25,"Tasa objetivo Banco de México"
2023-10-16,"SF61745",11.25,"Tasa objetivo Banco de México"
2023-10-17,"SF61745",11.25,"Tasa objetivo Banco de México"
2023-10-18,"SF61745",11.25,"Tasa objetivo Banco de México"
2023-10-19,"SF61745",11.25,"Tasa objetivo Banco de México"
2023-10-20,"SF61745",11.25,"Tasa objetivo Banco de México"
2023-10-21,"SF61745",11.25,"Tasa objetivo Banco de México"
2023-10-22,"SF61745",11.25,"Tasa objetivo Banco de México"
2023-10-23,"SF61745",11.25,"Tasa objetivo Banco de México"
2023-10-24,"SF61745",11.25,"Tasa objetivo Banco de México"
2023-10-25,"SF61745",11.25,"Tasa objetivo Banco de México"
2023-10-26,"SF61745",11.25,"Tasa objetivo Banco de México"
2023-10-27,"SF61745",11.25,"Tasa objetivo Banco de México"
2023-10-28,"SF61745",11.25,"Tasa objetivo Banco de México"
2023-10-29,"SF61745",11.25,"Tasa objetivo Banco de México"
2023-10-30,"SF61745",11.25,"Tasa objetivo Banco de México"
2023-10-31,"SF61745",11.25,"Tasa objetivo Banco de México"
2023-11-01,"SF61745",11.25,"Tasa objetivo Banco de México"
2023-11-02,"SF61745",11.25,"Tasa objetivo Banco de México"
2023-11-03,"SF61745",11.25,"Tasa objetivo Banco de México"
2023-11-04,"SF61745",11.25,"Tasa objetivo Banco de México"
2023-11-05,"SF61745",11.25,"Tasa objetivo Banco de México"
2023-11-06,"SF61745",11.25,"Tasa objetivo Banco de México"
2023-11-07,"SF61745",11.25,"Tasa objetivo Banco de México"
2023-11-08,"SF61745",11.25,"Tasa objetivo Banco de México"
2023-11-09,"SF61745",11.25,"Tasa objetivo Banco de México"
2023-11-10,"SF61745",11.25,"Tasa objetivo Banco de México"
2023-11-11,"SF61745",11.25,"Tasa objetivo Banco de México"
2023-11-12,"SF61745",11.25,"Tasa objetivo Banco de México"
2023-11-13,"SF61745",11.25,"Tasa objetivo Banco de México"
2023-11-14,"SF61745",11.25,"Tasa objetivo Banco de México"
2023-11-15,"SF61745",11.25,"Tasa objetivo Banco de México"
2023-11-16,"SF61745",11.25,"Tasa objetivo Banco de México"
2023-11-17,"SF61745",11.25,"Tasa objetivo Banco de México"
2023-11-18,"SF61745",11.25,"Tasa objetivo Banco de México"
2023-11-19,"SF61745",11.25,"Tasa objetivo Banco de México"
2023-11-20,"SF61745",11.25,"Tasa objetivo Banco de México"
2023-11-21,"SF61745",11.25,"Tasa objetivo Banco de México"
2023-11-22,"SF61745",11.25,"Tasa objetivo Banco de México"
2023-11-23,"SF61745",11.25,"Tasa objetivo Banco de México"
2023-11-24,"SF61745",11.25,"Tasa objetivo Banco de México"
2023-11-25,"SF61745",11.25,"Tasa objetivo Banco de México"
2023-11-26,"SF61745",11.25,"Tasa objetivo Banco de México"
2023-11-27,"SF61745",11.25,"Tasa objetivo Banco de México"
2023-11-28,"SF61745",11.25,"Tasa objetivo Banco de México"
2023-11-29,"SF61745",11.25,"Tasa objetivo Banco de México"
2023-11-30,"SF61745",11.25,"Tasa objetivo Banco de México"
2023-12-01,"SF61745",11.25,"Tasa objetivo Banco de México"
2023-12-02,"SF61745",11.25,"Tasa objetivo Banco de México"
2023-12-03,"SF61745",11.25,"Tasa objetivo Banco de México"
2023-12-04,"SF61745",11.25,"Tasa objetivo Banco de México"
2023-12-05,"SF61745",11.25,"Tasa objetivo Banco de México"
2023-12-06,"SF61745",11.25,"Tasa objetivo Banco de México"
2023-12-07,"SF61745",11.25,"Tasa objetivo Banco de México"
2023-12-08,"SF61745",11.25,"Tasa objetivo Banco de México"
2023-12-09,"SF61745",11.25,"Tasa objetivo Banco de México"
2023-12-10,"SF61745",11.25,"Tasa objetivo Banco de México"
2023-12-11,"SF61745",11.25,"Tasa objetivo Banco de México"
2023-12-12,"SF61745",11.25,"Tasa objetivo Banco de México"
2023-12-13,"SF61745",11.25,"Tasa objetivo Banco de México"
2023-12-14,"SF61745",11.25,"Tasa objetivo Banco de México"
2023-12-15,"SF61745",11.25,"Tasa objetivo Banco de México"
2023-12-16,"SF61745",11.25,"Tasa objetivo Banco de México"
2023-12-17,"SF61745",11.25,"Tasa objetivo Banco de México"
2023-12-18,"SF61745",11.25,"Tasa objetivo Banco de México"
2023-12-19,"SF61745",11.25,"Tasa objetivo Banco de México"
2023-12-20,"SF61745",11.25,"Tasa objetivo Banco de México"
2023-12-21,"SF61745",11.25,"Tasa objetivo Banco de México"
2023-12-22,"SF61745",11.25,"Tasa objetivo Banco de México"
2023-12-23,"SF61745",11.25,"Tasa objetivo Banco de México"
2023-12-24,"SF61745",11.25,"Tasa objetivo Banco de México"
2023-12-25,"SF61745",11.25,"Tasa objetivo Banco de México"
2023-12-26,"SF61745",11.25,"Tasa objetivo Banco de México"
2023-12-27,"SF61745",11.25,"Tasa objetivo Banco de México"
2023-12-28,"SF61745",11.25,"Tasa objetivo Banco de México"
2023-12-29,"SF61745",11.25,"Tasa objetivo Banco de México"
2023-12-30,"SF61745",11.25,"Tasa objetivo Banco de México"
2023-12-31,"SF61745",11.25,"Tasa objetivo Banco de México"
2024-01-01,"SF61745",11.25,"Tasa objetivo Banco de México"
2024-01-02,"SF61745",11.25,"Tasa objetivo Banco de México"
2024-01-03,"SF61745",11.25,"Tasa objetivo Banco de México"
2024-01-04,"SF61745",11.25,"Tasa objetivo Banco de México"
2024-01-05,"SF61745",11.25,"Tasa objetivo Banco de México"
2024-01-06,"SF61745",11.25,"Tasa objetivo Banco de México"
2024-01-07,"SF61745",11.25,"Tasa objetivo Banco de México"
2024-01-08,"SF61745",11.25,"Tasa objetivo Banco de México"
2024-01-09,"SF61745",11.25,"Tasa objetivo Banco de México"
2024-01-10,"SF61745",11.25,"Tasa objetivo Banco de México"
2024-01-11,"SF61745",11.25,"Tasa objetivo Banco de México"
2024-01-12,"SF61745",11.25,"Tasa objetivo Banco de México"
2024-01-13,"SF61745",11.25,"Tasa objetivo Banco de México"
2024-01-14,"SF61745",11.25,"Tasa objetivo Banco de México"
2024-01-15,"SF61745",11.25,"Tasa objetivo Banco de México"
2024-01-16,"SF61745",11.25,"Tasa objetivo Banco de México"
2024-01-17,"SF61745",11.25,"Tasa objetivo Banco de México"
2024-01-18,"SF61745",11.25,"Tasa objetivo Banco de México"
2024-01-19,"SF61745",11.25,"Tasa objetivo Banco de México"
2024-01-20,"SF61745",11.25,"Tasa objetivo Banco de México"
2024-01-21,"SF61745",11.25,"Tasa objetivo Banco de México"
2024-01-22,"SF61745",11.25,"Tasa objetivo Banco de México"
2024-01-23,"SF61745",11.25,"Tasa objetivo Banco de México"
2024-01-24,"SF61745",11.25,"Tasa objetivo Banco de México"
2024-01-25,"SF61745",11.25,"Tasa objetivo Banco de México"
2024-01-26,"SF61745",11.25,"Tasa objetivo Banco de México"
2024-01-27,"SF61745",11.25,"Tasa objetivo Banco de México"
2024-01-28,"SF61745",11.25,"Tasa objetivo Banco de México"
2024-01-29,"SF61745",11.25,"Tasa objetivo Banco de México"
2024-01-30,"SF61745",11.25,"Tasa objetivo Banco de México"
2024-01-31,"SF61745",11.25,"Tasa objetivo Banco de México"
2024-02-01,"SF61745",11.25,"Tasa objetivo Banco de México"
2024-02-02,"SF61745",11.25,"Tasa objetivo Banco de México"
2024-02-03,"SF61745",11.25,"Tasa objetivo Banco de México"
2024-02-04,"SF61745",11.25,"Tasa objetivo Banco de México"
2024-02-05,"SF61745",11.25,"Tasa objetivo Banco de México"
2024-02-06,"SF61745",11.25,"Tasa objetivo Banco de México"
2024-02-07,"SF61745",11.25,"Tasa objetivo Banco de México"
2024-02-08,"SF61745",11.25,"Tasa objetivo Banco de México"
2024-02-09,"SF61745",11.25,"Tasa objetivo Banco de México"
2024-02-10,"SF61745",11.25,"Tasa objetivo Banco de México"
2024-02-11,"SF61745",11.25,"Tasa objetivo Banco de México"
2024-02-12,"SF61745",11.25,"Tasa objetivo Banco de México"
2024-02-13,"SF61745",11.25,"Tasa objetivo Banco de México"
2024-02-14,"SF61745",11.25,"Tasa objetivo Banco de México"
2024-02-15,"SF61745",11.25,"Tasa objetivo Banco de México"
2024-02-16,"SF61745",11.25,"Tasa objetivo Banco de México"
2024-02-17,"SF61745",11.25,"Tasa objetivo Banco de México"
2024-02-18,"SF61745",11.25,"Tasa objetivo Banco de México"
2024-02-19,"SF61745",11.25,"Tasa objetivo Banco de México"
2024-02-20,"SF61745",11.25,"Tasa objetivo Banco de México"
2024-02-21,"SF61745",11.25,"Tasa objetivo Banco de México"
2024-02-22,"SF61745",11.25,"Tasa objetivo Banco de México"
2024-02-23,"SF61745",11.25,"Tasa objetivo Banco de México"
2024-02-24,"SF61745",11.25,"Tasa objetivo Banco de México"
2024-02-25,"SF61745",11.25,"Tasa objetivo Banco de México"
2024-02-26,"SF61745",11.25,"Tasa objetivo Banco de México"
2024-02-27,"SF61745",11.25,"Tasa objetivo Banco de México"
2024-02-28,"SF61745",11.25,"Tasa objetivo Banco de México"
2024-02-29,"SF61745",11.25,"Tasa objetivo Banco de México"
2024-03-01,"SF61745",11.25,"Tasa objetivo Banco de México"
2024-03-02,"SF61745",11.25,"Tasa objetivo Banco de México"
2024-03-03,"SF61745",11.25,"Tasa objetivo Banco de México"
2024-03-04,"SF61745",11.25,"Tasa objetivo Banco de México"
2024-03-05,"SF61745",11.25,"Tasa objetivo Banco de México"
2024-03-06,"SF61745",11.25,"Tasa objetivo Banco de México"
2024-03-07,"SF61745",11.25,"Tasa objetivo Banco de México"
2024-03-08,"SF61745",11.25,"Tasa objetivo Banco de México"
2024-03-09,"SF61745",11.25,"Tasa objetivo Banco de México"
2024-03-10,"SF61745",11.25,"Tasa objetivo Banco de México"
2024-03-11,"SF61745",11.25,"Tasa objetivo Banco de México"
2024-03-12,"SF61745",11.25,"Tasa objetivo Banco de México"
2024-03-13,"SF61745",11.25,"Tasa objetivo Banco de México"
2024-03-14,"SF61745",11.25,"Tasa objetivo Banco de México"
2024-03-15,"SF61745",11.25,"Tasa objetivo Banco de México"
2024-03-16,"SF61745",11.25,"Tasa objetivo Banco de México"
2024-03-17,"SF61745",11.25,"Tasa objetivo Banco de México"
2024-03-18,"SF61745",11.25,"Tasa objetivo Banco de México"
2024-03-19,"SF61745",11.25,"Tasa objetivo Banco de México"
2024-03-20,"SF61745",11.25,"Tasa objetivo Banco de México"
2024-03-21,"SF61745",11.25,"Tasa objetivo Banco de México"
2024-03-22,"SF61745",11,"Tasa objetivo Banco de México"
2024-03-23,"SF61745",11,"Tasa objetivo Banco de México"
2024-03-24,"SF61745",11,"Tasa objetivo Banco de México"
2024-03-25,"SF61745",11,"Tasa objetivo Banco de México"
2024-03-26,"SF61745",11,"Tasa objetivo Banco de México"
2024-03-27,"SF61745",11,"Tasa objetivo Banco de México"
2024-03-28,"SF61745",11,"Tasa objetivo Banco de México"
2024-03-29,"SF61745",11,"Tasa objetivo Banco de México"
2024-03-30,"SF61745",11,"Tasa objetivo Banco de México"
2024-03-31,"SF61745",11,"Tasa objetivo Banco de México"
2024-04-01,"SF61745",11,"Tasa objetivo Banco de México"
2024-04-02,"SF61745",11,"Tasa objetivo Banco de México"
2024-04-03,"SF61745",11,"Tasa objetivo Banco de México"
2024-04-04,"SF61745",11,"Tasa objetivo Banco de México"
2024-04-05,"SF61745",11,"Tasa objetivo Banco de México"
2024-04-06,"SF61745",11,"Tasa objetivo Banco de México"
2024-04-07,"SF61745",11,"Tasa objetivo Banco de México"
2024-04-08,"SF61745",11,"Tasa objetivo Banco de México"
2024-04-09,"SF61745",11,"Tasa objetivo Banco de México"
2024-04-10,"SF61745",11,"Tasa objetivo Banco de México"
2024-04-11,"SF61745",11,"Tasa objetivo Banco de México"
2024-04-12,"SF61745",11,"Tasa objetivo Banco de México"
2024-04-13,"SF61745",11,"Tasa objetivo Banco de México"
2024-04-14,"SF61745",11,"Tasa objetivo Banco de México"
2024-04-15,"SF61745",11,"Tasa objetivo Banco de México"
2024-04-16,"SF61745",11,"Tasa objetivo Banco de México"
2024-04-17,"SF61745",11,"Tasa objetivo Banco de México"
2024-04-18,"SF61745",11,"Tasa objetivo Banco de México"
2024-04-19,"SF61745",11,"Tasa objetivo Banco de México"
2024-04-20,"SF61745",11,"Tasa objetivo Banco de México"
2024-04-21,"SF61745",11,"Tasa objetivo Banco de México"
2024-04-22,"SF61745",11,"Tasa objetivo Banco de México"
2024-04-23,"SF61745",11,"Tasa objetivo Banco de México"
2024-04-24,"SF61745",11,"Tasa objetivo Banco de México"
2024-04-25,"SF61745",11,"Tasa objetivo Banco de México"
2024-04-26,"SF61745",11,"Tasa objetivo Banco de México"
2024-04-27,"SF61745",11,"Tasa objetivo Banco de México"
2024-04-28,"SF61745",11,"Tasa objetivo Banco de México"
2024-04-29,"SF61745",11,"Tasa objetivo Banco de México"
2024-04-30,"SF61745",11,"Tasa objetivo Banco de México"
2024-05-01,"SF61745",11,"Tasa objetivo Banco de México"
2024-05-02,"SF61745",11,"Tasa objetivo Banco de México"
2024-05-03,"SF61745",11,"Tasa objetivo Banco de México"
2024-05-04,"SF61745",11,"Tasa objetivo Banco de México"
2024-05-05,"SF61745",11,"Tasa objetivo Banco de México"
2024-05-06,"SF61745",11,"Tasa objetivo Banco de México"
2024-05-07,"SF61745",11,"Tasa objetivo Banco de México"
2024-05-08,"SF61745",11,"Tasa objetivo Banco de México"
2024-05-09,"SF61745",11,"Tasa objetivo Banco de México"
2024-05-10,"SF61745",11,"Tasa objetivo Banco de México"
2024-05-11,"SF61745",11,"Tasa objetivo Banco de México"
2024-05-12,"SF61745",11,"Tasa objetivo Banco de México"
2024-05-13,"SF61745",11,"Tasa objetivo Banco de México"
2024-05-14,"SF61745",11,"Tasa objetivo Banco de México"
2024-05-15,"SF61745",11,"Tasa objetivo Banco de México"
2024-05-16,"SF61745",11,"Tasa objetivo Banco de México"
2024-05-17,"SF61745",11,"Tasa objetivo Banco de México"
2024-05-18,"SF61745",11,"Tasa objetivo Banco de México"
2024-05-20,"SF61745",11,"Tasa objetivo Banco de México"
2024-05-21,"SF61745",11,"Tasa objetivo Banco de México"
2024-05-22,"SF61745",11,"Tasa objetivo Banco de México"
2024-05-23,"SF61745",11,"Tasa objetivo Banco de México"
2024-05-24,"SF61745",11,"Tasa objetivo Banco de México"
2024-05-25,"SF61745",11,"Tasa objetivo Banco de México"
2024-05-26,"SF61745",11,"Tasa objetivo Banco de México"
2024-05-27,"SF61745",11,"Tasa objetivo Banco de México"
2024-05-28,"SF61745",11,"Tasa objetivo Banco de México"
2024-05-29,"SF61745",11,"Tasa objetivo Banco de México"
2024-05-30,"SF61745",11,"Tasa objetivo Banco de México"
2024-05-31,"SF61745",11,"Tasa objetivo Banco de México"
2024-06-01,"SF61745",11,"Tasa objetivo Banco de México"
2024-06-02,"SF61745",11,"Tasa objetivo Banco de México"
2024-06-03,"SF61745",11,"Tasa objetivo Banco de México"
2024-06-04,"SF61745",11,"Tasa objetivo Banco de México"
2024-06-05,"SF61745",11,"Tasa objetivo Banco de México"
2024-06-06,"SF61745",11,"Tasa objetivo Banco de México"
2024-06-07,"SF61745",11,"Tasa objetivo Banco de México"
2024-06-08,"SF61745",11,"Tasa objetivo Banco de México"
2024-06-09,"SF61745",11,"Tasa objetivo Banco de México"
2024-06-10,"SF61745",11,"Tasa objetivo Banco de México"
2024-06-11,"SF61745",11,"Tasa objetivo Banco de México"
2024-06-12,"SF61745",11,"Tasa objetivo Banco de México"
2024-06-13,"SF61745",11,"Tasa objetivo Banco de México"
2024-06-14,"SF61745",11,"Tasa objetivo Banco de México"
2024-06-15,"SF61745",11,"Tasa objetivo Banco de México"
2024-06-16,"SF61745",11,"Tasa objetivo Banco de México"
2024-06-17,"SF61745",11,"Tasa objetivo Banco de México"
2024-06-18,"SF61745",11,"Tasa objetivo Banco de México"
2024-06-19,"SF61745",11,"Tasa objetivo Banco de México"
2024-06-20,"SF61745",11,"Tasa objetivo Banco de México"
2024-06-21,"SF61745",11,"Tasa objetivo Banco de México"
2024-06-22,"SF61745",11,"Tasa objetivo Banco de México"
2024-06-23,"SF61745",11,"Tasa objetivo Banco de México"
2024-06-24,"SF61745",11,"Tasa objetivo Banco de México"
2024-06-25,"SF61745",11,"Tasa objetivo Banco de México"
2024-06-26,"SF61745",11,"Tasa objetivo Banco de México"
2024-06-27,"SF61745",11,"Tasa objetivo Banco de México"
2024-06-28,"SF61745",11,"Tasa objetivo Banco de México"
2024-06-29,"SF61745",11,"Tasa objetivo Banco de México"
2024-06-30,"SF61745",11,"Tasa objetivo Banco de México"
2024-07-01,"SF61745",11,"Tasa objetivo Banco de México"
2024-07-02,"SF61745",11,"Tasa objetivo Banco de México"
2024-07-03,"SF61745",11,"Tasa objetivo Banco de México"
2024-07-04,"SF61745",11,"Tasa objetivo Banco de México"
2024-07-05,"SF61745",11,"Tasa objetivo Banco de México"
2024-07-06,"SF61745",11,"Tasa objetivo Banco de México"
2024-07-07,"SF61745",11,"Tasa objetivo Banco de México"
2024-07-08,"SF61745",11,"Tasa objetivo Banco de México"
2024-07-09,"SF61745",11,"Tasa objetivo Banco de México"
2024-07-10,"SF61745",11,"Tasa objetivo Banco de México"
2024-07-11,"SF61745",11,"Tasa objetivo Banco de México"
2024-07-12,"SF61745",11,"Tasa objetivo Banco de México"
2024-07-13,"SF61745",11,"Tasa objetivo Banco de México"
2024-07-14,"SF61745",11,"Tasa objetivo Banco de México"
2024-07-15,"SF61745",11,"Tasa objetivo Banco de México"
2024-07-16,"SF61745",11,"Tasa objetivo Banco de México"
2024-07-17,"SF61745",11,"Tasa objetivo Banco de México"
2024-07-18,"SF61745",11,"Tasa objetivo Banco de México"
2024-07-19,"SF61745",11,"Tasa objetivo Banco de México"
2024-07-20,"SF61745",11,"Tasa objetivo Banco de México"
2024-07-21,"SF61745",11,"Tasa objetivo Banco de México"
2024-07-22,"SF61745",11,"Tasa objetivo Banco de México"
2024-07-23,"SF61745",11,"Tasa objetivo Banco de México"
2024-07-24,"SF61745",11,"Tasa objetivo Banco de México"
2024-07-25,"SF61745",11,"Tasa objetivo Banco de México"
2024-07-26,"SF61745",11,"Tasa objetivo Banco de México"
2024-07-27,"SF61745",11,"Tasa objetivo Banco de México"
2024-07-28,"SF61745",11,"Tasa objetivo Banco de México"
2024-07-29,"SF61745",11,"Tasa objetivo Banco de México"
2024-07-30,"SF61745",11,"Tasa objetivo Banco de México"
2024-07-31,"SF61745",11,"Tasa objetivo Banco de México"
2024-08-01,"SF61745",11,"Tasa objetivo Banco de México"
2024-08-02,"SF61745",11,"Tasa objetivo Banco de México"
2024-08-03,"SF61745",11,"Tasa objetivo Banco de México"
2024-08-04,"SF61745",11,"Tasa objetivo Banco de México"
2024-08-05,"SF61745",11,"Tasa objetivo Banco de México"
2024-08-06,"SF61745",11,"Tasa objetivo Banco de México"
2024-08-07,"SF61745",11,"Tasa objetivo Banco de México"
2024-08-08,"SF61745",11,"Tasa objetivo Banco de México"
2024-08-09,"SF61745",10.75,"Tasa objetivo Banco de México"
2024-08-10,"SF61745",10.75,"Tasa objetivo Banco de México"
2024-08-12,"SF61745",10.75,"Tasa objetivo Banco de México"
2024-08-13,"SF61745",10.75,"Tasa objetivo Banco de México"
2024-08-14,"SF61745",10.75,"Tasa objetivo Banco de México"
2024-08-15,"SF61745",10.75,"Tasa objetivo Banco de México"
2024-08-16,"SF61745",10.75,"Tasa objetivo Banco de México"
2024-08-17,"SF61745",10.75,"Tasa objetivo Banco de México"
2024-08-18,"SF61745",10.75,"Tasa objetivo Banco de México"
2024-08-19,"SF61745",10.75,"Tasa objetivo Banco de México"
2024-08-20,"SF61745",10.75,"Tasa objetivo Banco de México"
2024-08-21,"SF61745",10.75,"Tasa objetivo Banco de México"
2024-08-22,"SF61745",10.75,"Tasa objetivo Banco de México"
2024-08-23,"SF61745",10.75,"Tasa objetivo Banco de México"
2024-08-24,"SF61745",10.75,"Tasa objetivo Banco de México"
2024-08-25,"SF61745",10.75,"Tasa objetivo Banco de México"
2024-08-26,"SF61745",10.75,"Tasa objetivo Banco de México"
2024-08-27,"SF61745",10.75,"Tasa objetivo Banco de México"
2024-08-28,"SF61745",10.75,"Tasa objetivo Banco de México"
2024-08-29,"SF61745",10.75,"Tasa objetivo Banco de México"
2024-08-30,"SF61745",10.75,"Tasa objetivo Banco de México"
2024-08-31,"SF61745",10.75,"Tasa objetivo Banco de México"
2024-09-01,"SF61745",10.75,"Tasa objetivo Banco de México"
2024-09-02,"SF61745",10.75,"Tasa objetivo Banco de México"
2024-09-03,"SF61745",10.75,"Tasa objetivo Banco de México"
2024-09-04,"SF61745",10.75,"Tasa objetivo Banco de México"
2024-09-05,"SF61745",10.75,"Tasa objetivo Banco de México"
2024-09-06,"SF61745",10.75,"Tasa objetivo Banco de México"
2024-09-07,"SF61745",10.75,"Tasa objetivo Banco de México"
2024-09-08,"SF61745",10.75,"Tasa objetivo Banco de México"
2024-09-09,"SF61745",10.75,"Tasa objetivo Banco de México"
2024-09-10,"SF61745",10.75,"Tasa objetivo Banco de México"
2024-09-11,"SF61745",10.75,"Tasa objetivo Banco de México"
2024-09-12,"SF61745",10.75,"Tasa objetivo Banco de México"
2024-09-13,"SF61745",10.75,"Tasa objetivo Banco de México"
2024-09-14,"SF61745",10.75,"Tasa objetivo Banco de México"
2024-09-15,"SF61745",10.75,"Tasa objetivo Banco de México"
2024-09-16,"SF61745",10.75,"Tasa objetivo Banco de México"
2024-09-17,"SF61745",10.75,"Tasa objetivo Banco de México"
2024-09-18,"SF61745",10.75,"Tasa objetivo Banco de México"
2024-09-19,"SF61745",10.75,"Tasa objetivo Banco de México"
2024-09-20,"SF61745",10.75,"Tasa objetivo Banco de México"
2024-09-21,"SF61745",10.75,"Tasa objetivo Banco de México"
2024-09-22,"SF61745",10.75,"Tasa objetivo Banco de México"
2024-09-23,"SF61745",10.75,"Tasa objetivo Banco de México"
2024-09-24,"SF61745",10.75,"Tasa objetivo Banco de México"
2024-09-25,"SF61745",10.75,"Tasa objetivo Banco de México"
2024-09-26,"SF61745",10.75,"Tasa objetivo Banco de México"
2024-09-27,"SF61745",10.5,"Tasa objetivo Banco de México"
2024-09-28,"SF61745",10.5,"Tasa objetivo Banco de México"
2024-09-29,"SF61745",10.5,"Tasa objetivo Banco de México"
2024-09-30,"SF61745",10.5,"Tasa objetivo Banco de México"
2024-10-01,"SF61745",10.5,"Tasa objetivo Banco de México"
2024-10-02,"SF61745",10.5,"Tasa objetivo Banco de México"
2024-10-03,"SF61745",10.5,"Tasa objetivo Banco de México"
2024-10-04,"SF61745",10.5,"Tasa objetivo Banco de México"
2024-10-05,"SF61745",10.5,"Tasa objetivo Banco de México"
2024-10-06,"SF61745",10.5,"Tasa objetivo Banco de México"
2024-10-07,"SF61745",10.5,"Tasa objetivo Banco de México"
2024-10-08,"SF61745",10.5,"Tasa objetivo Banco de México"
2024-10-09,"SF61745",10.5,"Tasa objetivo Banco de México"
2024-10-10,"SF61745",10.5,"Tasa objetivo Banco de México"
2024-10-11,"SF61745",10.5,"Tasa objetivo Banco de México"
2024-10-12,"SF61745",10.5,"Tasa objetivo Banco de México"
2024-10-13,"SF61745",10.5,"Tasa objetivo Banco de México"
2024-10-14,"SF61745",10.5,"Tasa objetivo Banco de México"
2024-10-15,"SF61745",10.5,"Tasa objetivo Banco de México"
2024-10-16,"SF61745",10.5,"Tasa objetivo Banco de México"
2024-10-17,"SF61745",10.5,"Tasa objetivo Banco de México"
2024-10-18,"SF61745",10.5,"Tasa objetivo Banco de México"
2024-10-19,"SF61745",10.5,"Tasa objetivo Banco de México"
2024-10-20,"SF61745",10.5,"Tasa objetivo Banco de México"
2024-10-21,"SF61745",10.5,"Tasa objetivo Banco de México"
2024-10-22,"SF61745",10.5,"Tasa objetivo Banco de México"
2024-10-23,"SF61745",10.5,"Tasa objetivo Banco de México"
2024-10-24,"SF61745",10.5,"Tasa objetivo Banco de México"
2024-10-25,"SF61745",10.5,"Tasa objetivo Banco de México"
2024-10-26,"SF61745",10.5,"Tasa objetivo Banco de México"
2024-10-27,"SF61745",10.5,"Tasa objetivo Banco de México"
2024-10-28,"SF61745",10.5,"Tasa objetivo Banco de México"
2024-10-29,"SF61745",10.5,"Tasa objetivo Banco de México"
2024-10-30,"SF61745",10.5,"Tasa objetivo Banco de México"
2024-10-31,"SF61745",10.5,"Tasa objetivo Banco de México"
2024-11-01,"SF61745",10.5,"Tasa objetivo Banco de México"
2024-11-02,"SF61745",10.5,"Tasa objetivo Banco de México"
2024-11-03,"SF61745",10.5,"Tasa objetivo Banco de México"
2024-11-04,"SF61745",10.5,"Tasa objetivo Banco de México"
2024-11-05,"SF61745",10.5,"Tasa objetivo Banco de México"
2024-11-06,"SF61745",10.5,"Tasa objetivo Banco de México"
2024-11-07,"SF61745",10.5,"Tasa objetivo Banco de México"
2024-11-08,"SF61745",10.5,"Tasa objetivo Banco de México"
2024-11-09,"SF61745",10.5,"Tasa objetivo Banco de México"
2024-11-11,"SF61745",10.5,"Tasa objetivo Banco de México"
2024-11-12,"SF61745",10.5,"Tasa objetivo Banco de México"
2024-11-13,"SF61745",10.5,"Tasa objetivo Banco de México"
2024-11-14,"SF61745",10.5,"Tasa objetivo Banco de México"
2024-11-15,"SF61745",10.25,"Tasa objetivo Banco de México"
2024-11-16,"SF61745",10.25,"Tasa objetivo Banco de México"
2024-11-17,"SF61745",10.25,"Tasa objetivo Banco de México"
2024-11-18,"SF61745",10.25,"Tasa objetivo Banco de México"
2024-11-19,"SF61745",10.25,"Tasa objetivo Banco de México"
2024-11-20,"SF61745",10.25,"Tasa objetivo Banco de México"
2024-11-21,"SF61745",10.25,"Tasa objetivo Banco de México"
2024-11-22,"SF61745",10.25,"Tasa objetivo Banco de México"
2024-11-23,"SF61745",10.25,"Tasa objetivo Banco de México"
2024-11-24,"SF61745",10.25,"Tasa objetivo Banco de México"
2024-11-25,"SF61745",10.25,"Tasa objetivo Banco de México"
2024-11-26,"SF61745",10.25,"Tasa objetivo Banco de México"
2024-11-27,"SF61745",10.25,"Tasa objetivo Banco de México"
2024-11-28,"SF61745",10.25,"Tasa objetivo Banco de México"
2024-11-29,"SF61745",10.25,"Tasa objetivo Banco de México"
2024-11-30,"SF61745",10.25,"Tasa objetivo Banco de México"
2024-12-01,"SF61745",10.25,"Tasa objetivo Banco de México"
2024-12-02,"SF61745",10.25,"Tasa objetivo Banco de México"
2024-12-03,"SF61745",10.25,"Tasa objetivo Banco de México"
2024-12-04,"SF61745",10.25,"Tasa objetivo Banco de México"
2024-12-05,"SF61745",10.25,"Tasa objetivo Banco de México"
2024-12-06,"SF61745",10.25,"Tasa objetivo Banco de México"
2024-12-07,"SF61745",10.25,"Tasa objetivo Banco de México"
2024-12-08,"SF61745",10.25,"Tasa objetivo Banco de México"
2024-12-09,"SF61745",10.25,"Tasa objetivo Banco de México"
2024-12-10,"SF61745",10.25,"Tasa objetivo Banco de México"
2024-12-11,"SF61745",10.25,"Tasa objetivo Banco de México"
2024-12-12,"SF61745",10.25,"Tasa objetivo Banco de México"
2024-12-13,"SF61745",10.25,"Tasa objetivo Banco de México"
2024-12-14,"SF61745",10.25,"Tasa objetivo Banco de México"
2024-12-15,"SF61745",10.25,"Tasa objetivo Banco de México"
2024-12-16,"SF61745",10.25,"Tasa objetivo Banco de México"
2024-12-17,"SF61745",10.25,"Tasa objetivo Banco de México"
2024-12-18,"SF61745",10.25,"Tasa objetivo Banco de México"
2024-12-19,"SF61745",10.25,"Tasa objetivo Banco de México"
2024-12-20,"SF61745",10,"Tasa objetivo Banco de México"
2024-12-21,"SF61745",10,"Tasa objetivo Banco de México"
2024-12-22,"SF61745",10,"Tasa objetivo Banco de México"
2024-12-23,"SF61745",10,"Tasa objetivo Banco de México"
2024-12-24,"SF61745",10,"Tasa objetivo Banco de México"
2024-12-25,"SF61745",10,"Tasa objetivo Banco de México"
2024-12-26,"SF61745",10,"Tasa objetivo Banco de México"
2024-12-27,"SF61745",10,"Tasa objetivo Banco de México"
2024-12-28,"SF61745",10,"Tasa objetivo Banco de México"
2024-12-29,"SF61745",10,"Tasa objetivo Banco de México"
2024-12-30,"SF61745",10,"Tasa objetivo Banco de México"
2024-12-31,"SF61745",10,"Tasa objetivo Banco de México"
2025-01-01,"SF61745",10,"Tasa objetivo Banco de México"
2025-01-02,"SF61745",10,"Tasa objetivo Banco de México"
2025-01-03,"SF61745",10,"Tasa objetivo Banco de México"
2025-01-04,"SF61745",10,"Tasa objetivo Banco de México"
2025-01-05,"SF61745",10,"Tasa objetivo Banco de México"
2025-01-06,"SF61745",10,"Tasa objetivo Banco de México"
2025-01-07,"SF61745",10,"Tasa objetivo Banco de México"
2025-01-08,"SF61745",10,"Tasa objetivo Banco de México"
2025-01-09,"SF61745",10,"Tasa objetivo Banco de México"
2025-01-10,"SF61745",10,"Tasa objetivo Banco de México"
2025-01-11,"SF61745",10,"Tasa objetivo Banco de México"
2025-01-12,"SF61745",10,"Tasa objetivo Banco de México"
2025-01-13,"SF61745",10,"Tasa objetivo Banco de México"
2025-01-14,"SF61745",10,"Tasa objetivo Banco de México"
2025-01-15,"SF61745",10,"Tasa objetivo Banco de México"
2025-01-16,"SF61745",10,"Tasa objetivo Banco de México"
2025-01-17,"SF61745",10,"Tasa objetivo Banco de México"
2025-01-18,"SF61745",10,"Tasa objetivo Banco de México"
2025-01-19,"SF61745",10,"Tasa objetivo Banco de México"
2025-01-20,"SF61745",10,"Tasa objetivo Banco de México"
2025-01-21,"SF61745",10,"Tasa objetivo Banco de México"
2025-01-22,"SF61745",10,"Tasa objetivo Banco de México"
2025-01-23,"SF61745",10,"Tasa objetivo Banco de México"
2025-01-24,"SF61745",10,"Tasa objetivo Banco de México"
2025-01-25,"SF61745",10,"Tasa objetivo Banco de México"
2025-01-26,"SF61745",10,"Tasa objetivo Banco de México"
2025-01-27,"SF61745",10,"Tasa objetivo Banco de México"
2025-01-28,"SF61745",10,"Tasa objetivo Banco de México"
2025-01-29,"SF61745",10,"Tasa objetivo Banco de México"
2025-01-30,"SF61745",10,"Tasa objetivo Banco de México"
2025-01-31,"SF61745",10,"Tasa objetivo Banco de México"
2025-02-01,"SF61745",10,"Tasa objetivo Banco de México"
2025-02-02,"SF61745",10,"Tasa objetivo Banco de México"
2025-02-03,"SF61745",10,"Tasa objetivo Banco de México"
2025-02-04,"SF61745",10,"Tasa objetivo Banco de México"
2025-02-05,"SF61745",10,"Tasa objetivo Banco de México"
2025-02-06,"SF61745",10,"Tasa objetivo Banco de México"
2025-02-07,"SF61745",9.5,"Tasa objetivo Banco de México"
2025-02-08,"SF61745",9.5,"Tasa objetivo Banco de México"
2025-02-09,"SF61745",9.5,"Tasa objetivo Banco de México"
2025-02-10,"SF61745",9.5,"Tasa objetivo Banco de México"
2025-02-11,"SF61745",9.5,"Tasa objetivo Banco de México"
2025-02-12,"SF61745",9.5,"Tasa objetivo Banco de México"
2025-02-13,"SF61745",9.5,"Tasa objetivo Banco de México"
2025-02-14,"SF61745",9.5,"Tasa objetivo Banco de México"
2025-02-15,"SF61745",9.5,"Tasa objetivo Banco de México"
2025-02-16,"SF61745",9.5,"Tasa objetivo Banco de México"
2025-02-17,"SF61745",9.5,"Tasa objetivo Banco de México"
2025-02-18,"SF61745",9.5,"Tasa objetivo Banco de México"
2025-02-19,"SF61745",9.5,"Tasa objetivo Banco de México"
2025-02-20,"SF61745",9.5,"Tasa objetivo Banco de México"
2025-02-21,"SF61745",9.5,"Tasa objetivo Banco de México"
2025-02-22,"SF61745",9.5,"Tasa objetivo Banco de México"
2025-02-23,"SF61745",9.5,"Tasa objetivo Banco de México"
2025-02-24,"SF61745",9.5,"Tasa objetivo Banco de México"
2025-02-25,"SF61745",9.5,"Tasa objetivo Banco de México"
2025-02-26,"SF61745",9.5,"Tasa objetivo Banco de México"
2025-02-27,"SF61745",9.5,"Tasa objetivo Banco de México"
2025-02-28,"SF61745",9.5,"Tasa objetivo Banco de México"
2025-03-01,"SF61745",9.5,"Tasa objetivo Banco de México"
2025-03-02,"SF61745",9.5,"Tasa objetivo Banco de México"
2025-03-03,"SF61745",9.5,"Tasa objetivo Banco de México"
2025-03-04,"SF61745",9.5,"Tasa objetivo Banco de México"
2025-03-05,"SF61745",9.5,"Tasa objetivo Banco de México"
2025-03-06,"SF61745",9.5,"Tasa objetivo Banco de México"
2025-03-07,"SF61745",9.5,"Tasa objetivo Banco de México"
2025-03-08,"SF61745",9.5,"Tasa objetivo Banco de México"
2025-03-09,"SF61745",9.5,"Tasa objetivo Banco de México"
2025-03-10,"SF61745",9.5,"Tasa objetivo Banco de México"
2025-03-11,"SF61745",9.5,"Tasa objetivo Banco de México"
2025-03-12,"SF61745",9.5,"Tasa objetivo Banco de México"
2025-03-13,"SF61745",9.5,"Tasa objetivo Banco de México"
2025-03-14,"SF61745",9.5,"Tasa objetivo Banco de México"
2025-03-15,"SF61745",9.5,"Tasa objetivo Banco de México"
2025-03-16,"SF61745",9.5,"Tasa objetivo Banco de México"
2025-03-17,"SF61745",9.5,"Tasa objetivo Banco de México"
2025-03-18,"SF61745",9.5,"Tasa objetivo Banco de México"
2025-03-19,"SF61745",9.5,"Tasa objetivo Banco de México"
2025-03-20,"SF61745",9.5,"Tasa objetivo Banco de México"
2025-03-21,"SF61745",9.5,"Tasa objetivo Banco de México"
2025-03-22,"SF61745",9.5,"Tasa objetivo Banco de México"
2025-03-23,"SF61745",9.5,"Tasa objetivo Banco de México"
2025-03-24,"SF61745",9.5,"Tasa objetivo Banco de México"
2025-03-25,"SF61745",9.5,"Tasa objetivo Banco de México"
2025-03-26,"SF61745",9.5,"Tasa objetivo Banco de México"
2025-03-27,"SF61745",9.5,"Tasa objetivo Banco de México"
2025-03-28,"SF61745",9,"Tasa objetivo Banco de México"
2025-03-29,"SF61745",9,"Tasa objetivo Banco de México"
2025-03-30,"SF61745",9,"Tasa objetivo Banco de México"
2025-03-31,"SF61745",9,"Tasa objetivo Banco de México"
2025-04-01,"SF61745",9,"Tasa objetivo Banco de México"
2025-04-02,"SF61745",9,"Tasa objetivo Banco de México"
2025-04-03,"SF61745",9,"Tasa objetivo Banco de México"
2025-04-04,"SF61745",9,"Tasa objetivo Banco de México"
2025-04-05,"SF61745",9,"Tasa objetivo Banco de México"
2025-04-06,"SF61745",9,"Tasa objetivo Banco de México"
2025-04-07,"SF61745",9,"Tasa objetivo Banco de México"
2025-04-08,"SF61745",9,"Tasa objetivo Banco de México"
2025-04-09,"SF61745",9,"Tasa objetivo Banco de México"
2025-04-10,"SF61745",9,"Tasa objetivo Banco de México"
2025-04-11,"SF61745",9,"Tasa objetivo Banco de México"
2025-04-12,"SF61745",9,"Tasa objetivo Banco de México"
2025-04-13,"SF61745",9,"Tasa objetivo Banco de México"
2025-04-14,"SF61745",9,"Tasa objetivo Banco de México"
2025-04-15,"SF61745",9,"Tasa objetivo Banco de México"
2025-04-16,"SF61745",9,"Tasa objetivo Banco de México"
2025-04-17,"SF61745",9,"Tasa objetivo Banco de México"
2025-04-18,"SF61745",9,"Tasa objetivo Banco de México"
2025-04-19,"SF61745",9,"Tasa objetivo Banco de México"
2025-04-20,"SF61745",9,"Tasa objetivo Banco de México"
2025-04-21,"SF61745",9,"Tasa objetivo Banco de México"
2025-04-22,"SF61745",9,"Tasa objetivo Banco de México"
2025-04-23,"SF61745",9,"Tasa objetivo Banco de México"
2025-04-24,"SF61745",9,"Tasa objetivo Banco de México"
2025-04-25,"SF61745",9,"Tasa objetivo Banco de México"
2025-04-26,"SF61745",9,"Tasa objetivo Banco de México"
2025-04-27,"SF61745",9,"Tasa objetivo Banco de México"
2025-04-28,"SF61745",9,"Tasa objetivo Banco de México"
2025-04-29,"SF61745",9,"Tasa objetivo Banco de México"
2025-04-30,"SF61745",9,"Tasa objetivo Banco de México"
2025-05-01,"SF61745",9,"Tasa objetivo Banco de México"
2025-05-02,"SF61745",9,"Tasa objetivo Banco de México"
2025-05-03,"SF61745",9,"Tasa objetivo Banco de México"
2025-05-04,"SF61745",9,"Tasa objetivo Banco de México"
2025-05-05,"SF61745",9,"Tasa objetivo Banco de México"
2025-05-06,"SF61745",9,"Tasa objetivo Banco de México"
2025-05-07,"SF61745",9,"Tasa objetivo Banco de México"
2025-05-08,"SF61745",9,"Tasa objetivo Banco de México"
2025-05-09,"SF61745",9,"Tasa objetivo Banco de México"
2025-05-10,"SF61745",9,"Tasa objetivo Banco de México"
2025-05-11,"SF61745",9,"Tasa objetivo Banco de México"
2025-05-12,"SF61745",9,"Tasa objetivo Banco de México"
2025-05-13,"SF61745",9,"Tasa objetivo Banco de México"
2025-05-14,"SF61745",9,"Tasa objetivo Banco de México"
2025-05-15,"SF61745",9,"Tasa objetivo Banco de México"
2025-05-16,"SF61745",8.5,"Tasa objetivo Banco de México"
2025-05-17,"SF61745",8.5,"Tasa objetivo Banco de México"
2025-05-18,"SF61745",8.5,"Tasa objetivo Banco de México"
2025-05-19,"SF61745",8.5,"Tasa objetivo Banco de México"
2025-05-20,"SF61745",8.5,"Tasa objetivo Banco de México"
2025-05-21,"SF61745",8.5,"Tasa objetivo Banco de México"
2025-05-22,"SF61745",8.5,"Tasa objetivo Banco de México"
2025-05-23,"SF61745",8.5,"Tasa objetivo Banco de México"
2025-05-24,"SF61745",8.5,"Tasa objetivo Banco de México"
2025-05-25,"SF61745",8.5,"Tasa objetivo Banco de México"
2025-05-26,"SF61745",8.5,"Tasa objetivo Banco de México"
2025-05-27,"SF61745",8.5,"Tasa objetivo Banco de México"
2025-05-28,"SF61745",8.5,"Tasa objetivo Banco de México"
2025-05-29,"SF61745",8.5,"Tasa objetivo Banco de México"
2025-05-30,"SF61745",8.5,"Tasa objetivo Banco de México"
2025-05-31,"SF61745",8.5,"Tasa objetivo Banco de México"
2025-06-01,"SF61745",8.5,"Tasa objetivo Banco de México"
2025-06-02,"SF61745",8.5,"Tasa objetivo Banco de México"
2025-06-03,"SF61745",8.5,"Tasa objetivo Banco de México"
2025-06-04,"SF61745",8.5,"Tasa objetivo Banco de México"
2025-06-05,"SF61745",8.5,"Tasa objetivo Banco de México"
2025-06-06,"SF61745",8.5,"Tasa objetivo Banco de México"
2025-06-07,"SF61745",8.5,"Tasa objetivo Banco de México"
2025-06-08,"SF61745",8.5,"Tasa objetivo Banco de México"
2025-06-09,"SF61745",8.5,"Tasa objetivo Banco de México"
2025-06-10,"SF61745",8.5,"Tasa objetivo Banco de México"
2025-06-11,"SF61745",8.5,"Tasa objetivo Banco de México"
2025-06-12,"SF61745",8.5,"Tasa objetivo Banco de México"
2025-06-13,"SF61745",8.5,"Tasa objetivo Banco de México"
2025-06-14,"SF61745",8.5,"Tasa objetivo Banco de México"
2025-06-15,"SF61745",8.5,"Tasa objetivo Banco de México"
2025-06-16,"SF61745",8.5,"Tasa objetivo Banco de México"
2025-06-17,"SF61745",8.5,"Tasa objetivo Banco de México"
2025-06-18,"SF61745",8.5,"Tasa objetivo Banco de México"
2025-06-19,"SF61745",8.5,"Tasa objetivo Banco de México"
2025-06-20,"SF61745",8.5,"Tasa objetivo Banco de México"
2025-06-21,"SF61745",8.5,"Tasa objetivo Banco de México"
2025-06-22,"SF61745",8.5,"Tasa objetivo Banco de México"
2025-06-23,"SF61745",8.5,"Tasa objetivo Banco de México"
2025-06-24,"SF61745",8.5,"Tasa objetivo Banco de México"
2025-06-25,"SF61745",8.5,"Tasa objetivo Banco de México"
2025-06-26,"SF61745",8.5,"Tasa objetivo Banco de México"
2025-06-27,"SF61745",8,"Tasa objetivo Banco de México"
2025-06-28,"SF61745",8,"Tasa objetivo Banco de México"
2025-06-29,"SF61745",8,"Tasa objetivo Banco de México"
2025-06-30,"SF61745",8,"Tasa objetivo Banco de México"
2025-07-01,"SF61745",8,"Tasa objetivo Banco de México"
2025-07-02,"SF61745",8,"Tasa objetivo Banco de México"
2025-07-03,"SF61745",8,"Tasa objetivo Banco de México"
2025-07-04,"SF61745",8,"Tasa objetivo Banco de México"
2025-07-05,"SF61745",8,"Tasa objetivo Banco de México"
2025-07-06,"SF61745",8,"Tasa objetivo Banco de México"
2025-07-07,"SF61745",8,"Tasa objetivo Banco de México"
2025-07-08,"SF61745",8,"Tasa objetivo Banco de México"
2025-07-09,"SF61745",8,"Tasa objetivo Banco de México"
2025-07-10,"SF61745",8,"Tasa objetivo Banco de México"
2025-07-11,"SF61745",8,"Tasa objetivo Banco de México"
2025-07-12,"SF61745",8,"Tasa objetivo Banco de México"
2025-07-13,"SF61745",8,"Tasa objetivo Banco de México"
2025-07-14,"SF61745",8,"Tasa objetivo Banco de México"
2025-07-15,"SF61745",8,"Tasa objetivo Banco de México"
2025-07-16,"SF61745",8,"Tasa objetivo Banco de México"
2025-07-17,"SF61745",8,"Tasa objetivo Banco de México"
2025-07-18,"SF61745",8,"Tasa objetivo Banco de México"
2025-07-19,"SF61745",8,"Tasa objetivo Banco de México"
2025-07-20,"SF61745",8,"Tasa objetivo Banco de México"
2025-07-21,"SF61745",8,"Tasa objetivo Banco de México"
2025-07-22,"SF61745",8,"Tasa objetivo Banco de México"
2025-07-23,"SF61745",8,"Tasa objetivo Banco de México"
2025-07-24,"SF61745",8,"Tasa objetivo Banco de México"
2025-07-25,"SF61745",8,"Tasa objetivo Banco de México"
2025-07-26,"SF61745",8,"Tasa objetivo Banco de México"
2025-07-27,"SF61745",8,"Tasa objetivo Banco de México"
2025-07-28,"SF61745",8,"Tasa objetivo Banco de México"
2025-07-29,"SF61745",8,"Tasa objetivo Banco de México"
2025-07-30,"SF61745",8,"Tasa objetivo Banco de México"
2025-07-31,"SF61745",8,"Tasa objetivo Banco de México"
2025-08-01,"SF61745",8,"Tasa objetivo Banco de México"
2025-08-02,"SF61745",8,"Tasa objetivo Banco de México"
2025-08-03,"SF61745",8,"Tasa objetivo Banco de México"
2025-08-04,"SF61745",8,"Tasa objetivo Banco de México"
2025-08-05,"SF61745",8,"Tasa objetivo Banco de México"
2025-08-06,"SF61745",8,"Tasa objetivo Banco de México"
2025-08-07,"SF61745",8,"Tasa objetivo Banco de México"
2025-08-08,"SF61745",7.75,"Tasa objetivo Banco de México"
2025-08-09,"SF61745",7.75,"Tasa objetivo Banco de México"
2025-08-10,"SF61745",7.75,"Tasa objetivo Banco de México"
2025-08-11,"SF61745",7.75,"Tasa objetivo Banco de México"
2025-08-12,"SF61745",7.75,"Tasa objetivo Banco de México"
2025-08-13,"SF61745",7.75,"Tasa objetivo Banco de México"
2025-08-14,"SF61745",7.75,"Tasa objetivo Banco de México"
2025-08-15,"SF61745",7.75,"Tasa objetivo Banco de México"
2025-08-16,"SF61745",7.75,"Tasa objetivo Banco de México"
2025-08-17,"SF61745",7.75,"Tasa objetivo Banco de México"
2025-08-18,"SF61745",7.75,"Tasa objetivo Banco de México"
2025-08-19,"SF61745",7.75,"Tasa objetivo Banco de México"
2025-08-20,"SF61745",7.75,"Tasa objetivo Banco de México"
2025-08-21,"SF61745",7.75,"Tasa objetivo Banco de México"
2025-08-22,"SF61745",7.75,"Tasa objetivo Banco de México"
2025-08-23,"SF61745",7.75,"Tasa objetivo Banco de México"
2025-08-24,"SF61745",7.75,"Tasa objetivo Banco de México"
2025-08-25,"SF61745",7.75,"Tasa objetivo Banco de México"
2025-08-26,"SF61745",7.75,"Tasa objetivo Banco de México"
2025-08-27,"SF61745",7.75,"Tasa objetivo Banco de México"
2025-08-28,"SF61745",7.75,"Tasa objetivo Banco de México"
2025-08-29,"SF61745",7.75,"Tasa objetivo Banco de México"
2025-08-30,"SF61745",7.75,"Tasa objetivo Banco de México"
2025-08-31,"SF61745",7.75,"Tasa objetivo Banco de México"
2025-09-01,"SF61745",7.75,"Tasa objetivo Banco de México"
2025-09-02,"SF61745",7.75,"Tasa objetivo Banco de México"
2025-09-03,"SF61745",7.75,"Tasa objetivo Banco de México"
2025-09-04,"SF61745",7.75,"Tasa objetivo Banco de México"
2025-09-05,"SF61745",7.75,"Tasa objetivo Banco de México"
2025-09-06,"SF61745",7.75,"Tasa objetivo Banco de México"
2025-09-07,"SF61745",7.75,"Tasa objetivo Banco de México"
2025-09-08,"SF61745",7.75,"Tasa objetivo Banco de México"
2025-09-09,"SF61745",7.75,"Tasa objetivo Banco de México"
2025-09-10,"SF61745",7.75,"Tasa objetivo Banco de México"
2025-09-11,"SF61745",7.75,"Tasa objetivo Banco de México"
2025-09-12,"SF61745",7.75,"Tasa objetivo Banco de México"
2025-09-13,"SF61745",7.75,"Tasa objetivo Banco de México"
2025-09-14,"SF61745",7.75,"Tasa objetivo Banco de México"
2025-09-15,"SF61745",7.75,"Tasa objetivo Banco de México"
2025-09-16,"SF61745",7.75,"Tasa objetivo Banco de México"
2025-09-17,"SF61745",7.75,"Tasa objetivo Banco de México"
2025-09-18,"SF61745",7.75,"Tasa objetivo Banco de México"
2025-09-19,"SF61745",7.75,"Tasa objetivo Banco de México"
2025-09-20,"SF61745",7.75,"Tasa objetivo Banco de México"
2025-09-21,"SF61745",7.75,"Tasa objetivo Banco de México"
2025-09-22,"SF61745",7.75,"Tasa objetivo Banco de México"
2025-09-23,"SF61745",7.75,"Tasa objetivo Banco de México"
2025-09-24,"SF61745",7.75,"Tasa objetivo Banco de México"
2025-09-25,"SF61745",7.75,"Tasa objetivo Banco de México"
2025-09-26,"SF61745",7.5,"Tasa objetivo Banco de México"
2025-09-27,"SF61745",7.5,"Tasa objetivo Banco de México"
2025-09-28,"SF61745",7.5,"Tasa objetivo Banco de México"
2025-09-29,"SF61745",7.5,"Tasa objetivo Banco de México"
2025-09-30,"SF61745",7.5,"Tasa objetivo Banco de México"
2025-10-01,"SF61745",7.5,"Tasa objetivo Banco de México"
2025-10-02,"SF61745",7.5,"Tasa objetivo Banco de México"
2025-10-03,"SF61745",7.5,"Tasa objetivo Banco de México"
2025-10-04,"SF61745",7.5,"Tasa objetivo Banco de México"
2025-10-05,"SF61745",7.5,"Tasa objetivo Banco de México"
2025-10-06,"SF61745",7.5,"Tasa objetivo Banco de México"
2025-10-07,"SF61745",7.5,"Tasa objetivo Banco de México"
2025-10-08,"SF61745",7.5,"Tasa objetivo Banco de México"
2025-10-09,"SF61745",7.5,"Tasa objetivo Banco de México"
2025-10-10,"SF61745",7.5,"Tasa objetivo Banco de México"
2025-10-11,"SF61745",7.5,"Tasa objetivo Banco de México"
2025-10-12,"SF61745",7.5,"Tasa objetivo Banco de México"
2025-10-13,"SF61745",7.5,"Tasa objetivo Banco de México"
2025-10-14,"SF61745",7.5,"Tasa objetivo Banco de México"
2025-10-15,"SF61745",7.5,"Tasa objetivo Banco de México"
2025-10-16,"SF61745",7.5,"Tasa objetivo Banco de México"
2025-10-17,"SF61745",7.5,"Tasa objetivo Banco de México"
2025-10-18,"SF61745",7.5,"Tasa objetivo Banco de México"
2025-10-19,"SF61745",7.5,"Tasa objetivo Banco de México"
2025-10-20,"SF61745",7.5,"Tasa objetivo Banco de México"
2025-10-21,"SF61745",7.5,"Tasa objetivo Banco de México"
2025-10-22,"SF61745",7.5,"Tasa objetivo Banco de México"
2025-10-23,"SF61745",7.5,"Tasa objetivo Banco de México"
2025-10-24,"SF61745",7.5,"Tasa objetivo Banco de México"
2025-10-25,"SF61745",7.5,"Tasa objetivo Banco de México"
2025-10-26,"SF61745",7.5,"Tasa objetivo Banco de México"
2025-10-27,"SF61745",7.5,"Tasa objetivo Banco de México"
2025-10-28,"SF61745",7.5,"Tasa objetivo Banco de México"
2025-10-29,"SF61745",7.5,"Tasa objetivo Banco de México"
2025-10-30,"SF61745",7.5,"Tasa objetivo Banco de México"
2025-10-31,"SF61745",7.5,"Tasa objetivo Banco de México"
2025-11-01,"SF61745",7.5,"Tasa objetivo Banco de México"
2025-11-02,"SF61745",7.5,"Tasa objetivo Banco de México"
2025-11-03,"SF61745",7.5,"Tasa objetivo Banco de México"
2025-11-04,"SF61745",7.5,"Tasa objetivo Banco de México"
2025-11-05,"SF61745",7.5,"Tasa objetivo Banco de México"
2025-11-06,"SF61745",7.5,"Tasa objetivo Banco de México"
2025-11-07,"SF61745",7.25,"Tasa objetivo Banco de México"
2025-11-08,"SF61745",7.25,"Tasa objetivo Banco de México"
2025-11-09,"SF61745",7.25,"Tasa objetivo Banco de México"
2025-11-10,"SF61745",7.25,"Tasa objetivo Banco de México"
2025-11-11,"SF61745",7.25,"Tasa objetivo Banco de México"
2025-11-12,"SF61745",7.25,"Tasa objetivo Banco de México"
2025-11-13,"SF61745",7.25,"Tasa objetivo Banco de México"
2025-11-14,"SF61745",7.25,"Tasa objetivo Banco de México"
2025-11-15,"SF61745",7.25,"Tasa objetivo Banco de México"
2025-11-16,"SF61745",7.25,"Tasa objetivo Banco de México"
2025-11-17,"SF61745",7.25,"Tasa objetivo Banco de México"
2025-11-18,"SF61745",7.25,"Tasa objetivo Banco de México"
2025-11-19,"SF61745",7.25,"Tasa objetivo Banco de México"
2025-11-20,"SF61745",7.25,"Tasa objetivo Banco de México"
2025-11-21,"SF61745",7.25,"Tasa objetivo Banco de México"
2025-11-22,"SF61745",7.25,"Tasa objetivo Banco de México"
2025-11-23,"SF61745",7.25,"Tasa objetivo Banco de México"
2025-11-24,"SF61745",7.25,"Tasa objetivo Banco de México"
2025-11-25,"SF61745",7.25,"Tasa objetivo Banco de México"
2025-11-26,"SF61745",7.25,"Tasa objetivo Banco de México"
2025-11-27,"SF61745",7.25,"Tasa objetivo Banco de México"
2025-11-28,"SF61745",7.25,"Tasa objetivo Banco de México"
2025-11-29,"SF61745",7.25,"Tasa objetivo Banco de México"
2025-11-30,"SF61745",7.25,"Tasa objetivo Banco de México"
2025-12-01,"SF61745",7.25,"Tasa objetivo Banco de México"
2025-12-02,"SF61745",7.25,"Tasa objetivo Banco de México"
2025-12-03,"SF61745",7.25,"Tasa objetivo Banco de México"
2025-12-04,"SF61745",7.25,"Tasa objetivo Banco de México"
2025-12-05,"SF61745",7.25,"Tasa objetivo Banco de México"
2025-12-06,"SF61745",7.25,"Tasa objetivo Banco de México"
2025-12-07,"SF61745",7.25,"Tasa objetivo Banco de México"
2025-12-08,"SF61745",7.25,"Tasa objetivo Banco de México"
2025-12-09,"SF61745",7.25,"Tasa objetivo Banco de México"
2025-12-10,"SF61745",7.25,"Tasa objetivo Banco de México"
2025-12-11,"SF61745",7.25,"Tasa objetivo Banco de México"
2025-12-12,"SF61745",7.25,"Tasa objetivo Banco de México"
2025-12-13,"SF61745",7.25,"Tasa objetivo Banco de México"
2025-12-14,"SF61745",7.25,"Tasa objetivo Banco de México"
2025-12-15,"SF61745",7.25,"Tasa objetivo Banco de México"
2025-12-16,"SF61745",7.25,"Tasa objetivo Banco de México"
2025-12-17,"SF61745",7.25,"Tasa objetivo Banco de México"
2025-12-18,"SF61745",7.25,"Tasa objetivo Banco de México"
2025-12-19,"SF61745",7,"Tasa objetivo Banco de México"
2025-12-20,"SF61745",7,"Tasa objetivo Banco de México"
2025-12-21,"SF61745",7,"Tasa objetivo Banco de México"
2025-12-22,"SF61745",7,"Tasa objetivo Banco de México"
2025-12-23,"SF61745",7,"Tasa objetivo Banco de México"
2025-12-24,"SF61745",7,"Tasa objetivo Banco de México"
2025-12-25,"SF61745",7,"Tasa objetivo Banco de México"
2025-12-26,"SF61745",7,"Tasa objetivo Banco de México"
2025-12-27,"SF61745",7,"Tasa objetivo Banco de México"
2025-12-28,"SF61745",7,"Tasa objetivo Banco de México"
2025-12-29,"SF61745",7,"Tasa objetivo Banco de México"
2025-12-30,"SF61745",7,"Tasa objetivo Banco de México"
2025-12-31,"SF61745",7,"Tasa objetivo Banco de México"
2026-01-01,"SF61745",7,"Tasa objetivo Banco de México"
2026-01-02,"SF61745",7,"Tasa objetivo Banco de México"
2026-01-03,"SF61745",7,"Tasa objetivo Banco de México"
2026-01-04,"SF61745",7,"Tasa objetivo Banco de México"
2026-01-05,"SF61745",7,"Tasa objetivo Banco de México"
2026-01-06,"SF61745",7,"Tasa objetivo Banco de México"
2026-01-07,"SF61745",7,"Tasa objetivo Banco de México"
2026-01-08,"SF61745",7,"Tasa objetivo Banco de México"
2026-01-09,"SF61745",7,"Tasa objetivo Banco de México"
2026-01-10,"SF61745",7,"Tasa objetivo Banco de México"
2026-01-11,"SF61745",7,"Tasa objetivo Banco de México"
2026-01-12,"SF61745",7,"Tasa objetivo Banco de México"
2026-01-13,"SF61745",7,"Tasa objetivo Banco de México"
2026-01-14,"SF61745",7,"Tasa objetivo Banco de México"
2026-01-15,"SF61745",7,"Tasa objetivo Banco de México"
2026-01-16,"SF61745",7,"Tasa objetivo Banco de México"
2026-01-17,"SF61745",7,"Tasa objetivo Banco de México"
2026-01-18,"SF61745",7,"Tasa objetivo Banco de México"
2026-01-19,"SF61745",7,"Tasa objetivo Banco de México"
2026-01-20,"SF61745",7,"Tasa objetivo Banco de México"
2026-01-21,"SF61745",7,"Tasa objetivo Banco de México"
2026-01-22,"SF61745",7,"Tasa objetivo Banco de México"
2026-01-23,"SF61745",7,"Tasa objetivo Banco de México"
2026-01-24,"SF61745",7,"Tasa objetivo Banco de México"
2026-01-25,"SF61745",7,"Tasa objetivo Banco de México"
2026-01-26,"SF61745",7,"Tasa objetivo Banco de México"
2026-01-27,"SF61745",7,"Tasa objetivo Banco de México"
2026-01-28,"SF61745",7,"Tasa objetivo Banco de México"
2026-01-29,"SF61745",7,"Tasa objetivo Banco de México"
2026-01-30,"SF61745",7,"Tasa objetivo Banco de México"
2026-01-31,"SF61745",7,"Tasa objetivo Banco de México"
2026-02-01,"SF61745",7,"Tasa objetivo Banco de México"
2026-02-02,"SF61745",7,"Tasa objetivo Banco de México"
2026-02-03,"SF61745",7,"Tasa objetivo Banco de México"
2026-02-04,"SF61745",7,"Tasa objetivo Banco de México"
2026-02-05,"SF61745",7,"Tasa objetivo Banco de México"
2026-02-06,"SF61745",7,"Tasa objetivo Banco de México"
2026-02-07,"SF61745",7,"Tasa objetivo Banco de México"
2026-02-08,"SF61745",7,"Tasa objetivo Banco de México"
2026-02-09,"SF61745",7,"Tasa objetivo Banco de México"
2026-02-10,"SF61745",7,"Tasa objetivo Banco de México"
2026-02-11,"SF61745",7,"Tasa objetivo Banco de México"
2026-02-12,"SF61745",7,"Tasa objetivo Banco de México"
2026-02-13,"SF61745",7,"Tasa objetivo Banco de México"
2026-02-14,"SF61745",7,"Tasa objetivo Banco de México"
2026-02-15,"SF61745",7,"Tasa objetivo Banco de México"
2026-02-16,"SF61745",7,"Tasa objetivo Banco de México"
2026-02-17,"SF61745",7,"Tasa objetivo Banco de México"
2026-02-18,"SF61745",7,"Tasa objetivo Banco de México"
2026-02-19,"SF61745",7,"Tasa objetivo Banco de México"
2026-02-20,"SF61745",7,"Tasa objetivo Banco de México"
2026-02-21,"SF61745",7,"Tasa objetivo Banco de México"
2026-02-22,"SF61745",7,"Tasa objetivo Banco de México"
2026-02-23,"SF61745",7,"Tasa objetivo Banco de México"
2026-02-24,"SF61745",7,"Tasa objetivo Banco de México"
2026-02-25,"SF61745",7,"Tasa objetivo Banco de México"
2026-02-26,"SF61745",7,"Tasa objetivo Banco de México"
2026-02-27,"SF61745",7,"Tasa objetivo Banco de México"
2026-02-28,"SF61745",7,"Tasa objetivo Banco de México"
2026-03-01,"SF61745",7,"Tasa objetivo Banco de México"
2026-03-02,"SF61745",7,"Tasa objetivo Banco de México"
2026-03-03,"SF61745",7,"Tasa objetivo Banco de México"
2026-03-04,"SF61745",7,"Tasa objetivo Banco de México"
2026-03-05,"SF61745",7,"Tasa objetivo Banco de México"
2026-03-06,"SF61745",7,"Tasa objetivo Banco de México"
2026-03-07,"SF61745",7,"Tasa objetivo Banco de México"
2026-03-08,"SF61745",7,"Tasa objetivo Banco de México"
2026-03-09,"SF61745",7,"Tasa objetivo Banco de México"
2026-03-10,"SF61745",7,"Tasa objetivo Banco de México"
2026-03-11,"SF61745",7,"Tasa objetivo Banco de México"
2026-03-12,"SF61745",7,"Tasa objetivo Banco de México"
2026-03-13,"SF61745",7,"Tasa objetivo Banco de México"
2026-03-14,"SF61745",7,"Tasa objetivo Banco de México"
2026-03-15,"SF61745",7,"Tasa objetivo Banco de México"
2026-03-16,"SF61745",7,"Tasa objetivo Banco de México"
2026-03-17,"SF61745",7,"Tasa objetivo Banco de México"
2026-03-18,"SF61745",7,"Tasa objetivo Banco de México"
2026-03-19,"SF61745",7,"Tasa objetivo Banco de México"
2026-03-20,"SF61745",7,"Tasa objetivo Banco de México"
2026-03-21,"SF61745",7,"Tasa objetivo Banco de México"
2026-03-22,"SF61745",7,"Tasa objetivo Banco de México"
2026-03-23,"SF61745",7,"Tasa objetivo Banco de México"
2026-03-24,"SF61745",7,"Tasa objetivo Banco de México"
2026-03-25,"SF61745",7,"Tasa objetivo Banco de México"
2026-03-26,"SF61745",7,"Tasa objetivo Banco de México"
2026-03-27,"SF61745",6.75,"Tasa objetivo Banco de México"
2026-03-28,"SF61745",6.75,"Tasa objetivo Banco de México"
2026-03-29,"SF61745",6.75,"Tasa objetivo Banco de México"
2026-03-30,"SF61745",6.75,"Tasa objetivo Banco de México"
2026-03-31,"SF61745",6.75,"Tasa objetivo Banco de México"
2026-04-01,"SF61745",6.75,"Tasa objetivo Banco de México"
2026-04-02,"SF61745",6.75,"Tasa objetivo Banco de México"
2026-04-03,"SF61745",6.75,"Tasa objetivo Banco de México"
2026-04-04,"SF61745",6.75,"Tasa objetivo Banco de México"
2026-04-05,"SF61745",6.75,"Tasa objetivo Banco de México"
2026-04-06,"SF61745",6.75,"Tasa objetivo Banco de México"
2026-04-07,"SF61745",6.75,"Tasa objetivo Banco de México"
2026-04-08,"SF61745",6.75,"Tasa objetivo Banco de México"
2026-04-09,"SF61745",6.75,"Tasa objetivo Banco de México"
2026-04-10,"SF61745",6.75,"Tasa objetivo Banco de México"
2026-04-11,"SF61745",6.75,"Tasa objetivo Banco de México"
2026-04-12,"SF61745",6.75,"Tasa objetivo Banco de México"
2026-04-13,"SF61745",6.75,"Tasa objetivo Banco de México"
2026-04-14,"SF61745",6.75,"Tasa objetivo Banco de México"
2026-04-15,"SF61745",6.75,"Tasa objetivo Banco de México"
2026-04-16,"SF61745",6.75,"Tasa objetivo Banco de México"
2026-04-17,"SF61745",6.75,"Tasa objetivo Banco de México"
2026-04-18,"SF61745",6.75,"Tasa objetivo Banco de México"
2026-04-19,"SF61745",6.75,"Tasa objetivo Banco de México"
2026-04-20,"SF61745",6.75,"Tasa objetivo Banco de México"
2026-04-21,"SF61745",6.75,"Tasa objetivo Banco de México"
2026-04-22,"SF61745",6.75,"Tasa objetivo Banco de México"
2026-04-23,"SF61745",6.75,"Tasa objetivo Banco de México"
2026-04-24,"SF61745",6.75,"Tasa objetivo Banco de México"
2026-04-25,"SF61745",6.75,"Tasa objetivo Banco de México"
2026-04-26,"SF61745",6.75,"Tasa objetivo Banco de México"
2026-04-27,"SF61745",6.75,"Tasa objetivo Banco de México"
2026-04-28,"SF61745",6.75,"Tasa objetivo Banco de México"
2026-04-29,"SF61745",6.75,"Tasa objetivo Banco de México"
2026-04-30,"SF61745",6.75,"Tasa objetivo Banco de México"
2026-05-01,"SF61745",6.75,"Tasa objetivo Banco de México"
2026-05-02,"SF61745",6.75,"Tasa objetivo Banco de México"
2026-05-03,"SF61745",6.75,"Tasa objetivo Banco de México"
2026-05-04,"SF61745",6.75,"Tasa objetivo Banco de México"
2026-05-05,"SF61745",6.75,"Tasa objetivo Banco de México"
2026-05-06,"SF61745",6.75,"Tasa objetivo Banco de México"
2026-05-07,"SF61745",6.75,"Tasa objetivo Banco de México"
2026-05-08,"SF61745",6.5,"Tasa objetivo Banco de México"
2026-05-09,"SF61745",6.5,"Tasa objetivo Banco de México"
2026-05-10,"SF61745",6.5,"Tasa objetivo Banco de México"
2026-05-11,"SF61745",6.5,"Tasa objetivo Banco de México"
2026-05-12,"SF61745",6.5,"Tasa objetivo Banco de México"
2026-05-13,"SF61745",6.5,"Tasa objetivo Banco de México"
2026-05-14,"SF61745",6.5,"Tasa objetivo Banco de México"
2026-05-15,"SF61745",6.5,"Tasa objetivo Banco de México"
2026-05-16,"SF61745",6.5,"Tasa objetivo Banco de México"
2026-05-17,"SF61745",6.5,"Tasa objetivo Banco de México"
2026-05-18,"SF61745",6.5,"Tasa objetivo Banco de México"
2026-05-19,"SF61745",6.5,"Tasa objetivo Banco de México"
2026-05-20,"SF61745",6.5,"Tasa objetivo Banco de México"
2026-05-21,"SF61745",6.5,"Tasa objetivo Banco de México"
2026-05-22,"SF61745",6.5,"Tasa objetivo Banco de México"
2026-05-23,"SF61745",6.5,"Tasa objetivo Banco de México"
2026-05-24,"SF61745",6.5,"Tasa objetivo Banco de México"
2026-05-25,"SF61745",6.5,"Tasa objetivo Banco de México"
2026-05-26,"SF61745",6.5,"Tasa objetivo Banco de México"
2026-05-27,"SF61745",6.5,"Tasa objetivo Banco de México"
2026-05-28,"SF61745",6.5,"Tasa objetivo Banco de México"
2026-05-29,"SF61745",6.5,"Tasa objetivo Banco de México"
2026-05-30,"SF61745",6.5,"Tasa objetivo Banco de México"
2026-05-31,"SF61745",6.5,"Tasa objetivo Banco de México"
2026-06-01,"SF61745",6.5,"Tasa objetivo Banco de México"
2026-06-02,"SF61745",6.5,"Tasa objetivo Banco de México"
2026-06-03,"SF61745",6.5,"Tasa objetivo Banco de México"
2026-06-04,"SF61745",6.5,"Tasa objetivo Banco de México"
2026-06-05,"SF61745",6.5,"Tasa objetivo Banco de México"
2026-06-06,"SF61745",6.5,"Tasa objetivo Banco de México"
2026-06-07,"SF61745",6.5,"Tasa objetivo Banco de México"
2026-06-08,"SF61745",6.5,"Tasa objetivo Banco de México"
2026-06-09,"SF61745",6.5,"Tasa objetivo Banco de México"
2026-06-10,"SF61745",6.5,"Tasa objetivo Banco de México"
2026-06-11,"SF61745",6.5,"Tasa objetivo Banco de México"
2026-06-12,"SF61745",6.5,"Tasa objetivo Banco de México"
2026-06-13,"SF61745",6.5,"Tasa objetivo Banco de México"
2026-06-14,"SF61745",6.5,"Tasa objetivo Banco de México"
2026-06-15,"SF61745",6.5,"Tasa objetivo Banco de México"
2026-06-16,"SF61745",6.5,"Tasa objetivo Banco de México"
2026-06-17,"SF61745",6.5,"Tasa objetivo Banco de México"
2026-06-18,"SF61745",6.5,"Tasa objetivo Banco de México"
2026-06-19,"SF61745",6.5,"Tasa objetivo Banco de México"
2026-06-20,"SF61745",6.5,"Tasa objetivo Banco de México"
2026-06-21,"SF61745",6.5,"Tasa objetivo Banco de México"
2026-06-22,"SF61745",6.5,"Tasa objetivo Banco de México"
2026-06-23,"SF61745",6.5,"Tasa objetivo Banco de México"
2026-06-24,"SF61745",6.5,"Tasa objetivo Banco de México"
2026-06-25,"SF61745",6.5,"Tasa objetivo Banco de México"
2026-06-26,"SF61745",6.5,"Tasa objetivo Banco de México"
2026-06-27,"SF61745",6.5,"Tasa objetivo Banco de México"
2026-06-28,"SF61745",6.5,"Tasa objetivo Banco de México"
2026-06-29,"SF61745",6.5,"Tasa objetivo Banco de México"
2026-06-30,"SF61745",6.5,"Tasa objetivo Banco de México"
2026-07-01,"SF61745",6.5,"Tasa objetivo Banco de México"
2026-07-02,"SF61745",6.5,"Tasa objetivo Banco de México"
2026-07-03,"SF61745",6.5,"Tasa objetivo Banco de México"
2026-07-04,"SF61745",6.5,"Tasa objetivo Banco de México"
2026-07-05,"SF61745",6.5,"Tasa objetivo Banco de México"
2026-07-06,"SF61745",6.5,"Tasa objetivo Banco de México"
2026-07-07,"SF61745",6.5,"Tasa objetivo Banco de México"
2026-07-08,"SF61745",6.5,"Tasa objetivo Banco de México"
2026-07-09,"SF61745",6.5,"Tasa objetivo Banco de México"
2026-07-10,"SF61745",6.5,"Tasa objetivo Banco de México"
2026-07-11,"SF61745",6.5,"Tasa objetivo Banco de México"
2026-07-13,"SF61745",6.5,"Tasa objetivo Banco de México"
2026-07-14,"SF61745",6.5,"Tasa objetivo Banco de México"
2026-07-15,"SF61745",6.5,"Tasa objetivo Banco de México"
2026-07-16,"SF61745",6.5,"Tasa objetivo Banco de México"
2026-07-17,"SF61745",6.5,"Tasa objetivo Banco de México"
2026-07-18,"SF61745",6.5,"Tasa objetivo Banco de México"
2026-07-19,"SF61745",6.5,"Tasa objetivo Banco de México"
2026-07-20,"SF61745",6.5,"Tasa objetivo Banco de México"
2026-07-21,"SF61745",6.5,"Tasa objetivo Banco de México"
2026-07-22,"SF61745",6.5,"Tasa objetivo Banco de México"
2026-07-23,"SF61745",6.5,"Tasa objetivo Banco de México"
2026-07-24,"SF61745",6.5,"Tasa objetivo Banco de México"
2026-07-25,"SF61745",6.5,"Tasa objetivo Banco de México"
2026-07-26,"SF61745",6.5,"Tasa objetivo Banco de México"
2026-07-27,"SF61745",6.5,"Tasa objetivo Banco de México"
2026-07-28,"SF61745",6.5,"Tasa objetivo Banco de México"
2026-07-29,"SF61745",6.5,"Tasa objetivo Banco de México"
2026-07-30,"SF61745",6.5,"Tasa objetivo Banco de México"
2026-07-31,"SF61745",6.5,"Tasa objetivo Banco de México"
2026-08-01,"SF61745",6.5,"Tasa objetivo Banco de México"
2026-08-02,"SF61745",6.5,"Tasa objetivo Banco de México"
2026-08-03,"SF61745",6.5,"Tasa objetivo Banco de México"
2026-08-04,"SF61745",6.5,"Tasa objetivo Banco de México"
2026-08-05,"SF61745",6.5,"Tasa objetivo Banco de México"
2026-08-06,"SF61745",6.5,"Tasa objetivo Banco de México"
2026-08-07,"SF61745",6.5,"Tasa objetivo Banco de México"
2026-08-08,"SF61745",6.5,"Tasa objetivo Banco de México"
2026-08-09,"SF61745",6.5,"Tasa objetivo Banco de México"
2026-08-10,"SF61745",6.5,"Tasa objetivo Banco de México"
2026-08-11,"SF61745",6.5,"Tasa objetivo Banco de México"
2026-08-12,"SF61745",6.5,"Tasa objetivo Banco de México"
2026-08-13,"SF61745",6.5,"Tasa objetivo Banco de México"
2026-08-14,"SF61745",6.5,"Tasa objetivo Banco de México"
2026-08-15,"SF61745",6.5,"Tasa objetivo Banco de México"
2026-08-16,"SF61745",6.5,"Tasa objetivo Banco de México"
2026-08-17,"SF61745",6.5,"Tasa objetivo Banco de México"
2026-08-18,"SF61745",6.5,"Tasa objetivo Banco de México"
2026-08-19,"SF61745",6.5,"Tasa objetivo Banco de México"
2026-08-20,"SF61745",6.5,"Tasa objetivo Banco de México"
2026-08-21,"SF61745",6.5,"Tasa objetivo Banco de México"
2026-08-22,"SF61745",6.5,"Tasa objetivo Banco de México"
2026-08-23,"SF61745",6.5,"Tasa objetivo Banco de México"
2026-08-24,"SF61745",6.5,"Tasa objetivo Banco de México"
2026-08-25,"SF61745",6.5,"Tasa objetivo Banco de México"
2000-01-03,"SF43718",9.3949,"Tipo de cambio FIX USD/MXN"
2000-01-04,"SF43718",9.4564,"Tipo de cambio FIX USD/MXN"
2000-01-05,"SF43718",9.5455,"Tipo de cambio FIX USD/MXN"
2000-01-06,"SF43718",9.5705,"Tipo de cambio FIX USD/MXN"
2000-01-07,"SF43718",9.515,"Tipo de cambio FIX USD/MXN"
2000-01-10,"SF43718",9.4464,"Tipo de cambio FIX USD/MXN"
2000-01-11,"SF43718",9.478,"Tipo de cambio FIX USD/MXN"
2000-01-12,"SF43718",9.5352,"Tipo de cambio FIX USD/MXN"
2000-01-13,"SF43718",9.5057,"Tipo de cambio FIX USD/MXN"
2000-01-14,"SF43718",9.4483,"Tipo de cambio FIX USD/MXN"
2000-01-17,"SF43718",9.4172,"Tipo de cambio FIX USD/MXN"
2000-01-18,"SF43718",9.4383,"Tipo de cambio FIX USD/MXN"
2000-01-19,"SF43718",9.4086,"Tipo de cambio FIX USD/MXN"
2000-01-20,"SF43718",9.4038,"Tipo de cambio FIX USD/MXN"
2000-01-21,"SF43718",9.4463,"Tipo de cambio FIX USD/MXN"
2000-01-24,"SF43718",9.4838,"Tipo de cambio FIX USD/MXN"
2000-01-25,"SF43718",9.5288,"Tipo de cambio FIX USD/MXN"
2000-01-26,"SF43718",9.5103,"Tipo de cambio FIX USD/MXN"
2000-01-27,"SF43718",9.5123,"Tipo de cambio FIX USD/MXN"
2000-01-28,"SF43718",9.5727,"Tipo de cambio FIX USD/MXN"
2000-01-31,"SF43718",9.6253,"Tipo de cambio FIX USD/MXN"
2000-02-01,"SF43718",9.5956,"Tipo de cambio FIX USD/MXN"
2000-02-02,"SF43718",9.5724,"Tipo de cambio FIX USD/MXN"
2000-02-03,"SF43718",9.5011,"Tipo de cambio FIX USD/MXN"
2000-02-04,"SF43718",9.4803,"Tipo de cambio FIX USD/MXN"
2000-02-07,"SF43718",9.4327,"Tipo de cambio FIX USD/MXN"
2000-02-08,"SF43718",9.4018,"Tipo de cambio FIX USD/MXN"
2000-02-09,"SF43718",9.3998,"Tipo de cambio FIX USD/MXN"
2000-02-10,"SF43718",9.4348,"Tipo de cambio FIX USD/MXN"
2000-02-11,"SF43718",9.4212,"Tipo de cambio FIX USD/MXN"
2000-02-14,"SF43718",9.3988,"Tipo de cambio FIX USD/MXN"
2000-02-15,"SF43718",9.388,"Tipo de cambio FIX USD/MXN"
2000-02-16,"SF43718",9.371,"Tipo de cambio FIX USD/MXN"
2000-02-17,"SF43718",9.3905,"Tipo de cambio FIX USD/MXN"
2000-02-18,"SF43718",9.3592,"Tipo de cambio FIX USD/MXN"
2000-02-21,"SF43718",9.4108,"Tipo de cambio FIX USD/MXN"
2000-02-22,"SF43718",9.4395,"Tipo de cambio FIX USD/MXN"
2000-02-23,"SF43718",9.4067,"Tipo de cambio FIX USD/MXN"
2000-02-24,"SF43718",9.3798,"Tipo de cambio FIX USD/MXN"
2000-02-25,"SF43718",9.3748,"Tipo de cambio FIX USD/MXN"
2000-02-28,"SF43718",9.4033,"Tipo de cambio FIX USD/MXN"
2000-02-29,"SF43718",9.3662,"Tipo de cambio FIX USD/MXN"
2000-03-01,"SF43718",9.3633,"Tipo de cambio FIX USD/MXN"
2000-03-02,"SF43718",9.3382,"Tipo de cambio FIX USD/MXN"
2000-03-03,"SF43718",9.3115,"Tipo de cambio FIX USD/MXN"
2000-03-06,"SF43718",9.3215,"Tipo de cambio FIX USD/MXN"
2000-03-07,"SF43718",9.3009,"Tipo de cambio FIX USD/MXN"
2000-03-08,"SF43718",9.2662,"Tipo de cambio FIX USD/MXN"
2000-03-09,"SF43718",9.2837,"Tipo de cambio FIX USD/MXN"
2000-03-10,"SF43718",9.3125,"Tipo de cambio FIX USD/MXN"
2000-03-13,"SF43718",9.3338,"Tipo de cambio FIX USD/MXN"
2000-03-14,"SF43718",9.3127,"Tipo de cambio FIX USD/MXN"
2000-03-15,"SF43718",9.3436,"Tipo de cambio FIX USD/MXN"
2000-03-16,"SF43718",9.3224,"Tipo de cambio FIX USD/MXN"
2000-03-17,"SF43718",9.3255,"Tipo de cambio FIX USD/MXN"
2000-03-20,"SF43718",9.3185,"Tipo de cambio FIX USD/MXN"
2000-03-22,"SF43718",9.2765,"Tipo de cambio FIX USD/MXN"
2000-03-23,"SF43718",9.2398,"Tipo de cambio FIX USD/MXN"
2000-03-24,"SF43718",9.1712,"Tipo de cambio FIX USD/MXN"
2000-03-27,"SF43718",9.1775,"Tipo de cambio FIX USD/MXN"
2000-03-28,"SF43718",9.1883,"Tipo de cambio FIX USD/MXN"
2000-03-29,"SF43718",9.2331,"Tipo de cambio FIX USD/MXN"
2000-03-30,"SF43718",9.3015,"Tipo de cambio FIX USD/MXN"
2000-03-31,"SF43718",9.2845,"Tipo de cambio FIX USD/MXN"
2000-04-03,"SF43718",9.2761,"Tipo de cambio FIX USD/MXN"
2000-04-04,"SF43718",9.2878,"Tipo de cambio FIX USD/MXN"
2000-04-05,"SF43718",9.3835,"Tipo de cambio FIX USD/MXN"
2000-04-06,"SF43718",9.3535,"Tipo de cambio FIX USD/MXN"
2000-04-07,"SF43718",9.3218,"Tipo de cambio FIX USD/MXN"
2000-04-10,"SF43718",9.2868,"Tipo de cambio FIX USD/MXN"
2000-04-11,"SF43718",9.3918,"Tipo de cambio FIX USD/MXN"
2000-04-12,"SF43718",9.3965,"Tipo de cambio FIX USD/MXN"
2000-04-13,"SF43718",9.3988,"Tipo de cambio FIX USD/MXN"
2000-04-14,"SF43718",9.4842,"Tipo de cambio FIX USD/MXN"
2000-04-17,"SF43718",9.4882,"Tipo de cambio FIX USD/MXN"
2000-04-18,"SF43718",9.4388,"Tipo de cambio FIX USD/MXN"
2000-04-19,"SF43718",9.3939,"Tipo de cambio FIX USD/MXN"
2000-04-24,"SF43718",9.4443,"Tipo de cambio FIX USD/MXN"
2000-04-25,"SF43718",9.4078,"Tipo de cambio FIX USD/MXN"
2000-04-26,"SF43718",9.4073,"Tipo de cambio FIX USD/MXN"
2000-04-27,"SF43718",9.4521,"Tipo de cambio FIX USD/MXN"
2000-04-28,"SF43718",9.4127,"Tipo de cambio FIX USD/MXN"
2000-05-02,"SF43718",9.3374,"Tipo de cambio FIX USD/MXN"
2000-05-03,"SF43718",9.3848,"Tipo de cambio FIX USD/MXN"
2000-05-04,"SF43718",9.3928,"Tipo de cambio FIX USD/MXN"
2000-05-08,"SF43718",9.4918,"Tipo de cambio FIX USD/MXN"
2000-05-09,"SF43718",9.4855,"Tipo de cambio FIX USD/MXN"
2000-05-10,"SF43718",9.5702,"Tipo de cambio FIX USD/MXN"
2000-05-11,"SF43718",9.5768,"Tipo de cambio FIX USD/MXN"
2000-05-12,"SF43718",9.5661,"Tipo de cambio FIX USD/MXN"
2000-05-15,"SF43718",9.582,"Tipo de cambio FIX USD/MXN"
2000-05-16,"SF43718",9.5088,"Tipo de cambio FIX USD/MXN"
2000-05-17,"SF43718",9.5451,"Tipo de cambio FIX USD/MXN"
2000-05-18,"SF43718",9.5751,"Tipo de cambio FIX USD/MXN"
2000-05-19,"SF43718",9.615,"Tipo de cambio FIX USD/MXN"
2000-05-22,"SF43718",9.5778,"Tipo de cambio FIX USD/MXN"
2000-05-23,"SF43718",9.509,"Tipo de cambio FIX USD/MXN"
2000-05-24,"SF43718",9.5328,"Tipo de cambio FIX USD/MXN"
2000-05-25,"SF43718",9.494,"Tipo de cambio FIX USD/MXN"
2000-05-26,"SF43718",9.5274,"Tipo de cambio FIX USD/MXN"
2000-05-29,"SF43718",9.5326,"Tipo de cambio FIX USD/MXN"
2000-05-30,"SF43718",9.516,"Tipo de cambio FIX USD/MXN"
2000-05-31,"SF43718",9.511,"Tipo de cambio FIX USD/MXN"
2000-06-01,"SF43718",9.4988,"Tipo de cambio FIX USD/MXN"
2000-06-02,"SF43718",9.5461,"Tipo de cambio FIX USD/MXN"
2000-06-05,"SF43718",9.5442,"Tipo de cambio FIX USD/MXN"
2000-06-06,"SF43718",9.657,"Tipo de cambio FIX USD/MXN"
2000-06-07,"SF43718",9.7942,"Tipo de cambio FIX USD/MXN"
2000-06-08,"SF43718",9.8519,"Tipo de cambio FIX USD/MXN"
2000-06-09,"SF43718",9.9263,"Tipo de cambio FIX USD/MXN"
2000-06-12,"SF43718",9.8546,"Tipo de cambio FIX USD/MXN"
2000-06-13,"SF43718",9.7645,"Tipo de cambio FIX USD/MXN"
2000-06-14,"SF43718",9.7879,"Tipo de cambio FIX USD/MXN"
2000-06-15,"SF43718",9.8478,"Tipo de cambio FIX USD/MXN"
2000-06-16,"SF43718",9.9243,"Tipo de cambio FIX USD/MXN"
2000-06-19,"SF43718",9.9031,"Tipo de cambio FIX USD/MXN"
2000-06-20,"SF43718",9.8644,"Tipo de cambio FIX USD/MXN"
2000-06-21,"SF43718",9.8568,"Tipo de cambio FIX USD/MXN"
2000-06-22,"SF43718",9.8707,"Tipo de cambio FIX USD/MXN"
2000-06-23,"SF43718",9.9805,"Tipo de cambio FIX USD/MXN"
2000-06-26,"SF43718",10.0197,"Tipo de cambio FIX USD/MXN"
2000-06-27,"SF43718",10.0787,"Tipo de cambio FIX USD/MXN"
2000-06-28,"SF43718",9.9538,"Tipo de cambio FIX USD/MXN"
2000-06-29,"SF43718",9.9003,"Tipo de cambio FIX USD/MXN"
2000-06-30,"SF43718",9.8243,"Tipo de cambio FIX USD/MXN"
2000-07-03,"SF43718",9.5461,"Tipo de cambio FIX USD/MXN"
2000-07-04,"SF43718",9.4876,"Tipo de cambio FIX USD/MXN"
2000-07-05,"SF43718",9.5384,"Tipo de cambio FIX USD/MXN"
2000-07-06,"SF43718",9.546,"Tipo de cambio FIX USD/MXN"
2000-07-07,"SF43718",9.5195,"Tipo de cambio FIX USD/MXN"
2000-07-10,"SF43718",9.5023,"Tipo de cambio FIX USD/MXN"
2000-07-11,"SF43718",9.428,"Tipo de cambio FIX USD/MXN"
2000-07-12,"SF43718",9.4748,"Tipo de cambio FIX USD/MXN"
2000-07-13,"SF43718",9.4368,"Tipo de cambio FIX USD/MXN"
2000-07-14,"SF43718",9.4152,"Tipo de cambio FIX USD/MXN"
2000-07-17,"SF43718",9.3491,"Tipo de cambio FIX USD/MXN"
2000-07-18,"SF43718",9.3327,"Tipo de cambio FIX USD/MXN"
2000-07-19,"SF43718",9.4118,"Tipo de cambio FIX USD/MXN"
2000-07-20,"SF43718",9.3608,"Tipo de cambio FIX USD/MXN"
2000-07-21,"SF43718",9.3485,"Tipo de cambio FIX USD/MXN"
2000-07-24,"SF43718",9.3337,"Tipo de cambio FIX USD/MXN"
2000-07-25,"SF43718",9.3657,"Tipo de cambio FIX USD/MXN"
2000-07-26,"SF43718",9.3627,"Tipo de cambio FIX USD/MXN"
2000-07-27,"SF43718",9.361,"Tipo de cambio FIX USD/MXN"
2000-07-28,"SF43718",9.3578,"Tipo de cambio FIX USD/MXN"
2000-07-31,"SF43718",9.3667,"Tipo de cambio FIX USD/MXN"
2000-08-01,"SF43718",9.3428,"Tipo de cambio FIX USD/MXN"
2000-08-02,"SF43718",9.3462,"Tipo de cambio FIX USD/MXN"
2000-08-03,"SF43718",9.3881,"Tipo de cambio FIX USD/MXN"
2000-08-04,"SF43718",9.3574,"Tipo de cambio FIX USD/MXN"
2000-08-07,"SF43718",9.3353,"Tipo de cambio FIX USD/MXN"
2000-08-08,"SF43718",9.3353,"Tipo de cambio FIX USD/MXN"
2000-08-09,"SF43718",9.326,"Tipo de cambio FIX USD/MXN"
2000-08-10,"SF43718",9.3198,"Tipo de cambio FIX USD/MXN"
2000-08-11,"SF43718",9.2918,"Tipo de cambio FIX USD/MXN"
2000-08-14,"SF43718",9.2516,"Tipo de cambio FIX USD/MXN"
2000-08-15,"SF43718",9.2504,"Tipo de cambio FIX USD/MXN"
2000-08-16,"SF43718",9.1923,"Tipo de cambio FIX USD/MXN"
2000-08-17,"SF43718",9.1873,"Tipo de cambio FIX USD/MXN"
2000-08-18,"SF43718",9.2293,"Tipo de cambio FIX USD/MXN"
2000-08-21,"SF43718",9.2563,"Tipo de cambio FIX USD/MXN"
2000-08-22,"SF43718",9.2322,"Tipo de cambio FIX USD/MXN"
2000-08-23,"SF43718",9.2773,"Tipo de cambio FIX USD/MXN"
2000-08-24,"SF43718",9.2268,"Tipo de cambio FIX USD/MXN"
2000-08-25,"SF43718",9.2342,"Tipo de cambio FIX USD/MXN"
2000-08-28,"SF43718",9.2093,"Tipo de cambio FIX USD/MXN"
2000-08-29,"SF43718",9.2317,"Tipo de cambio FIX USD/MXN"
2000-08-30,"SF43718",9.2108,"Tipo de cambio FIX USD/MXN"
2000-08-31,"SF43718",9.1995,"Tipo de cambio FIX USD/MXN"
2000-09-01,"SF43718",9.2014,"Tipo de cambio FIX USD/MXN"
2000-09-04,"SF43718",9.2231,"Tipo de cambio FIX USD/MXN"
2000-09-05,"SF43718",9.2612,"Tipo de cambio FIX USD/MXN"
2000-09-06,"SF43718",9.3115,"Tipo de cambio FIX USD/MXN"
2000-09-07,"SF43718",9.3141,"Tipo de cambio FIX USD/MXN"
2000-09-08,"SF43718",9.3243,"Tipo de cambio FIX USD/MXN"
2000-09-11,"SF43718",9.2814,"Tipo de cambio FIX USD/MXN"
2000-09-12,"SF43718",9.2542,"Tipo de cambio FIX USD/MXN"
2000-09-13,"SF43718",9.286,"Tipo de cambio FIX USD/MXN"
2000-09-14,"SF43718",9.3125,"Tipo de cambio FIX USD/MXN"
2000-09-15,"SF43718",9.3517,"Tipo de cambio FIX USD/MXN"
2000-09-18,"SF43718",9.4172,"Tipo de cambio FIX USD/MXN"
2000-09-19,"SF43718",9.425,"Tipo de cambio FIX USD/MXN"
2000-09-20,"SF43718",9.4483,"Tipo de cambio FIX USD/MXN"
2000-09-21,"SF43718",9.4347,"Tipo de cambio FIX USD/MXN"
2000-09-22,"SF43718",9.479,"Tipo de cambio FIX USD/MXN"
2000-09-25,"SF43718",9.4218,"Tipo de cambio FIX USD/MXN"
2000-09-26,"SF43718",9.4032,"Tipo de cambio FIX USD/MXN"
2000-09-27,"SF43718",9.4088,"Tipo de cambio FIX USD/MXN"
2000-09-28,"SF43718",9.429,"Tipo de cambio FIX USD/MXN"
2000-09-29,"SF43718",9.4459,"Tipo de cambio FIX USD/MXN"
2000-10-02,"SF43718",9.4142,"Tipo de cambio FIX USD/MXN"
2000-10-03,"SF43718",9.4014,"Tipo de cambio FIX USD/MXN"
2000-10-04,"SF43718",9.4292,"Tipo de cambio FIX USD/MXN"
2000-10-05,"SF43718",9.4515,"Tipo de cambio FIX USD/MXN"
2000-10-06,"SF43718",9.46,"Tipo de cambio FIX USD/MXN"
2000-10-09,"SF43718",9.4753,"Tipo de cambio FIX USD/MXN"
2000-10-10,"SF43718",9.4632,"Tipo de cambio FIX USD/MXN"
2000-10-11,"SF43718",9.479,"Tipo de cambio FIX USD/MXN"
2000-10-12,"SF43718",9.5193,"Tipo de cambio FIX USD/MXN"
2000-10-13,"SF43718",9.5879,"Tipo de cambio FIX USD/MXN"
2000-10-16,"SF43718",9.5351,"Tipo de cambio FIX USD/MXN"
2000-10-17,"SF43718",9.5443,"Tipo de cambio FIX USD/MXN"
2000-10-18,"SF43718",9.5765,"Tipo de cambio FIX USD/MXN"
2000-10-19,"SF43718",9.5333,"Tipo de cambio FIX USD/MXN"
2000-10-20,"SF43718",9.5605,"Tipo de cambio FIX USD/MXN"
2000-10-23,"SF43718",9.5736,"Tipo de cambio FIX USD/MXN"
2000-10-24,"SF43718",9.5757,"Tipo de cambio FIX USD/MXN"
2000-10-25,"SF43718",9.6242,"Tipo de cambio FIX USD/MXN"
2000-10-26,"SF43718",9.6777,"Tipo de cambio FIX USD/MXN"
2000-10-27,"SF43718",9.6443,"Tipo de cambio FIX USD/MXN"
2000-10-30,"SF43718",9.5995,"Tipo de cambio FIX USD/MXN"
2000-10-31,"SF43718",9.5642,"Tipo de cambio FIX USD/MXN"
2000-11-01,"SF43718",9.5824,"Tipo de cambio FIX USD/MXN"
2000-11-03,"SF43718",9.599,"Tipo de cambio FIX USD/MXN"
2000-11-06,"SF43718",9.6438,"Tipo de cambio FIX USD/MXN"
2000-11-07,"SF43718",9.6544,"Tipo de cambio FIX USD/MXN"
2000-11-08,"SF43718",9.6166,"Tipo de cambio FIX USD/MXN"
2000-11-09,"SF43718",9.6533,"Tipo de cambio FIX USD/MXN"
2000-11-10,"SF43718",9.6008,"Tipo de cambio FIX USD/MXN"
2000-11-13,"SF43718",9.558,"Tipo de cambio FIX USD/MXN"
2000-11-14,"SF43718",9.4963,"Tipo de cambio FIX USD/MXN"
2000-11-15,"SF43718",9.4625,"Tipo de cambio FIX USD/MXN"
2000-11-16,"SF43718",9.4828,"Tipo de cambio FIX USD/MXN"
2000-11-17,"SF43718",9.4828,"Tipo de cambio FIX USD/MXN"
2000-11-21,"SF43718",9.4098,"Tipo de cambio FIX USD/MXN"
2000-11-22,"SF43718",9.379,"Tipo de cambio FIX USD/MXN"
2000-11-23,"SF43718",9.4057,"Tipo de cambio FIX USD/MXN"
2000-11-24,"SF43718",9.393,"Tipo de cambio FIX USD/MXN"
2000-11-27,"SF43718",9.3692,"Tipo de cambio FIX USD/MXN"
2000-11-28,"SF43718",9.4058,"Tipo de cambio FIX USD/MXN"
2000-11-29,"SF43718",9.3973,"Tipo de cambio FIX USD/MXN"
2000-11-30,"SF43718",9.4155,"Tipo de cambio FIX USD/MXN"
2000-12-04,"SF43718",9.4132,"Tipo de cambio FIX USD/MXN"
2000-12-05,"SF43718",9.3737,"Tipo de cambio FIX USD/MXN"
2000-12-06,"SF43718",9.402,"Tipo de cambio FIX USD/MXN"
2000-12-07,"SF43718",9.4263,"Tipo de cambio FIX USD/MXN"
2000-12-08,"SF43718",9.3984,"Tipo de cambio FIX USD/MXN"
2000-12-11,"SF43718",9.4418,"Tipo de cambio FIX USD/MXN"
2000-12-13,"SF43718",9.4497,"Tipo de cambio FIX USD/MXN"
2000-12-14,"SF43718",9.4127,"Tipo de cambio FIX USD/MXN"
2000-12-15,"SF43718",9.4079,"Tipo de cambio FIX USD/MXN"
2000-12-18,"SF43718",9.3788,"Tipo de cambio FIX USD/MXN"
2000-12-19,"SF43718",9.379,"Tipo de cambio FIX USD/MXN"
2000-12-20,"SF43718",9.4348,"Tipo de cambio FIX USD/MXN"
2000-12-21,"SF43718",9.5727,"Tipo de cambio FIX USD/MXN"
2000-12-22,"SF43718",9.598,"Tipo de cambio FIX USD/MXN"
2000-12-26,"SF43718",9.5201,"Tipo de cambio FIX USD/MXN"
2000-12-27,"SF43718",9.5722,"Tipo de cambio FIX USD/MXN"
2000-12-28,"SF43718",9.5997,"Tipo de cambio FIX USD/MXN"
2000-12-29,"SF43718",9.6098,"Tipo de cambio FIX USD/MXN"
2001-01-02,"SF43718",9.714,"Tipo de cambio FIX USD/MXN"
2001-01-03,"SF43718",9.834,"Tipo de cambio FIX USD/MXN"
2001-01-04,"SF43718",9.708,"Tipo de cambio FIX USD/MXN"
2001-01-05,"SF43718",9.7546,"Tipo de cambio FIX USD/MXN"
2001-01-08,"SF43718",9.69,"Tipo de cambio FIX USD/MXN"
2001-01-09,"SF43718",9.7417,"Tipo de cambio FIX USD/MXN"
2001-01-10,"SF43718",9.8167,"Tipo de cambio FIX USD/MXN"
2001-01-11,"SF43718",9.8548,"Tipo de cambio FIX USD/MXN"
2001-01-12,"SF43718",9.8798,"Tipo de cambio FIX USD/MXN"
2001-01-15,"SF43718",9.9018,"Tipo de cambio FIX USD/MXN"
2001-01-16,"SF43718",9.9778,"Tipo de cambio FIX USD/MXN"
2001-01-17,"SF43718",9.8878,"Tipo de cambio FIX USD/MXN"
2001-01-18,"SF43718",9.887,"Tipo de cambio FIX USD/MXN"
2001-01-19,"SF43718",9.7953,"Tipo de cambio FIX USD/MXN"
2001-01-22,"SF43718",9.7863,"Tipo de cambio FIX USD/MXN"
2001-01-23,"SF43718",9.7683,"Tipo de cambio FIX USD/MXN"
2001-01-24,"SF43718",9.6923,"Tipo de cambio FIX USD/MXN"
2001-01-25,"SF43718",9.683,"Tipo de cambio FIX USD/MXN"
2001-01-26,"SF43718",9.6909,"Tipo de cambio FIX USD/MXN"
2001-01-29,"SF43718",9.6687,"Tipo de cambio FIX USD/MXN"
2001-01-30,"SF43718",9.6692,"Tipo de cambio FIX USD/MXN"
2001-01-31,"SF43718",9.6828,"Tipo de cambio FIX USD/MXN"
2001-02-01,"SF43718",9.7328,"Tipo de cambio FIX USD/MXN"
2001-02-02,"SF43718",9.756,"Tipo de cambio FIX USD/MXN"
2001-02-06,"SF43718",9.6998,"Tipo de cambio FIX USD/MXN"
2001-02-07,"SF43718",9.6945,"Tipo de cambio FIX USD/MXN"
2001-02-08,"SF43718",9.6464,"Tipo de cambio FIX USD/MXN"
2001-02-09,"SF43718",9.7238,"Tipo de cambio FIX USD/MXN"
2001-02-12,"SF43718",9.7389,"Tipo de cambio FIX USD/MXN"
2001-02-13,"SF43718",9.7065,"Tipo de cambio FIX USD/MXN"
2001-02-14,"SF43718",9.7219,"Tipo de cambio FIX USD/MXN"
2001-02-15,"SF43718",9.6763,"Tipo de cambio FIX USD/MXN"
2001-02-16,"SF43718",9.7022,"Tipo de cambio FIX USD/MXN"
2001-02-19,"SF43718",9.7044,"Tipo de cambio FIX USD/MXN"
2001-02-20,"SF43718",9.6797,"Tipo de cambio FIX USD/MXN"
2001-02-21,"SF43718",9.709,"Tipo de cambio FIX USD/MXN"
2001-02-22,"SF43718",9.7278,"Tipo de cambio FIX USD/MXN"
2001-02-23,"SF43718",9.7183,"Tipo de cambio FIX USD/MXN"
2001-02-26,"SF43718",9.6618,"Tipo de cambio FIX USD/MXN"
2001-02-27,"SF43718",9.6827,"Tipo de cambio FIX USD/MXN"
2001-02-28,"SF43718",9.7025,"Tipo de cambio FIX USD/MXN"
2001-03-01,"SF43718",9.7052,"Tipo de cambio FIX USD/MXN"
2001-03-02,"SF43718",9.6688,"Tipo de cambio FIX USD/MXN"
2001-03-05,"SF43718",9.637,"Tipo de cambio FIX USD/MXN"
2001-03-06,"SF43718",9.6409,"Tipo de cambio FIX USD/MXN"
2001-03-07,"SF43718",9.6542,"Tipo de cambio FIX USD/MXN"
2001-03-08,"SF43718",9.6468,"Tipo de cambio FIX USD/MXN"
2001-03-09,"SF43718",9.6703,"Tipo de cambio FIX USD/MXN"
2001-03-12,"SF43718",9.6625,"Tipo de cambio FIX USD/MXN"
2001-03-13,"SF43718",9.632,"Tipo de cambio FIX USD/MXN"
2001-03-14,"SF43718",9.576,"Tipo de cambio FIX USD/MXN"
2001-03-15,"SF43718",9.5843,"Tipo de cambio FIX USD/MXN"
2001-03-16,"SF43718",9.6233,"Tipo de cambio FIX USD/MXN"
2001-03-19,"SF43718",9.5683,"Tipo de cambio FIX USD/MXN"
2001-03-20,"SF43718",9.5188,"Tipo de cambio FIX USD/MXN"
2001-03-22,"SF43718",9.5722,"Tipo de cambio FIX USD/MXN"
2001-03-23,"SF43718",9.654,"Tipo de cambio FIX USD/MXN"
2001-03-26,"SF43718",9.5315,"Tipo de cambio FIX USD/MXN"
2001-03-27,"SF43718",9.5139,"Tipo de cambio FIX USD/MXN"
2001-03-28,"SF43718",9.538,"Tipo de cambio FIX USD/MXN"
2001-03-29,"SF43718",9.5203,"Tipo de cambio FIX USD/MXN"
2001-03-30,"SF43718",9.4933,"Tipo de cambio FIX USD/MXN"
2001-04-02,"SF43718",9.4152,"Tipo de cambio FIX USD/MXN"
2001-04-03,"SF43718",9.3914,"Tipo de cambio FIX USD/MXN"
2001-04-04,"SF43718",9.4201,"Tipo de cambio FIX USD/MXN"
2001-04-05,"SF43718",9.414,"Tipo de cambio FIX USD/MXN"
2001-04-06,"SF43718",9.4059,"Tipo de cambio FIX USD/MXN"
2001-04-09,"SF43718",9.3587,"Tipo de cambio FIX USD/MXN"
2001-04-10,"SF43718",9.3093,"Tipo de cambio FIX USD/MXN"
2001-04-11,"SF43718",9.2908,"Tipo de cambio FIX USD/MXN"
2001-04-16,"SF43718",9.323,"Tipo de cambio FIX USD/MXN"
2001-04-17,"SF43718",9.2723,"Tipo de cambio FIX USD/MXN"
2001-04-18,"SF43718",9.1966,"Tipo de cambio FIX USD/MXN"
2001-04-19,"SF43718",9.2748,"Tipo de cambio FIX USD/MXN"
2001-04-20,"SF43718",9.3525,"Tipo de cambio FIX USD/MXN"
2001-04-23,"SF43718",9.37,"Tipo de cambio FIX USD/MXN"
2001-04-24,"SF43718",9.2768,"Tipo de cambio FIX USD/MXN"
2001-04-25,"SF43718",9.3123,"Tipo de cambio FIX USD/MXN"
2001-04-26,"SF43718",9.2671,"Tipo de cambio FIX USD/MXN"
2001-04-27,"SF43718",9.3049,"Tipo de cambio FIX USD/MXN"
2001-04-30,"SF43718",9.2537,"Tipo de cambio FIX USD/MXN"
2001-05-02,"SF43718",9.283,"Tipo de cambio FIX USD/MXN"
2001-05-03,"SF43718",9.2873,"Tipo de cambio FIX USD/MXN"
2001-05-04,"SF43718",9.2579,"Tipo de cambio FIX USD/MXN"
2001-05-07,"SF43718",9.2212,"Tipo de cambio FIX USD/MXN"
2001-05-08,"SF43718",9.2048,"Tipo de cambio FIX USD/MXN"
2001-05-09,"SF43718",9.216,"Tipo de cambio FIX USD/MXN"
2001-05-10,"SF43718",9.1967,"Tipo de cambio FIX USD/MXN"
2001-05-11,"SF43718",9.225,"Tipo de cambio FIX USD/MXN"
2001-05-14,"SF43718",9.1922,"Tipo de cambio FIX USD/MXN"
2001-05-15,"SF43718",9.161,"Tipo de cambio FIX USD/MXN"
2001-05-16,"SF43718",9.1645,"Tipo de cambio FIX USD/MXN"
2001-05-17,"SF43718",8.9952,"Tipo de cambio FIX USD/MXN"
2001-05-18,"SF43718",8.9774,"Tipo de cambio FIX USD/MXN"
2001-05-21,"SF43718",8.9428,"Tipo de cambio FIX USD/MXN"
2001-05-22,"SF43718",8.966,"Tipo de cambio FIX USD/MXN"
2001-05-23,"SF43718",9.0398,"Tipo de cambio FIX USD/MXN"
2001-05-24,"SF43718",9.0805,"Tipo de cambio FIX USD/MXN"
2001-05-25,"SF43718",9.0945,"Tipo de cambio FIX USD/MXN"
2001-05-28,"SF43718",9.0781,"Tipo de cambio FIX USD/MXN"
2001-05-29,"SF43718",9.0851,"Tipo de cambio FIX USD/MXN"
2001-05-30,"SF43718",9.1653,"Tipo de cambio FIX USD/MXN"
2001-05-31,"SF43718",9.1835,"Tipo de cambio FIX USD/MXN"
2001-06-01,"SF43718",9.1735,"Tipo de cambio FIX USD/MXN"
2001-06-04,"SF43718",9.1369,"Tipo de cambio FIX USD/MXN"
2001-06-05,"SF43718",9.1722,"Tipo de cambio FIX USD/MXN"
2001-06-06,"SF43718",9.1208,"Tipo de cambio FIX USD/MXN"
2001-06-07,"SF43718",9.1235,"Tipo de cambio FIX USD/MXN"
2001-06-08,"SF43718",9.068,"Tipo de cambio FIX USD/MXN"
2001-06-11,"SF43718",9.029,"Tipo de cambio FIX USD/MXN"
2001-06-12,"SF43718",9.094,"Tipo de cambio FIX USD/MXN"
2001-06-13,"SF43718",9.118,"Tipo de cambio FIX USD/MXN"
2001-06-14,"SF43718",9.0523,"Tipo de cambio FIX USD/MXN"
2001-06-15,"SF43718",9.0522,"Tipo de cambio FIX USD/MXN"
2001-06-18,"SF43718",9.0502,"Tipo de cambio FIX USD/MXN"
2001-06-19,"SF43718",9.0792,"Tipo de cambio FIX USD/MXN"
2001-06-20,"SF43718",9.0798,"Tipo de cambio FIX USD/MXN"
2001-06-21,"SF43718",9.057,"Tipo de cambio FIX USD/MXN"
2001-06-22,"SF43718",9.073,"Tipo de cambio FIX USD/MXN"
2001-06-25,"SF43718",9.0595,"Tipo de cambio FIX USD/MXN"
2001-06-26,"SF43718",9.0606,"Tipo de cambio FIX USD/MXN"
2001-06-27,"SF43718",9.0608,"Tipo de cambio FIX USD/MXN"
2001-06-28,"SF43718",9.09,"Tipo de cambio FIX USD/MXN"
2001-06-29,"SF43718",9.0708,"Tipo de cambio FIX USD/MXN"
2001-07-02,"SF43718",9.0221,"Tipo de cambio FIX USD/MXN"
2001-07-03,"SF43718",9.0258,"Tipo de cambio FIX USD/MXN"
2001-07-04,"SF43718",9.0707,"Tipo de cambio FIX USD/MXN"
2001-07-05,"SF43718",9.0312,"Tipo de cambio FIX USD/MXN"
2001-07-06,"SF43718",9.1503,"Tipo de cambio FIX USD/MXN"
2001-07-09,"SF43718",9.1193,"Tipo de cambio FIX USD/MXN"
2001-07-10,"SF43718",9.1476,"Tipo de cambio FIX USD/MXN"
2001-07-11,"SF43718",9.2953,"Tipo de cambio FIX USD/MXN"
2001-07-12,"SF43718",9.342,"Tipo de cambio FIX USD/MXN"
2001-07-13,"SF43718",9.3542,"Tipo de cambio FIX USD/MXN"
2001-07-16,"SF43718",9.2918,"Tipo de cambio FIX USD/MXN"
2001-07-17,"SF43718",9.1855,"Tipo de cambio FIX USD/MXN"
2001-07-18,"SF43718",9.1283,"Tipo de cambio FIX USD/MXN"
2001-07-19,"SF43718",9.2,"Tipo de cambio FIX USD/MXN"
2001-07-20,"SF43718",9.1796,"Tipo de cambio FIX USD/MXN"
2001-07-23,"SF43718",9.1107,"Tipo de cambio FIX USD/MXN"
2001-07-24,"SF43718",9.1087,"Tipo de cambio FIX USD/MXN"
2001-07-25,"SF43718",9.1599,"Tipo de cambio FIX USD/MXN"
2001-07-26,"SF43718",9.157,"Tipo de cambio FIX USD/MXN"
2001-07-27,"SF43718",9.192,"Tipo de cambio FIX USD/MXN"
2001-07-30,"SF43718",9.1472,"Tipo de cambio FIX USD/MXN"
2001-07-31,"SF43718",9.1408,"Tipo de cambio FIX USD/MXN"
2001-08-01,"SF43718",9.2111,"Tipo de cambio FIX USD/MXN"
2001-08-02,"SF43718",9.1698,"Tipo de cambio FIX USD/MXN"
2001-08-03,"SF43718",9.1638,"Tipo de cambio FIX USD/MXN"
2001-08-06,"SF43718",9.1292,"Tipo de cambio FIX USD/MXN"
2001-08-07,"SF43718",9.12,"Tipo de cambio FIX USD/MXN"
2001-08-08,"SF43718",9.0958,"Tipo de cambio FIX USD/MXN"
2001-08-09,"SF43718",9.0897,"Tipo de cambio FIX USD/MXN"
2001-08-10,"SF43718",9.1247,"Tipo de cambio FIX USD/MXN"
2001-08-13,"SF43718",9.0863,"Tipo de cambio FIX USD/MXN"
2001-08-14,"SF43718",9.1206,"Tipo de cambio FIX USD/MXN"
2001-08-15,"SF43718",9.094,"Tipo de cambio FIX USD/MXN"
2001-08-16,"SF43718",9.0833,"Tipo de cambio FIX USD/MXN"
2001-08-17,"SF43718",9.1155,"Tipo de cambio FIX USD/MXN"
2001-08-20,"SF43718",9.1383,"Tipo de cambio FIX USD/MXN"
2001-08-21,"SF43718",9.1227,"Tipo de cambio FIX USD/MXN"
2001-08-22,"SF43718",9.1158,"Tipo de cambio FIX USD/MXN"
2001-08-23,"SF43718",9.1205,"Tipo de cambio FIX USD/MXN"
2001-08-24,"SF43718",9.1444,"Tipo de cambio FIX USD/MXN"
2001-08-27,"SF43718",9.1123,"Tipo de cambio FIX USD/MXN"
2001-08-28,"SF43718",9.1365,"Tipo de cambio FIX USD/MXN"
2001-08-29,"SF43718",9.1438,"Tipo de cambio FIX USD/MXN"
2001-08-30,"SF43718",9.1692,"Tipo de cambio FIX USD/MXN"
2001-08-31,"SF43718",9.2,"Tipo de cambio FIX USD/MXN"
2001-09-03,"SF43718",9.1936,"Tipo de cambio FIX USD/MXN"
2001-09-04,"SF43718",9.1957,"Tipo de cambio FIX USD/MXN"
2001-09-05,"SF43718",9.2587,"Tipo de cambio FIX USD/MXN"
2001-09-06,"SF43718",9.2898,"Tipo de cambio FIX USD/MXN"
2001-09-07,"SF43718",9.3242,"Tipo de cambio FIX USD/MXN"
2001-09-10,"SF43718",9.3716,"Tipo de cambio FIX USD/MXN"
2001-09-11,"SF43718",9.5475,"Tipo de cambio FIX USD/MXN"
2001-09-12,"SF43718",9.4447,"Tipo de cambio FIX USD/MXN"
2001-09-13,"SF43718",9.4748,"Tipo de cambio FIX USD/MXN"
2001-09-14,"SF43718",9.4942,"Tipo de cambio FIX USD/MXN"
2001-09-17,"SF43718",9.4478,"Tipo de cambio FIX USD/MXN"
2001-09-18,"SF43718",9.4455,"Tipo de cambio FIX USD/MXN"
2001-09-19,"SF43718",9.4185,"Tipo de cambio FIX USD/MXN"
2001-09-20,"SF43718",9.4802,"Tipo de cambio FIX USD/MXN"
2001-09-21,"SF43718",9.4848,"Tipo de cambio FIX USD/MXN"
2001-09-24,"SF43718",9.4315,"Tipo de cambio FIX USD/MXN"
2001-09-25,"SF43718",9.4842,"Tipo de cambio FIX USD/MXN"
2001-09-26,"SF43718",9.5258,"Tipo de cambio FIX USD/MXN"
2001-09-27,"SF43718",9.5542,"Tipo de cambio FIX USD/MXN"
2001-09-28,"SF43718",9.5098,"Tipo de cambio FIX USD/MXN"
2001-10-01,"SF43718",9.5037,"Tipo de cambio FIX USD/MXN"
2001-10-02,"SF43718",9.5217,"Tipo de cambio FIX USD/MXN"
2001-10-03,"SF43718",9.5273,"Tipo de cambio FIX USD/MXN"
2001-10-04,"SF43718",9.5243,"Tipo de cambio FIX USD/MXN"
2001-10-05,"SF43718",9.5808,"Tipo de cambio FIX USD/MXN"
2001-10-08,"SF43718",9.5666,"Tipo de cambio FIX USD/MXN"
2001-10-09,"SF43718",9.5163,"Tipo de cambio FIX USD/MXN"
2001-10-10,"SF43718",9.4053,"Tipo de cambio FIX USD/MXN"
2001-10-11,"SF43718",9.3397,"Tipo de cambio FIX USD/MXN"
2001-10-12,"SF43718",9.3538,"Tipo de cambio FIX USD/MXN"
2001-10-15,"SF43718",9.2753,"Tipo de cambio FIX USD/MXN"
2001-10-16,"SF43718",9.235,"Tipo de cambio FIX USD/MXN"
2001-10-17,"SF43718",9.234,"Tipo de cambio FIX USD/MXN"
2001-10-18,"SF43718",9.231,"Tipo de cambio FIX USD/MXN"
2001-10-19,"SF43718",9.1971,"Tipo de cambio FIX USD/MXN"
2001-10-22,"SF43718",9.1977,"Tipo de cambio FIX USD/MXN"
2001-10-23,"SF43718",9.2243,"Tipo de cambio FIX USD/MXN"
2001-10-24,"SF43718",9.2173,"Tipo de cambio FIX USD/MXN"
2001-10-25,"SF43718",9.2469,"Tipo de cambio FIX USD/MXN"
2001-10-26,"SF43718",9.2722,"Tipo de cambio FIX USD/MXN"
2001-10-29,"SF43718",9.2421,"Tipo de cambio FIX USD/MXN"
2001-10-30,"SF43718",9.2682,"Tipo de cambio FIX USD/MXN"
2001-10-31,"SF43718",9.2542,"Tipo de cambio FIX USD/MXN"
2001-11-01,"SF43718",9.2892,"Tipo de cambio FIX USD/MXN"
2001-11-02,"SF43718",9.2783,"Tipo de cambio FIX USD/MXN"
2001-11-05,"SF43718",9.2221,"Tipo de cambio FIX USD/MXN"
2001-11-06,"SF43718",9.2132,"Tipo de cambio FIX USD/MXN"
2001-11-07,"SF43718",9.2088,"Tipo de cambio FIX USD/MXN"
2001-11-08,"SF43718",9.2115,"Tipo de cambio FIX USD/MXN"
2001-11-09,"SF43718",9.2318,"Tipo de cambio FIX USD/MXN"
2001-11-12,"SF43718",9.2708,"Tipo de cambio FIX USD/MXN"
2001-11-13,"SF43718",9.2519,"Tipo de cambio FIX USD/MXN"
2001-11-14,"SF43718",9.2362,"Tipo de cambio FIX USD/MXN"
2001-11-15,"SF43718",9.2028,"Tipo de cambio FIX USD/MXN"
2001-11-16,"SF43718",9.2121,"Tipo de cambio FIX USD/MXN"
2001-11-19,"SF43718",9.1968,"Tipo de cambio FIX USD/MXN"
2001-11-21,"SF43718",9.1409,"Tipo de cambio FIX USD/MXN"
2001-11-22,"SF43718",9.1547,"Tipo de cambio FIX USD/MXN"
2001-11-23,"SF43718",9.1476,"Tipo de cambio FIX USD/MXN"
2001-11-26,"SF43718",9.1647,"Tipo de cambio FIX USD/MXN"
2001-11-27,"SF43718",9.2372,"Tipo de cambio FIX USD/MXN"
2001-11-28,"SF43718",9.2762,"Tipo de cambio FIX USD/MXN"
2001-11-29,"SF43718",9.2815,"Tipo de cambio FIX USD/MXN"
2001-11-30,"SF43718",9.2681,"Tipo de cambio FIX USD/MXN"
2001-12-03,"SF43718",9.205,"Tipo de cambio FIX USD/MXN"
2001-12-04,"SF43718",9.2197,"Tipo de cambio FIX USD/MXN"
2001-12-05,"SF43718",9.2165,"Tipo de cambio FIX USD/MXN"
2001-12-06,"SF43718",9.2401,"Tipo de cambio FIX USD/MXN"
2001-12-07,"SF43718",9.2124,"Tipo de cambio FIX USD/MXN"
2001-12-10,"SF43718",9.1865,"Tipo de cambio FIX USD/MXN"
2001-12-11,"SF43718",9.1819,"Tipo de cambio FIX USD/MXN"
2001-12-13,"SF43718",9.1204,"Tipo de cambio FIX USD/MXN"
2001-12-14,"SF43718",9.0798,"Tipo de cambio FIX USD/MXN"
2001-12-17,"SF43718",9.1198,"Tipo de cambio FIX USD/MXN"
2001-12-18,"SF43718",9.1052,"Tipo de cambio FIX USD/MXN"
2001-12-19,"SF43718",9.1175,"Tipo de cambio FIX USD/MXN"
2001-12-20,"SF43718",9.1682,"Tipo de cambio FIX USD/MXN"
2001-12-21,"SF43718",9.1235,"Tipo de cambio FIX USD/MXN"
2001-12-24,"SF43718",9.0923,"Tipo de cambio FIX USD/MXN"
2001-12-26,"SF43718",9.0957,"Tipo de cambio FIX USD/MXN"
2001-12-27,"SF43718",9.1423,"Tipo de cambio FIX USD/MXN"
2001-12-28,"SF43718",9.1692,"Tipo de cambio FIX USD/MXN"
2001-12-31,"SF43718",9.1695,"Tipo de cambio FIX USD/MXN"
2002-01-02,"SF43718",9.1037,"Tipo de cambio FIX USD/MXN"
2002-01-03,"SF43718",9.1142,"Tipo de cambio FIX USD/MXN"
2002-01-04,"SF43718",9.1368,"Tipo de cambio FIX USD/MXN"
2002-01-07,"SF43718",9.1554,"Tipo de cambio FIX USD/MXN"
2002-01-08,"SF43718",9.1678,"Tipo de cambio FIX USD/MXN"
2002-01-09,"SF43718",9.2044,"Tipo de cambio FIX USD/MXN"
2002-01-10,"SF43718",9.2444,"Tipo de cambio FIX USD/MXN"
2002-01-11,"SF43718",9.2734,"Tipo de cambio FIX USD/MXN"
2002-01-14,"SF43718",9.1923,"Tipo de cambio FIX USD/MXN"
2002-01-15,"SF43718",9.1711,"Tipo de cambio FIX USD/MXN"
2002-01-16,"SF43718",9.1993,"Tipo de cambio FIX USD/MXN"
2002-01-17,"SF43718",9.1255,"Tipo de cambio FIX USD/MXN"
2002-01-18,"SF43718",9.119,"Tipo de cambio FIX USD/MXN"
2002-01-21,"SF43718",9.1219,"Tipo de cambio FIX USD/MXN"
2002-01-22,"SF43718",9.1521,"Tipo de cambio FIX USD/MXN"
2002-01-23,"SF43718",9.148,"Tipo de cambio FIX USD/MXN"
2002-01-24,"SF43718",9.1227,"Tipo de cambio FIX USD/MXN"
2002-01-25,"SF43718",9.1295,"Tipo de cambio FIX USD/MXN"
2002-01-28,"SF43718",9.1585,"Tipo de cambio FIX USD/MXN"
2002-01-29,"SF43718",9.1714,"Tipo de cambio FIX USD/MXN"
2002-01-30,"SF43718",9.1974,"Tipo de cambio FIX USD/MXN"
2002-01-31,"SF43718",9.1463,"Tipo de cambio FIX USD/MXN"
2002-02-01,"SF43718",9.1544,"Tipo de cambio FIX USD/MXN"
2002-02-04,"SF43718",9.1627,"Tipo de cambio FIX USD/MXN"
2002-02-06,"SF43718",9.1294,"Tipo de cambio FIX USD/MXN"
2002-02-07,"SF43718",9.1381,"Tipo de cambio FIX USD/MXN"
2002-02-08,"SF43718",9.1465,"Tipo de cambio FIX USD/MXN"
2002-02-11,"SF43718",9.0787,"Tipo de cambio FIX USD/MXN"
2002-02-12,"SF43718",9.0896,"Tipo de cambio FIX USD/MXN"
2002-02-13,"SF43718",9.0607,"Tipo de cambio FIX USD/MXN"
2002-02-14,"SF43718",9.0838,"Tipo de cambio FIX USD/MXN"
2002-02-15,"SF43718",9.0652,"Tipo de cambio FIX USD/MXN"
2002-02-18,"SF43718",9.0638,"Tipo de cambio FIX USD/MXN"
2002-02-19,"SF43718",9.069,"Tipo de cambio FIX USD/MXN"
2002-02-20,"SF43718",9.0858,"Tipo de cambio FIX USD/MXN"
2002-02-21,"SF43718",9.0757,"Tipo de cambio FIX USD/MXN"
2002-02-22,"SF43718",9.1061,"Tipo de cambio FIX USD/MXN"
2002-02-25,"SF43718",9.0831,"Tipo de cambio FIX USD/MXN"
2002-02-26,"SF43718",9.0815,"Tipo de cambio FIX USD/MXN"
2002-02-27,"SF43718",9.0919,"Tipo de cambio FIX USD/MXN"
2002-02-28,"SF43718",9.1303,"Tipo de cambio FIX USD/MXN"
2002-03-01,"SF43718",9.0957,"Tipo de cambio FIX USD/MXN"
2002-03-04,"SF43718",9.0723,"Tipo de cambio FIX USD/MXN"
2002-03-05,"SF43718",9.077,"Tipo de cambio FIX USD/MXN"
2002-03-06,"SF43718",9.0797,"Tipo de cambio FIX USD/MXN"
2002-03-07,"SF43718",9.0753,"Tipo de cambio FIX USD/MXN"
2002-03-08,"SF43718",9.0728,"Tipo de cambio FIX USD/MXN"
2002-03-11,"SF43718",9.0703,"Tipo de cambio FIX USD/MXN"
2002-03-12,"SF43718",9.0753,"Tipo de cambio FIX USD/MXN"
2002-03-13,"SF43718",9.1153,"Tipo de cambio FIX USD/MXN"
2002-03-14,"SF43718",9.1182,"Tipo de cambio FIX USD/MXN"
2002-03-15,"SF43718",9.0929,"Tipo de cambio FIX USD/MXN"
2002-03-18,"SF43718",9.0733,"Tipo de cambio FIX USD/MXN"
2002-03-19,"SF43718",9.0742,"Tipo de cambio FIX USD/MXN"
2002-03-20,"SF43718",9.0707,"Tipo de cambio FIX USD/MXN"
2002-03-22,"SF43718",9.0403,"Tipo de cambio FIX USD/MXN"
2002-03-25,"SF43718",9.0298,"Tipo de cambio FIX USD/MXN"
2002-03-26,"SF43718",9.0243,"Tipo de cambio FIX USD/MXN"
2002-03-27,"SF43718",9.016,"Tipo de cambio FIX USD/MXN"
2002-04-01,"SF43718",9.0049,"Tipo de cambio FIX USD/MXN"
2002-04-02,"SF43718",8.998,"Tipo de cambio FIX USD/MXN"
2002-04-03,"SF43718",9.0398,"Tipo de cambio FIX USD/MXN"
2002-04-04,"SF43718",9.0468,"Tipo de cambio FIX USD/MXN"
2002-04-05,"SF43718",9.0266,"Tipo de cambio FIX USD/MXN"
2002-04-08,"SF43718",9.0217,"Tipo de cambio FIX USD/MXN"
2002-04-09,"SF43718",9.0422,"Tipo de cambio FIX USD/MXN"
2002-04-10,"SF43718",9.0446,"Tipo de cambio FIX USD/MXN"
2002-04-11,"SF43718",9.0771,"Tipo de cambio FIX USD/MXN"
2002-04-12,"SF43718",9.0749,"Tipo de cambio FIX USD/MXN"
2002-04-15,"SF43718",9.1714,"Tipo de cambio FIX USD/MXN"
2002-04-16,"SF43718",9.1597,"Tipo de cambio FIX USD/MXN"
2002-04-17,"SF43718",9.1904,"Tipo de cambio FIX USD/MXN"
2002-04-18,"SF43718",9.2345,"Tipo de cambio FIX USD/MXN"
2002-04-19,"SF43718",9.2247,"Tipo de cambio FIX USD/MXN"
2002-04-22,"SF43718",9.2663,"Tipo de cambio FIX USD/MXN"
2002-04-23,"SF43718",9.2698,"Tipo de cambio FIX USD/MXN"
2002-04-24,"SF43718",9.2908,"Tipo de cambio FIX USD/MXN"
2002-04-25,"SF43718",9.3528,"Tipo de cambio FIX USD/MXN"
2002-04-26,"SF43718",9.3196,"Tipo de cambio FIX USD/MXN"
2002-04-29,"SF43718",9.3542,"Tipo de cambio FIX USD/MXN"
2002-04-30,"SF43718",9.372,"Tipo de cambio FIX USD/MXN"
2002-05-02,"SF43718",9.417,"Tipo de cambio FIX USD/MXN"
2002-05-03,"SF43718",9.4978,"Tipo de cambio FIX USD/MXN"
2002-05-06,"SF43718",9.4913,"Tipo de cambio FIX USD/MXN"
2002-05-07,"SF43718",9.4828,"Tipo de cambio FIX USD/MXN"
2002-05-08,"SF43718",9.417,"Tipo de cambio FIX USD/MXN"
2002-05-09,"SF43718",9.4463,"Tipo de cambio FIX USD/MXN"
2002-05-10,"SF43718",9.5102,"Tipo de cambio FIX USD/MXN"
2002-05-13,"SF43718",9.4933,"Tipo de cambio FIX USD/MXN"
2002-05-14,"SF43718",9.5204,"Tipo de cambio FIX USD/MXN"
2002-05-15,"SF43718",9.4717,"Tipo de cambio FIX USD/MXN"
2002-05-16,"SF43718",9.4863,"Tipo de cambio FIX USD/MXN"
2002-05-17,"SF43718",9.471,"Tipo de cambio FIX USD/MXN"
2002-05-20,"SF43718",9.491,"Tipo de cambio FIX USD/MXN"
2002-05-21,"SF43718",9.5133,"Tipo de cambio FIX USD/MXN"
2002-05-22,"SF43718",9.5245,"Tipo de cambio FIX USD/MXN"
2002-05-23,"SF43718",9.5165,"Tipo de cambio FIX USD/MXN"
2002-05-24,"SF43718",9.5585,"Tipo de cambio FIX USD/MXN"
2002-05-27,"SF43718",9.57,"Tipo de cambio FIX USD/MXN"
2002-05-28,"SF43718",9.5586,"Tipo de cambio FIX USD/MXN"
2002-05-29,"SF43718",9.6134,"Tipo de cambio FIX USD/MXN"
2002-05-30,"SF43718",9.7148,"Tipo de cambio FIX USD/MXN"
2002-05-31,"SF43718",9.6562,"Tipo de cambio FIX USD/MXN"
2002-06-03,"SF43718",9.6398,"Tipo de cambio FIX USD/MXN"
2002-06-04,"SF43718",9.706,"Tipo de cambio FIX USD/MXN"
2002-06-05,"SF43718",9.7345,"Tipo de cambio FIX USD/MXN"
2002-06-06,"SF43718",9.776,"Tipo de cambio FIX USD/MXN"
2002-06-07,"SF43718",9.7412,"Tipo de cambio FIX USD/MXN"
2002-06-10,"SF43718",9.6993,"Tipo de cambio FIX USD/MXN"
2002-06-11,"SF43718",9.6607,"Tipo de cambio FIX USD/MXN"
2002-06-12,"SF43718",9.7035,"Tipo de cambio FIX USD/MXN"
2002-06-13,"SF43718",9.6532,"Tipo de cambio FIX USD/MXN"
2002-06-14,"SF43718",9.6684,"Tipo de cambio FIX USD/MXN"
2002-06-17,"SF43718",9.6078,"Tipo de cambio FIX USD/MXN"
2002-06-18,"SF43718",9.6258,"Tipo de cambio FIX USD/MXN"
2002-06-19,"SF43718",9.6983,"Tipo de cambio FIX USD/MXN"
2002-06-20,"SF43718",9.7676,"Tipo de cambio FIX USD/MXN"
2002-06-21,"SF43718",9.9473,"Tipo de cambio FIX USD/MXN"
2002-06-24,"SF43718",9.936,"Tipo de cambio FIX USD/MXN"
2002-06-25,"SF43718",9.8203,"Tipo de cambio FIX USD/MXN"
2002-06-26,"SF43718",9.9998,"Tipo de cambio FIX USD/MXN"
2002-06-27,"SF43718",9.9615,"Tipo de cambio FIX USD/MXN"
2002-06-28,"SF43718",9.9568,"Tipo de cambio FIX USD/MXN"
2002-07-01,"SF43718",9.9283,"Tipo de cambio FIX USD/MXN"
2002-07-02,"SF43718",9.9612,"Tipo de cambio FIX USD/MXN"
2002-07-03,"SF43718",9.967,"Tipo de cambio FIX USD/MXN"
2002-07-04,"SF43718",9.9502,"Tipo de cambio FIX USD/MXN"
2002-07-05,"SF43718",9.9034,"Tipo de cambio FIX USD/MXN"
2002-07-08,"SF43718",9.9223,"Tipo de cambio FIX USD/MXN"
2002-07-09,"SF43718",9.8552,"Tipo de cambio FIX USD/MXN"
2002-07-10,"SF43718",9.8338,"Tipo de cambio FIX USD/MXN"
2002-07-11,"SF43718",9.7979,"Tipo de cambio FIX USD/MXN"
2002-07-12,"SF43718",9.7072,"Tipo de cambio FIX USD/MXN"
2002-07-15,"SF43718",9.7522,"Tipo de cambio FIX USD/MXN"
2002-07-16,"SF43718",9.7345,"Tipo de cambio FIX USD/MXN"
2002-07-17,"SF43718",9.6468,"Tipo de cambio FIX USD/MXN"
2002-07-18,"SF43718",9.6462,"Tipo de cambio FIX USD/MXN"
2002-07-19,"SF43718",9.7053,"Tipo de cambio FIX USD/MXN"
2002-07-22,"SF43718",9.6285,"Tipo de cambio FIX USD/MXN"
2002-07-23,"SF43718",9.613,"Tipo de cambio FIX USD/MXN"
2002-07-24,"SF43718",9.7018,"Tipo de cambio FIX USD/MXN"
2002-07-25,"SF43718",9.7158,"Tipo de cambio FIX USD/MXN"
2002-07-26,"SF43718",9.7652,"Tipo de cambio FIX USD/MXN"
2002-07-29,"SF43718",9.6944,"Tipo de cambio FIX USD/MXN"
2002-07-30,"SF43718",9.741,"Tipo de cambio FIX USD/MXN"
2002-07-31,"SF43718",9.7861,"Tipo de cambio FIX USD/MXN"
2002-08-01,"SF43718",9.8769,"Tipo de cambio FIX USD/MXN"
2002-08-02,"SF43718",9.8412,"Tipo de cambio FIX USD/MXN"
2002-08-05,"SF43718",9.7928,"Tipo de cambio FIX USD/MXN"
2002-08-06,"SF43718",9.7473,"Tipo de cambio FIX USD/MXN"
2002-08-07,"SF43718",9.7348,"Tipo de cambio FIX USD/MXN"
2002-08-08,"SF43718",9.7335,"Tipo de cambio FIX USD/MXN"
2002-08-09,"SF43718",9.764,"Tipo de cambio FIX USD/MXN"
2002-08-12,"SF43718",9.8402,"Tipo de cambio FIX USD/MXN"
2002-08-13,"SF43718",9.9512,"Tipo de cambio FIX USD/MXN"
2002-08-14,"SF43718",9.9668,"Tipo de cambio FIX USD/MXN"
2002-08-15,"SF43718",9.9292,"Tipo de cambio FIX USD/MXN"
2002-08-16,"SF43718",9.8643,"Tipo de cambio FIX USD/MXN"
2002-08-19,"SF43718",9.7747,"Tipo de cambio FIX USD/MXN"
2002-08-20,"SF43718",9.7713,"Tipo de cambio FIX USD/MXN"
2002-08-21,"SF43718",9.7854,"Tipo de cambio FIX USD/MXN"
2002-08-22,"SF43718",9.8388,"Tipo de cambio FIX USD/MXN"
2002-08-23,"SF43718",9.8488,"Tipo de cambio FIX USD/MXN"
2002-08-26,"SF43718",9.8267,"Tipo de cambio FIX USD/MXN"
2002-08-27,"SF43718",9.8543,"Tipo de cambio FIX USD/MXN"
2002-08-28,"SF43718",9.899,"Tipo de cambio FIX USD/MXN"
2002-08-29,"SF43718",9.9193,"Tipo de cambio FIX USD/MXN"
2002-08-30,"SF43718",9.9109,"Tipo de cambio FIX USD/MXN"
2002-09-02,"SF43718",9.9187,"Tipo de cambio FIX USD/MXN"
2002-09-03,"SF43718",9.9789,"Tipo de cambio FIX USD/MXN"
2002-09-04,"SF43718",10.0154,"Tipo de cambio FIX USD/MXN"
2002-09-05,"SF43718",10.0086,"Tipo de cambio FIX USD/MXN"
2002-09-06,"SF43718",9.9621,"Tipo de cambio FIX USD/MXN"
2002-09-09,"SF43718",9.9605,"Tipo de cambio FIX USD/MXN"
2002-09-10,"SF43718",9.9511,"Tipo de cambio FIX USD/MXN"
2002-09-11,"SF43718",9.9654,"Tipo de cambio FIX USD/MXN"
2002-09-12,"SF43718",10.0023,"Tipo de cambio FIX USD/MXN"
2002-09-13,"SF43718",9.9674,"Tipo de cambio FIX USD/MXN"
2002-09-17,"SF43718",9.9658,"Tipo de cambio FIX USD/MXN"
2002-09-18,"SF43718",10.0116,"Tipo de cambio FIX USD/MXN"
2002-09-19,"SF43718",10.0628,"Tipo de cambio FIX USD/MXN"
2002-09-20,"SF43718",10.2265,"Tipo de cambio FIX USD/MXN"
2002-09-23,"SF43718",10.3578,"Tipo de cambio FIX USD/MXN"
2002-09-24,"SF43718",10.2425,"Tipo de cambio FIX USD/MXN"
2002-09-25,"SF43718",10.2565,"Tipo de cambio FIX USD/MXN"
2002-09-26,"SF43718",10.1667,"Tipo de cambio FIX USD/MXN"
2002-09-27,"SF43718",10.1767,"Tipo de cambio FIX USD/MXN"
2002-09-30,"SF43718",10.2299,"Tipo de cambio FIX USD/MXN"
2002-10-01,"SF43718",10.1573,"Tipo de cambio FIX USD/MXN"
2002-10-02,"SF43718",10.1248,"Tipo de cambio FIX USD/MXN"
2002-10-03,"SF43718",10.1398,"Tipo de cambio FIX USD/MXN"
2002-10-04,"SF43718",10.184,"Tipo de cambio FIX USD/MXN"
2002-10-07,"SF43718",10.2154,"Tipo de cambio FIX USD/MXN"
2002-10-08,"SF43718",10.1575,"Tipo de cambio FIX USD/MXN"
2002-10-09,"SF43718",10.2048,"Tipo de cambio FIX USD/MXN"
2002-10-10,"SF43718",10.2195,"Tipo de cambio FIX USD/MXN"
2002-10-11,"SF43718",10.1592,"Tipo de cambio FIX USD/MXN"
2002-10-14,"SF43718",10.1084,"Tipo de cambio FIX USD/MXN"
2002-10-15,"SF43718",10.0683,"Tipo de cambio FIX USD/MXN"
2002-10-16,"SF43718",10.0757,"Tipo de cambio FIX USD/MXN"
2002-10-17,"SF43718",9.9988,"Tipo de cambio FIX USD/MXN"
2002-10-18,"SF43718",9.9842,"Tipo de cambio FIX USD/MXN"
2002-10-21,"SF43718",9.9383,"Tipo de cambio FIX USD/MXN"
2002-10-22,"SF43718",9.9723,"Tipo de cambio FIX USD/MXN"
2002-10-23,"SF43718",10.0079,"Tipo de cambio FIX USD/MXN"
2002-10-24,"SF43718",9.9468,"Tipo de cambio FIX USD/MXN"
2002-10-25,"SF43718",9.9816,"Tipo de cambio FIX USD/MXN"
2002-10-28,"SF43718",10.0003,"Tipo de cambio FIX USD/MXN"
2002-10-29,"SF43718",10.1593,"Tipo de cambio FIX USD/MXN"
2002-10-30,"SF43718",10.2263,"Tipo de cambio FIX USD/MXN"
2002-10-31,"SF43718",10.1552,"Tipo de cambio FIX USD/MXN"
2002-11-01,"SF43718",10.1992,"Tipo de cambio FIX USD/MXN"
2002-11-04,"SF43718",10.182,"Tipo de cambio FIX USD/MXN"
2002-11-05,"SF43718",10.2099,"Tipo de cambio FIX USD/MXN"
2002-11-06,"SF43718",10.1698,"Tipo de cambio FIX USD/MXN"
2002-11-07,"SF43718",10.2428,"Tipo de cambio FIX USD/MXN"
2002-11-08,"SF43718",10.2953,"Tipo de cambio FIX USD/MXN"
2002-11-11,"SF43718",10.3334,"Tipo de cambio FIX USD/MXN"
2002-11-12,"SF43718",10.3447,"Tipo de cambio FIX USD/MXN"
2002-11-13,"SF43718",10.2787,"Tipo de cambio FIX USD/MXN"
2002-11-14,"SF43718",10.2092,"Tipo de cambio FIX USD/MXN"
2002-11-15,"SF43718",10.2484,"Tipo de cambio FIX USD/MXN"
2002-11-18,"SF43718",10.176,"Tipo de cambio FIX USD/MXN"
2002-11-19,"SF43718",10.1635,"Tipo de cambio FIX USD/MXN"
2002-11-21,"SF43718",10.0874,"Tipo de cambio FIX USD/MXN"
2002-11-22,"SF43718",10.1333,"Tipo de cambio FIX USD/MXN"
2002-11-25,"SF43718",10.1065,"Tipo de cambio FIX USD/MXN"
2002-11-26,"SF43718",10.1535,"Tipo de cambio FIX USD/MXN"
2002-11-27,"SF43718",10.1496,"Tipo de cambio FIX USD/MXN"
2002-11-28,"SF43718",10.1193,"Tipo de cambio FIX USD/MXN"
2002-11-29,"SF43718",10.1465,"Tipo de cambio FIX USD/MXN"
2002-12-02,"SF43718",10.1036,"Tipo de cambio FIX USD/MXN"
2002-12-03,"SF43718",10.1421,"Tipo de cambio FIX USD/MXN"
2002-12-04,"SF43718",10.2287,"Tipo de cambio FIX USD/MXN"
2002-12-05,"SF43718",10.2452,"Tipo de cambio FIX USD/MXN"
2002-12-06,"SF43718",10.2724,"Tipo de cambio FIX USD/MXN"
2002-12-09,"SF43718",10.1852,"Tipo de cambio FIX USD/MXN"
2002-12-10,"SF43718",10.1744,"Tipo de cambio FIX USD/MXN"
2002-12-11,"SF43718",10.1785,"Tipo de cambio FIX USD/MXN"
2002-12-13,"SF43718",10.185,"Tipo de cambio FIX USD/MXN"
2002-12-16,"SF43718",10.1966,"Tipo de cambio FIX USD/MXN"
2002-12-17,"SF43718",10.2053,"Tipo de cambio FIX USD/MXN"
2002-12-18,"SF43718",10.2526,"Tipo de cambio FIX USD/MXN"
2002-12-19,"SF43718",10.192,"Tipo de cambio FIX USD/MXN"
2002-12-20,"SF43718",10.1836,"Tipo de cambio FIX USD/MXN"
2002-12-23,"SF43718",10.1907,"Tipo de cambio FIX USD/MXN"
2002-12-24,"SF43718",10.2014,"Tipo de cambio FIX USD/MXN"
2002-12-26,"SF43718",10.2479,"Tipo de cambio FIX USD/MXN"
2002-12-27,"SF43718",10.3125,"Tipo de cambio FIX USD/MXN"
2002-12-30,"SF43718",10.3613,"Tipo de cambio FIX USD/MXN"
2002-12-31,"SF43718",10.4393,"Tipo de cambio FIX USD/MXN"
2003-01-02,"SF43718",10.3626,"Tipo de cambio FIX USD/MXN"
2003-01-03,"SF43718",10.3856,"Tipo de cambio FIX USD/MXN"
2003-01-06,"SF43718",10.4195,"Tipo de cambio FIX USD/MXN"
2003-01-07,"SF43718",10.328,"Tipo de cambio FIX USD/MXN"
2003-01-08,"SF43718",10.3617,"Tipo de cambio FIX USD/MXN"
2003-01-09,"SF43718",10.4112,"Tipo de cambio FIX USD/MXN"
2003-01-10,"SF43718",10.4672,"Tipo de cambio FIX USD/MXN"
2003-01-13,"SF43718",10.5368,"Tipo de cambio FIX USD/MXN"
2003-01-14,"SF43718",10.5274,"Tipo de cambio FIX USD/MXN"
2003-01-15,"SF43718",10.4875,"Tipo de cambio FIX USD/MXN"
2003-01-16,"SF43718",10.5083,"Tipo de cambio FIX USD/MXN"
2003-01-17,"SF43718",10.59,"Tipo de cambio FIX USD/MXN"
2003-01-20,"SF43718",10.6222,"Tipo de cambio FIX USD/MXN"
2003-01-21,"SF43718",10.6866,"Tipo de cambio FIX USD/MXN"
2003-01-22,"SF43718",10.8263,"Tipo de cambio FIX USD/MXN"
2003-01-23,"SF43718",10.7708,"Tipo de cambio FIX USD/MXN"
2003-01-24,"SF43718",10.8267,"Tipo de cambio FIX USD/MXN"
2003-01-27,"SF43718",10.8875,"Tipo de cambio FIX USD/MXN"
2003-01-28,"SF43718",10.8842,"Tipo de cambio FIX USD/MXN"
2003-01-29,"SF43718",10.9863,"Tipo de cambio FIX USD/MXN"
2003-01-30,"SF43718",10.8636,"Tipo de cambio FIX USD/MXN"
2003-01-31,"SF43718",10.9069,"Tipo de cambio FIX USD/MXN"
2003-02-03,"SF43718",10.8833,"Tipo de cambio FIX USD/MXN"
2003-02-04,"SF43718",10.9822,"Tipo de cambio FIX USD/MXN"
2003-02-06,"SF43718",10.8731,"Tipo de cambio FIX USD/MXN"
2003-02-07,"SF43718",10.8979,"Tipo de cambio FIX USD/MXN"
2003-02-10,"SF43718",10.9948,"Tipo de cambio FIX USD/MXN"
2003-02-11,"SF43718",10.94,"Tipo de cambio FIX USD/MXN"
2003-02-12,"SF43718",10.9832,"Tipo de cambio FIX USD/MXN"
2003-02-13,"SF43718",10.9723,"Tipo de cambio FIX USD/MXN"
2003-02-14,"SF43718",10.8823,"Tipo de cambio FIX USD/MXN"
2003-02-17,"SF43718",10.7667,"Tipo de cambio FIX USD/MXN"
2003-02-18,"SF43718",10.7722,"Tipo de cambio FIX USD/MXN"
2003-02-19,"SF43718",10.84,"Tipo de cambio FIX USD/MXN"
2003-02-20,"SF43718",10.8998,"Tipo de cambio FIX USD/MXN"
2003-02-21,"SF43718",10.9798,"Tipo de cambio FIX USD/MXN"
2003-02-24,"SF43718",10.9815,"Tipo de cambio FIX USD/MXN"
2003-02-25,"SF43718",11.0584,"Tipo de cambio FIX USD/MXN"
2003-02-26,"SF43718",11.0329,"Tipo de cambio FIX USD/MXN"
2003-02-27,"SF43718",11.0333,"Tipo de cambio FIX USD/MXN"
2003-02-28,"SF43718",11.0324,"Tipo de cambio FIX USD/MXN"
2003-03-03,"SF43718",10.9902,"Tipo de cambio FIX USD/MXN"
2003-03-04,"SF43718",11.1367,"Tipo de cambio FIX USD/MXN"
2003-03-05,"SF43718",11.1927,"Tipo de cambio FIX USD/MXN"
2003-03-06,"SF43718",11.225,"Tipo de cambio FIX USD/MXN"
2003-03-07,"SF43718",11.1064,"Tipo de cambio FIX USD/MXN"
2003-03-10,"SF43718",11.0998,"Tipo de cambio FIX USD/MXN"
2003-03-11,"SF43718",11.0052,"Tipo de cambio FIX USD/MXN"
2003-03-12,"SF43718",10.9073,"Tipo de cambio FIX USD/MXN"
2003-03-13,"SF43718",10.8173,"Tipo de cambio FIX USD/MXN"
2003-03-14,"SF43718",10.8481,"Tipo de cambio FIX USD/MXN"
2003-03-17,"SF43718",10.8713,"Tipo de cambio FIX USD/MXN"
2003-03-18,"SF43718",10.8147,"Tipo de cambio FIX USD/MXN"
2003-03-19,"SF43718",10.8633,"Tipo de cambio FIX USD/MXN"
2003-03-20,"SF43718",10.8734,"Tipo de cambio FIX USD/MXN"
2003-03-24,"SF43718",10.8008,"Tipo de cambio FIX USD/MXN"
2003-03-25,"SF43718",10.72,"Tipo de cambio FIX USD/MXN"
2003-03-26,"SF43718",10.7498,"Tipo de cambio FIX USD/MXN"
2003-03-27,"SF43718",10.7671,"Tipo de cambio FIX USD/MXN"
2003-03-28,"SF43718",10.6698,"Tipo de cambio FIX USD/MXN"
2003-03-31,"SF43718",10.7889,"Tipo de cambio FIX USD/MXN"
2003-04-01,"SF43718",10.7362,"Tipo de cambio FIX USD/MXN"
2003-04-02,"SF43718",10.6676,"Tipo de cambio FIX USD/MXN"
2003-04-03,"SF43718",10.6619,"Tipo de cambio FIX USD/MXN"
2003-04-04,"SF43718",10.6823,"Tipo de cambio FIX USD/MXN"
2003-04-07,"SF43718",10.6896,"Tipo de cambio FIX USD/MXN"
2003-04-08,"SF43718",10.7398,"Tipo de cambio FIX USD/MXN"
2003-04-09,"SF43718",10.7541,"Tipo de cambio FIX USD/MXN"
2003-04-10,"SF43718",10.7651,"Tipo de cambio FIX USD/MXN"
2003-04-11,"SF43718",10.702,"Tipo de cambio FIX USD/MXN"
2003-04-14,"SF43718",10.6102,"Tipo de cambio FIX USD/MXN"
2003-04-15,"SF43718",10.6398,"Tipo de cambio FIX USD/MXN"
2003-04-16,"SF43718",10.6225,"Tipo de cambio FIX USD/MXN"
2003-04-21,"SF43718",10.5545,"Tipo de cambio FIX USD/MXN"
2003-04-22,"SF43718",10.5525,"Tipo de cambio FIX USD/MXN"
2003-04-23,"SF43718",10.5147,"Tipo de cambio FIX USD/MXN"
2003-04-24,"SF43718",10.4348,"Tipo de cambio FIX USD/MXN"
2003-04-25,"SF43718",10.4318,"Tipo de cambio FIX USD/MXN"
2003-04-28,"SF43718",10.4304,"Tipo de cambio FIX USD/MXN"
2003-04-29,"SF43718",10.345,"Tipo de cambio FIX USD/MXN"
2003-04-30,"SF43718",10.3,"Tipo de cambio FIX USD/MXN"
2003-05-02,"SF43718",10.2003,"Tipo de cambio FIX USD/MXN"
2003-05-05,"SF43718",10.1817,"Tipo de cambio FIX USD/MXN"
2003-05-06,"SF43718",10.2678,"Tipo de cambio FIX USD/MXN"
2003-05-07,"SF43718",10.2115,"Tipo de cambio FIX USD/MXN"
2003-05-08,"SF43718",10.17,"Tipo de cambio FIX USD/MXN"
2003-05-09,"SF43718",10.1068,"Tipo de cambio FIX USD/MXN"
2003-05-12,"SF43718",10.1773,"Tipo de cambio FIX USD/MXN"
2003-05-13,"SF43718",10.1605,"Tipo de cambio FIX USD/MXN"
2003-05-14,"SF43718",10.1428,"Tipo de cambio FIX USD/MXN"
2003-05-15,"SF43718",10.2927,"Tipo de cambio FIX USD/MXN"
2003-05-16,"SF43718",10.376,"Tipo de cambio FIX USD/MXN"
2003-05-19,"SF43718",10.3498,"Tipo de cambio FIX USD/MXN"
2003-05-20,"SF43718",10.2663,"Tipo de cambio FIX USD/MXN"
2003-05-21,"SF43718",10.253,"Tipo de cambio FIX USD/MXN"
2003-05-22,"SF43718",10.2383,"Tipo de cambio FIX USD/MXN"
2003-05-23,"SF43718",10.2473,"Tipo de cambio FIX USD/MXN"
2003-05-26,"SF43718",10.2519,"Tipo de cambio FIX USD/MXN"
2003-05-27,"SF43718",10.3166,"Tipo de cambio FIX USD/MXN"
2003-05-28,"SF43718",10.4063,"Tipo de cambio FIX USD/MXN"
2003-05-29,"SF43718",10.3205,"Tipo de cambio FIX USD/MXN"
2003-05-30,"SF43718",10.3377,"Tipo de cambio FIX USD/MXN"
2003-06-02,"SF43718",10.2402,"Tipo de cambio FIX USD/MXN"
2003-06-03,"SF43718",10.2598,"Tipo de cambio FIX USD/MXN"
2003-06-04,"SF43718",10.3882,"Tipo de cambio FIX USD/MXN"
2003-06-05,"SF43718",10.5598,"Tipo de cambio FIX USD/MXN"
2003-06-06,"SF43718",10.5608,"Tipo de cambio FIX USD/MXN"
2003-06-09,"SF43718",10.7431,"Tipo de cambio FIX USD/MXN"
2003-06-10,"SF43718",10.7145,"Tipo de cambio FIX USD/MXN"
2003-06-11,"SF43718",10.6119,"Tipo de cambio FIX USD/MXN"
2003-06-12,"SF43718",10.5775,"Tipo de cambio FIX USD/MXN"
2003-06-13,"SF43718",10.5946,"Tipo de cambio FIX USD/MXN"
2003-06-16,"SF43718",10.4983,"Tipo de cambio FIX USD/MXN"
2003-06-17,"SF43718",10.5014,"Tipo de cambio FIX USD/MXN"
2003-06-18,"SF43718",10.5883,"Tipo de cambio FIX USD/MXN"
2003-06-19,"SF43718",10.4858,"Tipo de cambio FIX USD/MXN"
2003-06-20,"SF43718",10.4669,"Tipo de cambio FIX USD/MXN"
2003-06-23,"SF43718",10.4796,"Tipo de cambio FIX USD/MXN"
2003-06-24,"SF43718",10.5188,"Tipo de cambio FIX USD/MXN"
2003-06-25,"SF43718",10.4734,"Tipo de cambio FIX USD/MXN"
2003-06-26,"SF43718",10.4808,"Tipo de cambio FIX USD/MXN"
2003-06-27,"SF43718",10.4176,"Tipo de cambio FIX USD/MXN"
2003-06-30,"SF43718",10.437,"Tipo de cambio FIX USD/MXN"
2003-07-01,"SF43718",10.4495,"Tipo de cambio FIX USD/MXN"
2003-07-02,"SF43718",10.4779,"Tipo de cambio FIX USD/MXN"
2003-07-03,"SF43718",10.447,"Tipo de cambio FIX USD/MXN"
2003-07-04,"SF43718",10.4087,"Tipo de cambio FIX USD/MXN"
2003-07-07,"SF43718",10.3946,"Tipo de cambio FIX USD/MXN"
2003-07-08,"SF43718",10.543,"Tipo de cambio FIX USD/MXN"
2003-07-09,"SF43718",10.4795,"Tipo de cambio FIX USD/MXN"
2003-07-10,"SF43718",10.4482,"Tipo de cambio FIX USD/MXN"
2003-07-11,"SF43718",10.4213,"Tipo de cambio FIX USD/MXN"
2003-07-14,"SF43718",10.3821,"Tipo de cambio FIX USD/MXN"
2003-07-15,"SF43718",10.4308,"Tipo de cambio FIX USD/MXN"
2003-07-16,"SF43718",10.4079,"Tipo de cambio FIX USD/MXN"
2003-07-17,"SF43718",10.349,"Tipo de cambio FIX USD/MXN"
2003-07-18,"SF43718",10.36,"Tipo de cambio FIX USD/MXN"
2003-07-21,"SF43718",10.4105,"Tipo de cambio FIX USD/MXN"
2003-07-22,"SF43718",10.4362,"Tipo de cambio FIX USD/MXN"
2003-07-23,"SF43718",10.516,"Tipo de cambio FIX USD/MXN"
2003-07-24,"SF43718",10.5203,"Tipo de cambio FIX USD/MXN"
2003-07-25,"SF43718",10.5095,"Tipo de cambio FIX USD/MXN"
2003-07-28,"SF43718",10.4645,"Tipo de cambio FIX USD/MXN"
2003-07-29,"SF43718",10.4878,"Tipo de cambio FIX USD/MXN"
2003-07-30,"SF43718",10.487,"Tipo de cambio FIX USD/MXN"
2003-07-31,"SF43718",10.5243,"Tipo de cambio FIX USD/MXN"
2003-08-01,"SF43718",10.5997,"Tipo de cambio FIX USD/MXN"
2003-08-04,"SF43718",10.5864,"Tipo de cambio FIX USD/MXN"
2003-08-05,"SF43718",10.7117,"Tipo de cambio FIX USD/MXN"
2003-08-06,"SF43718",10.7058,"Tipo de cambio FIX USD/MXN"
2003-08-07,"SF43718",10.7001,"Tipo de cambio FIX USD/MXN"
2003-08-08,"SF43718",10.6623,"Tipo de cambio FIX USD/MXN"
2003-08-11,"SF43718",10.6909,"Tipo de cambio FIX USD/MXN"
2003-08-12,"SF43718",10.7448,"Tipo de cambio FIX USD/MXN"
2003-08-13,"SF43718",10.7562,"Tipo de cambio FIX USD/MXN"
2003-08-14,"SF43718",10.6961,"Tipo de cambio FIX USD/MXN"
2003-08-15,"SF43718",10.7273,"Tipo de cambio FIX USD/MXN"
2003-08-18,"SF43718",10.723,"Tipo de cambio FIX USD/MXN"
2003-08-19,"SF43718",10.8007,"Tipo de cambio FIX USD/MXN"
2003-08-20,"SF43718",10.8379,"Tipo de cambio FIX USD/MXN"
2003-08-21,"SF43718",10.8507,"Tipo de cambio FIX USD/MXN"
2003-08-22,"SF43718",10.8615,"Tipo de cambio FIX USD/MXN"
2003-08-25,"SF43718",10.8753,"Tipo de cambio FIX USD/MXN"
2003-08-26,"SF43718",10.9118,"Tipo de cambio FIX USD/MXN"
2003-08-27,"SF43718",10.9337,"Tipo de cambio FIX USD/MXN"
2003-08-28,"SF43718",10.9806,"Tipo de cambio FIX USD/MXN"
2003-08-29,"SF43718",11.0475,"Tipo de cambio FIX USD/MXN"
2003-09-01,"SF43718",11.046,"Tipo de cambio FIX USD/MXN"
2003-09-02,"SF43718",11.0313,"Tipo de cambio FIX USD/MXN"
2003-09-03,"SF43718",10.9386,"Tipo de cambio FIX USD/MXN"
2003-09-04,"SF43718",10.8575,"Tipo de cambio FIX USD/MXN"
2003-09-05,"SF43718",10.862,"Tipo de cambio FIX USD/MXN"
2003-09-08,"SF43718",10.9185,"Tipo de cambio FIX USD/MXN"
2003-09-09,"SF43718",11.0233,"Tipo de cambio FIX USD/MXN"
2003-09-10,"SF43718",10.9502,"Tipo de cambio FIX USD/MXN"
2003-09-11,"SF43718",10.9737,"Tipo de cambio FIX USD/MXN"
2003-09-12,"SF43718",10.9793,"Tipo de cambio FIX USD/MXN"
2003-09-15,"SF43718",10.9713,"Tipo de cambio FIX USD/MXN"
2003-09-17,"SF43718",10.9054,"Tipo de cambio FIX USD/MXN"
2003-09-18,"SF43718",10.9163,"Tipo de cambio FIX USD/MXN"
2003-09-19,"SF43718",10.8955,"Tipo de cambio FIX USD/MXN"
2003-09-22,"SF43718",10.8275,"Tipo de cambio FIX USD/MXN"
2003-09-23,"SF43718",10.7741,"Tipo de cambio FIX USD/MXN"
2003-09-24,"SF43718",10.7975,"Tipo de cambio FIX USD/MXN"
2003-09-25,"SF43718",10.8115,"Tipo de cambio FIX USD/MXN"
2003-09-26,"SF43718",10.9272,"Tipo de cambio FIX USD/MXN"
2003-09-29,"SF43718",11.0446,"Tipo de cambio FIX USD/MXN"
2003-09-30,"SF43718",11.0133,"Tipo de cambio FIX USD/MXN"
2003-10-01,"SF43718",10.9614,"Tipo de cambio FIX USD/MXN"
2003-10-02,"SF43718",11.1603,"Tipo de cambio FIX USD/MXN"
2003-10-03,"SF43718",11.2473,"Tipo de cambio FIX USD/MXN"
2003-10-06,"SF43718",11.2193,"Tipo de cambio FIX USD/MXN"
2003-10-07,"SF43718",11.2923,"Tipo de cambio FIX USD/MXN"
2003-10-08,"SF43718",11.249,"Tipo de cambio FIX USD/MXN"
2003-10-09,"SF43718",11.2356,"Tipo de cambio FIX USD/MXN"
2003-10-10,"SF43718",11.1946,"Tipo de cambio FIX USD/MXN"
2003-10-13,"SF43718",11.1853,"Tipo de cambio FIX USD/MXN"
2003-10-14,"SF43718",11.2347,"Tipo de cambio FIX USD/MXN"
2003-10-15,"SF43718",11.1785,"Tipo de cambio FIX USD/MXN"
2003-10-16,"SF43718",11.2472,"Tipo de cambio FIX USD/MXN"
2003-10-17,"SF43718",11.2802,"Tipo de cambio FIX USD/MXN"
2003-10-20,"SF43718",11.1748,"Tipo de cambio FIX USD/MXN"
2003-10-21,"SF43718",11.1397,"Tipo de cambio FIX USD/MXN"
2003-10-22,"SF43718",11.2178,"Tipo de cambio FIX USD/MXN"
2003-10-23,"SF43718",11.181,"Tipo de cambio FIX USD/MXN"
2003-10-24,"SF43718",11.1784,"Tipo de cambio FIX USD/MXN"
2003-10-27,"SF43718",11.1068,"Tipo de cambio FIX USD/MXN"
2003-10-28,"SF43718",11.0693,"Tipo de cambio FIX USD/MXN"
2003-10-29,"SF43718",11.1078,"Tipo de cambio FIX USD/MXN"
2003-10-30,"SF43718",11.1058,"Tipo de cambio FIX USD/MXN"
2003-10-31,"SF43718",11.0525,"Tipo de cambio FIX USD/MXN"
2003-11-03,"SF43718",10.9881,"Tipo de cambio FIX USD/MXN"
2003-11-04,"SF43718",10.9998,"Tipo de cambio FIX USD/MXN"
2003-11-05,"SF43718",10.9829,"Tipo de cambio FIX USD/MXN"
2003-11-06,"SF43718",10.9903,"Tipo de cambio FIX USD/MXN"
2003-11-07,"SF43718",10.9688,"Tipo de cambio FIX USD/MXN"
2003-11-10,"SF43718",11.0097,"Tipo de cambio FIX USD/MXN"
2003-11-11,"SF43718",10.9582,"Tipo de cambio FIX USD/MXN"
2003-11-12,"SF43718",11.0582,"Tipo de cambio FIX USD/MXN"
2003-11-13,"SF43718",11.1757,"Tipo de cambio FIX USD/MXN"
2003-11-14,"SF43718",11.1442,"Tipo de cambio FIX USD/MXN"
2003-11-17,"SF43718",11.1823,"Tipo de cambio FIX USD/MXN"
2003-11-18,"SF43718",11.1643,"Tipo de cambio FIX USD/MXN"
2003-11-19,"SF43718",11.2094,"Tipo de cambio FIX USD/MXN"
2003-11-21,"SF43718",11.2058,"Tipo de cambio FIX USD/MXN"
2003-11-24,"SF43718",11.2879,"Tipo de cambio FIX USD/MXN"
2003-11-25,"SF43718",11.3398,"Tipo de cambio FIX USD/MXN"
2003-11-26,"SF43718",11.3522,"Tipo de cambio FIX USD/MXN"
2003-11-27,"SF43718",11.3385,"Tipo de cambio FIX USD/MXN"
2003-11-28,"SF43718",11.3985,"Tipo de cambio FIX USD/MXN"
2003-12-01,"SF43718",11.3783,"Tipo de cambio FIX USD/MXN"
2003-12-02,"SF43718",11.3535,"Tipo de cambio FIX USD/MXN"
2003-12-03,"SF43718",11.2496,"Tipo de cambio FIX USD/MXN"
2003-12-04,"SF43718",11.2224,"Tipo de cambio FIX USD/MXN"
2003-12-05,"SF43718",11.1959,"Tipo de cambio FIX USD/MXN"
2003-12-08,"SF43718",11.2391,"Tipo de cambio FIX USD/MXN"
2003-12-09,"SF43718",11.1635,"Tipo de cambio FIX USD/MXN"
2003-12-10,"SF43718",11.2145,"Tipo de cambio FIX USD/MXN"
2003-12-11,"SF43718",11.1877,"Tipo de cambio FIX USD/MXN"
2003-12-15,"SF43718",11.2728,"Tipo de cambio FIX USD/MXN"
2003-12-16,"SF43718",11.3061,"Tipo de cambio FIX USD/MXN"
2003-12-17,"SF43718",11.2676,"Tipo de cambio FIX USD/MXN"
2003-12-18,"SF43718",11.2193,"Tipo de cambio FIX USD/MXN"
2003-12-19,"SF43718",11.2295,"Tipo de cambio FIX USD/MXN"
2003-12-22,"SF43718",11.2855,"Tipo de cambio FIX USD/MXN"
2003-12-23,"SF43718",11.2696,"Tipo de cambio FIX USD/MXN"
2003-12-24,"SF43718",11.2744,"Tipo de cambio FIX USD/MXN"
2003-12-26,"SF43718",11.218,"Tipo de cambio FIX USD/MXN"
2003-12-29,"SF43718",11.236,"Tipo de cambio FIX USD/MXN"
2003-12-30,"SF43718",11.1998,"Tipo de cambio FIX USD/MXN"
2003-12-31,"SF43718",11.2372,"Tipo de cambio FIX USD/MXN"
2004-01-02,"SF43718",11.0885,"Tipo de cambio FIX USD/MXN"
2004-01-05,"SF43718",10.9805,"Tipo de cambio FIX USD/MXN"
2004-01-06,"SF43718",10.9686,"Tipo de cambio FIX USD/MXN"
2004-01-07,"SF43718",10.9044,"Tipo de cambio FIX USD/MXN"
2004-01-08,"SF43718",10.8847,"Tipo de cambio FIX USD/MXN"
2004-01-09,"SF43718",10.8376,"Tipo de cambio FIX USD/MXN"
2004-01-12,"SF43718",10.818,"Tipo de cambio FIX USD/MXN"
2004-01-13,"SF43718",10.8369,"Tipo de cambio FIX USD/MXN"
2004-01-14,"SF43718",10.8231,"Tipo de cambio FIX USD/MXN"
2004-01-15,"SF43718",10.8514,"Tipo de cambio FIX USD/MXN"
2004-01-16,"SF43718",10.8172,"Tipo de cambio FIX USD/MXN"
2004-01-19,"SF43718",10.8264,"Tipo de cambio FIX USD/MXN"
2004-01-20,"SF43718",10.847,"Tipo de cambio FIX USD/MXN"
2004-01-21,"SF43718",10.9521,"Tipo de cambio FIX USD/MXN"
2004-01-22,"SF43718",11.0012,"Tipo de cambio FIX USD/MXN"
2004-01-23,"SF43718",10.962,"Tipo de cambio FIX USD/MXN"
2004-01-26,"SF43718",10.9178,"Tipo de cambio FIX USD/MXN"
2004-01-27,"SF43718",10.8789,"Tipo de cambio FIX USD/MXN"
2004-01-28,"SF43718",10.9145,"Tipo de cambio FIX USD/MXN"
2004-01-29,"SF43718",11.0843,"Tipo de cambio FIX USD/MXN"
2004-01-30,"SF43718",11.0214,"Tipo de cambio FIX USD/MXN"
2004-02-02,"SF43718",10.9545,"Tipo de cambio FIX USD/MXN"
2004-02-03,"SF43718",11.082,"Tipo de cambio FIX USD/MXN"
2004-02-04,"SF43718",11.0608,"Tipo de cambio FIX USD/MXN"
2004-02-06,"SF43718",11.1305,"Tipo de cambio FIX USD/MXN"
2004-02-09,"SF43718",11.1039,"Tipo de cambio FIX USD/MXN"
2004-02-10,"SF43718",11.1069,"Tipo de cambio FIX USD/MXN"
2004-02-11,"SF43718",10.9866,"Tipo de cambio FIX USD/MXN"
2004-02-12,"SF43718",10.9626,"Tipo de cambio FIX USD/MXN"
2004-02-13,"SF43718",10.9627,"Tipo de cambio FIX USD/MXN"
2004-02-16,"SF43718",10.9434,"Tipo de cambio FIX USD/MXN"
2004-02-17,"SF43718",10.9337,"Tipo de cambio FIX USD/MXN"
2004-02-18,"SF43718",10.9058,"Tipo de cambio FIX USD/MXN"
2004-02-19,"SF43718",10.9688,"Tipo de cambio FIX USD/MXN"
2004-02-20,"SF43718",10.9423,"Tipo de cambio FIX USD/MXN"
2004-02-23,"SF43718",10.9437,"Tipo de cambio FIX USD/MXN"
2004-02-24,"SF43718",11.0558,"Tipo de cambio FIX USD/MXN"
2004-02-25,"SF43718",11.0932,"Tipo de cambio FIX USD/MXN"
2004-02-26,"SF43718",11.0715,"Tipo de cambio FIX USD/MXN"
2004-02-27,"SF43718",11.0606,"Tipo de cambio FIX USD/MXN"
2004-03-01,"SF43718",10.9794,"Tipo de cambio FIX USD/MXN"
2004-03-02,"SF43718",10.9623,"Tipo de cambio FIX USD/MXN"
2004-03-03,"SF43718",11.0301,"Tipo de cambio FIX USD/MXN"
2004-03-04,"SF43718",10.9955,"Tipo de cambio FIX USD/MXN"
2004-03-05,"SF43718",10.9393,"Tipo de cambio FIX USD/MXN"
2004-03-08,"SF43718",10.9329,"Tipo de cambio FIX USD/MXN"
2004-03-09,"SF43718",10.9695,"Tipo de cambio FIX USD/MXN"
2004-03-10,"SF43718",10.9368,"Tipo de cambio FIX USD/MXN"
2004-03-11,"SF43718",10.9633,"Tipo de cambio FIX USD/MXN"
2004-03-12,"SF43718",10.9638,"Tipo de cambio FIX USD/MXN"
2004-03-15,"SF43718",10.9621,"Tipo de cambio FIX USD/MXN"
2004-03-16,"SF43718",11.039,"Tipo de cambio FIX USD/MXN"
2004-03-17,"SF43718",10.9988,"Tipo de cambio FIX USD/MXN"
2004-03-18,"SF43718",11.0128,"Tipo de cambio FIX USD/MXN"
2004-03-19,"SF43718",10.9863,"Tipo de cambio FIX USD/MXN"
2004-03-22,"SF43718",10.9737,"Tipo de cambio FIX USD/MXN"
2004-03-23,"SF43718",10.9695,"Tipo de cambio FIX USD/MXN"
2004-03-24,"SF43718",10.9915,"Tipo de cambio FIX USD/MXN"
2004-03-25,"SF43718",11.013,"Tipo de cambio FIX USD/MXN"
2004-03-26,"SF43718",11.0578,"Tipo de cambio FIX USD/MXN"
2004-03-29,"SF43718",11.154,"Tipo de cambio FIX USD/MXN"
2004-03-30,"SF43718",11.2103,"Tipo de cambio FIX USD/MXN"
2004-03-31,"SF43718",11.1748,"Tipo de cambio FIX USD/MXN"
2004-04-01,"SF43718",11.1828,"Tipo de cambio FIX USD/MXN"
2004-04-02,"SF43718",11.1815,"Tipo de cambio FIX USD/MXN"
2004-04-05,"SF43718",11.1598,"Tipo de cambio FIX USD/MXN"
2004-04-06,"SF43718",11.1631,"Tipo de cambio FIX USD/MXN"
2004-04-07,"SF43718",11.2233,"Tipo de cambio FIX USD/MXN"
2004-04-12,"SF43718",11.2211,"Tipo de cambio FIX USD/MXN"
2004-04-13,"SF43718",11.2702,"Tipo de cambio FIX USD/MXN"
2004-04-14,"SF43718",11.2848,"Tipo de cambio FIX USD/MXN"
2004-04-15,"SF43718",11.27,"Tipo de cambio FIX USD/MXN"
2004-04-16,"SF43718",11.2525,"Tipo de cambio FIX USD/MXN"
2004-04-19,"SF43718",11.251,"Tipo de cambio FIX USD/MXN"
2004-04-20,"SF43718",11.3065,"Tipo de cambio FIX USD/MXN"
2004-04-21,"SF43718",11.3119,"Tipo de cambio FIX USD/MXN"
2004-04-22,"SF43718",11.3256,"Tipo de cambio FIX USD/MXN"
2004-04-23,"SF43718",11.3433,"Tipo de cambio FIX USD/MXN"
2004-04-26,"SF43718",11.2881,"Tipo de cambio FIX USD/MXN"
2004-04-27,"SF43718",11.3109,"Tipo de cambio FIX USD/MXN"
2004-04-28,"SF43718",11.3387,"Tipo de cambio FIX USD/MXN"
2004-04-29,"SF43718",11.4068,"Tipo de cambio FIX USD/MXN"
2004-04-30,"SF43718",11.4093,"Tipo de cambio FIX USD/MXN"
2004-05-03,"SF43718",11.431,"Tipo de cambio FIX USD/MXN"
2004-05-04,"SF43718",11.4105,"Tipo de cambio FIX USD/MXN"
2004-05-05,"SF43718",11.3887,"Tipo de cambio FIX USD/MXN"
2004-05-06,"SF43718",11.4358,"Tipo de cambio FIX USD/MXN"
2004-05-07,"SF43718",11.5272,"Tipo de cambio FIX USD/MXN"
2004-05-10,"SF43718",11.6328,"Tipo de cambio FIX USD/MXN"
2004-05-11,"SF43718",11.6325,"Tipo de cambio FIX USD/MXN"
2004-05-12,"SF43718",11.6246,"Tipo de cambio FIX USD/MXN"
2004-05-13,"SF43718",11.6281,"Tipo de cambio FIX USD/MXN"
2004-05-14,"SF43718",11.5713,"Tipo de cambio FIX USD/MXN"
2004-05-17,"SF43718",11.5282,"Tipo de cambio FIX USD/MXN"
2004-05-18,"SF43718",11.4933,"Tipo de cambio FIX USD/MXN"
2004-05-19,"SF43718",11.5448,"Tipo de cambio FIX USD/MXN"
2004-05-20,"SF43718",11.5735,"Tipo de cambio FIX USD/MXN"
2004-05-21,"SF43718",11.5673,"Tipo de cambio FIX USD/MXN"
2004-05-24,"SF43718",11.5608,"Tipo de cambio FIX USD/MXN"
2004-05-25,"SF43718",11.476,"Tipo de cambio FIX USD/MXN"
2004-05-26,"SF43718",11.4556,"Tipo de cambio FIX USD/MXN"
2004-05-27,"SF43718",11.4515,"Tipo de cambio FIX USD/MXN"
2004-05-28,"SF43718",11.4128,"Tipo de cambio FIX USD/MXN"
2004-05-31,"SF43718",11.4147,"Tipo de cambio FIX USD/MXN"
2004-06-01,"SF43718",11.4845,"Tipo de cambio FIX USD/MXN"
2004-06-02,"SF43718",11.4265,"Tipo de cambio FIX USD/MXN"
2004-06-03,"SF43718",11.4373,"Tipo de cambio FIX USD/MXN"
2004-06-04,"SF43718",11.4224,"Tipo de cambio FIX USD/MXN"
2004-06-07,"SF43718",11.3498,"Tipo de cambio FIX USD/MXN"
2004-06-08,"SF43718",11.3397,"Tipo de cambio FIX USD/MXN"
2004-06-09,"SF43718",11.3808,"Tipo de cambio FIX USD/MXN"
2004-06-10,"SF43718",11.366,"Tipo de cambio FIX USD/MXN"
2004-06-11,"SF43718",11.3689,"Tipo de cambio FIX USD/MXN"
2004-06-14,"SF43718",11.4327,"Tipo de cambio FIX USD/MXN"
2004-06-15,"SF43718",11.4259,"Tipo de cambio FIX USD/MXN"
2004-06-16,"SF43718",11.3991,"Tipo de cambio FIX USD/MXN"
2004-06-17,"SF43718",11.3523,"Tipo de cambio FIX USD/MXN"
2004-06-18,"SF43718",11.3312,"Tipo de cambio FIX USD/MXN"
2004-06-21,"SF43718",11.3143,"Tipo de cambio FIX USD/MXN"
2004-06-22,"SF43718",11.3077,"Tipo de cambio FIX USD/MXN"
2004-06-23,"SF43718",11.3425,"Tipo de cambio FIX USD/MXN"
2004-06-24,"SF43718",11.3004,"Tipo de cambio FIX USD/MXN"
2004-06-25,"SF43718",11.3175,"Tipo de cambio FIX USD/MXN"
2004-06-28,"SF43718",11.4116,"Tipo de cambio FIX USD/MXN"
2004-06-29,"SF43718",11.5297,"Tipo de cambio FIX USD/MXN"
2004-06-30,"SF43718",11.5258,"Tipo de cambio FIX USD/MXN"
2004-07-01,"SF43718",11.4922,"Tipo de cambio FIX USD/MXN"
2004-07-02,"SF43718",11.4763,"Tipo de cambio FIX USD/MXN"
2004-07-05,"SF43718",11.4432,"Tipo de cambio FIX USD/MXN"
2004-07-06,"SF43718",11.4948,"Tipo de cambio FIX USD/MXN"
2004-07-07,"SF43718",11.467,"Tipo de cambio FIX USD/MXN"
2004-07-08,"SF43718",11.5315,"Tipo de cambio FIX USD/MXN"
2004-07-09,"SF43718",11.5152,"Tipo de cambio FIX USD/MXN"
2004-07-12,"SF43718",11.5009,"Tipo de cambio FIX USD/MXN"
2004-07-13,"SF43718",11.4949,"Tipo de cambio FIX USD/MXN"
2004-07-14,"SF43718",11.4552,"Tipo de cambio FIX USD/MXN"
2004-07-15,"SF43718",11.4909,"Tipo de cambio FIX USD/MXN"
2004-07-16,"SF43718",11.4352,"Tipo de cambio FIX USD/MXN"
2004-07-19,"SF43718",11.3785,"Tipo de cambio FIX USD/MXN"
2004-07-20,"SF43718",11.3954,"Tipo de cambio FIX USD/MXN"
2004-07-21,"SF43718",11.46,"Tipo de cambio FIX USD/MXN"
2004-07-22,"SF43718",11.4463,"Tipo de cambio FIX USD/MXN"
2004-07-23,"SF43718",11.434,"Tipo de cambio FIX USD/MXN"
2004-07-26,"SF43718",11.4582,"Tipo de cambio FIX USD/MXN"
2004-07-27,"SF43718",11.5111,"Tipo de cambio FIX USD/MXN"
2004-07-28,"SF43718",11.4801,"Tipo de cambio FIX USD/MXN"
2004-07-29,"SF43718",11.4302,"Tipo de cambio FIX USD/MXN"
2004-07-30,"SF43718",11.4079,"Tipo de cambio FIX USD/MXN"
2004-08-02,"SF43718",11.4253,"Tipo de cambio FIX USD/MXN"
2004-08-03,"SF43718",11.4052,"Tipo de cambio FIX USD/MXN"
2004-08-04,"SF43718",11.4527,"Tipo de cambio FIX USD/MXN"
2004-08-05,"SF43718",11.457,"Tipo de cambio FIX USD/MXN"
2004-08-06,"SF43718",11.4124,"Tipo de cambio FIX USD/MXN"
2004-08-09,"SF43718",11.3776,"Tipo de cambio FIX USD/MXN"
2004-08-10,"SF43718",11.3943,"Tipo de cambio FIX USD/MXN"
2004-08-11,"SF43718",11.4436,"Tipo de cambio FIX USD/MXN"
2004-08-12,"SF43718",11.4414,"Tipo de cambio FIX USD/MXN"
2004-08-13,"SF43718",11.4048,"Tipo de cambio FIX USD/MXN"
2004-08-16,"SF43718",11.3848,"Tipo de cambio FIX USD/MXN"
2004-08-17,"SF43718",11.3481,"Tipo de cambio FIX USD/MXN"
2004-08-18,"SF43718",11.3472,"Tipo de cambio FIX USD/MXN"
2004-08-19,"SF43718",11.355,"Tipo de cambio FIX USD/MXN"
2004-08-20,"SF43718",11.3453,"Tipo de cambio FIX USD/MXN"
2004-08-23,"SF43718",11.3764,"Tipo de cambio FIX USD/MXN"
2004-08-24,"SF43718",11.3859,"Tipo de cambio FIX USD/MXN"
2004-08-25,"SF43718",11.3712,"Tipo de cambio FIX USD/MXN"
2004-08-26,"SF43718",11.366,"Tipo de cambio FIX USD/MXN"
2004-08-27,"SF43718",11.3739,"Tipo de cambio FIX USD/MXN"
2004-08-30,"SF43718",11.4231,"Tipo de cambio FIX USD/MXN"
2004-08-31,"SF43718",11.3807,"Tipo de cambio FIX USD/MXN"
2004-09-01,"SF43718",11.4145,"Tipo de cambio FIX USD/MXN"
2004-09-02,"SF43718",11.4725,"Tipo de cambio FIX USD/MXN"
2004-09-03,"SF43718",11.5279,"Tipo de cambio FIX USD/MXN"
2004-09-06,"SF43718",11.5193,"Tipo de cambio FIX USD/MXN"
2004-09-07,"SF43718",11.5689,"Tipo de cambio FIX USD/MXN"
2004-09-08,"SF43718",11.5895,"Tipo de cambio FIX USD/MXN"
2004-09-09,"SF43718",11.5717,"Tipo de cambio FIX USD/MXN"
2004-09-10,"SF43718",11.6005,"Tipo de cambio FIX USD/MXN"
2004-09-13,"SF43718",11.576,"Tipo de cambio FIX USD/MXN"
2004-09-14,"SF43718",11.5851,"Tipo de cambio FIX USD/MXN"
2004-09-15,"SF43718",11.5333,"Tipo de cambio FIX USD/MXN"
2004-09-17,"SF43718",11.4774,"Tipo de cambio FIX USD/MXN"
2004-09-20,"SF43718",11.4557,"Tipo de cambio FIX USD/MXN"
2004-09-21,"SF43718",11.4294,"Tipo de cambio FIX USD/MXN"
2004-09-22,"SF43718",11.4012,"Tipo de cambio FIX USD/MXN"
2004-09-23,"SF43718",11.418,"Tipo de cambio FIX USD/MXN"
2004-09-24,"SF43718",11.4107,"Tipo de cambio FIX USD/MXN"
2004-09-27,"SF43718",11.4348,"Tipo de cambio FIX USD/MXN"
2004-09-28,"SF43718",11.4106,"Tipo de cambio FIX USD/MXN"
2004-09-29,"SF43718",11.4288,"Tipo de cambio FIX USD/MXN"
2004-09-30,"SF43718",11.3884,"Tipo de cambio FIX USD/MXN"
2004-10-01,"SF43718",11.3503,"Tipo de cambio FIX USD/MXN"
2004-10-04,"SF43718",11.3502,"Tipo de cambio FIX USD/MXN"
2004-10-05,"SF43718",11.3149,"Tipo de cambio FIX USD/MXN"
2004-10-06,"SF43718",11.2745,"Tipo de cambio FIX USD/MXN"
2004-10-07,"SF43718",11.2874,"Tipo de cambio FIX USD/MXN"
2004-10-08,"SF43718",11.2406,"Tipo de cambio FIX USD/MXN"
2004-10-11,"SF43718",11.2449,"Tipo de cambio FIX USD/MXN"
2004-10-12,"SF43718",11.2865,"Tipo de cambio FIX USD/MXN"
2004-10-13,"SF43718",11.3021,"Tipo de cambio FIX USD/MXN"
2004-10-14,"SF43718",11.3195,"Tipo de cambio FIX USD/MXN"
2004-10-15,"SF43718",11.454,"Tipo de cambio FIX USD/MXN"
2004-10-18,"SF43718",11.5068,"Tipo de cambio FIX USD/MXN"
2004-10-19,"SF43718",11.4507,"Tipo de cambio FIX USD/MXN"
2004-10-20,"SF43718",11.4548,"Tipo de cambio FIX USD/MXN"
2004-10-21,"SF43718",11.4722,"Tipo de cambio FIX USD/MXN"
2004-10-22,"SF43718",11.4424,"Tipo de cambio FIX USD/MXN"
2004-10-25,"SF43718",11.515,"Tipo de cambio FIX USD/MXN"
2004-10-26,"SF43718",11.5178,"Tipo de cambio FIX USD/MXN"
2004-10-27,"SF43718",11.5118,"Tipo de cambio FIX USD/MXN"
2004-10-28,"SF43718",11.5293,"Tipo de cambio FIX USD/MXN"
2004-10-29,"SF43718",11.539,"Tipo de cambio FIX USD/MXN"
2004-11-01,"SF43718",11.5331,"Tipo de cambio FIX USD/MXN"
2004-11-02,"SF43718",11.4997,"Tipo de cambio FIX USD/MXN"
2004-11-03,"SF43718",11.4248,"Tipo de cambio FIX USD/MXN"
2004-11-04,"SF43718",11.4118,"Tipo de cambio FIX USD/MXN"
2004-11-05,"SF43718",11.4031,"Tipo de cambio FIX USD/MXN"
2004-11-08,"SF43718",11.3953,"Tipo de cambio FIX USD/MXN"
2004-11-09,"SF43718",11.4465,"Tipo de cambio FIX USD/MXN"
2004-11-10,"SF43718",11.4299,"Tipo de cambio FIX USD/MXN"
2004-11-11,"SF43718",11.3997,"Tipo de cambio FIX USD/MXN"
2004-11-12,"SF43718",11.381,"Tipo de cambio FIX USD/MXN"
2004-11-15,"SF43718",11.3583,"Tipo de cambio FIX USD/MXN"
2004-11-16,"SF43718",11.3508,"Tipo de cambio FIX USD/MXN"
2004-11-17,"SF43718",11.3271,"Tipo de cambio FIX USD/MXN"
2004-11-18,"SF43718",11.3335,"Tipo de cambio FIX USD/MXN"
2004-11-19,"SF43718",11.3637,"Tipo de cambio FIX USD/MXN"
2004-11-22,"SF43718",11.3949,"Tipo de cambio FIX USD/MXN"
2004-11-23,"SF43718",11.3447,"Tipo de cambio FIX USD/MXN"
2004-11-24,"SF43718",11.2797,"Tipo de cambio FIX USD/MXN"
2004-11-25,"SF43718",11.2713,"Tipo de cambio FIX USD/MXN"
2004-11-26,"SF43718",11.247,"Tipo de cambio FIX USD/MXN"
2004-11-29,"SF43718",11.266,"Tipo de cambio FIX USD/MXN"
2004-11-30,"SF43718",11.2373,"Tipo de cambio FIX USD/MXN"
2004-12-01,"SF43718",11.1713,"Tipo de cambio FIX USD/MXN"
2004-12-02,"SF43718",11.1453,"Tipo de cambio FIX USD/MXN"
2004-12-03,"SF43718",11.1213,"Tipo de cambio FIX USD/MXN"
2004-12-06,"SF43718",11.1355,"Tipo de cambio FIX USD/MXN"
2004-12-07,"SF43718",11.1704,"Tipo de cambio FIX USD/MXN"
2004-12-08,"SF43718",11.2738,"Tipo de cambio FIX USD/MXN"
2004-12-09,"SF43718",11.291,"Tipo de cambio FIX USD/MXN"
2004-12-10,"SF43718",11.3343,"Tipo de cambio FIX USD/MXN"
2004-12-13,"SF43718",11.3045,"Tipo de cambio FIX USD/MXN"
2004-12-14,"SF43718",11.2903,"Tipo de cambio FIX USD/MXN"
2004-12-15,"SF43718",11.2028,"Tipo de cambio FIX USD/MXN"
2004-12-16,"SF43718",11.2316,"Tipo de cambio FIX USD/MXN"
2004-12-17,"SF43718",11.2403,"Tipo de cambio FIX USD/MXN"
2004-12-20,"SF43718",11.1555,"Tipo de cambio FIX USD/MXN"
2004-12-21,"SF43718",11.1873,"Tipo de cambio FIX USD/MXN"
2004-12-22,"SF43718",11.1814,"Tipo de cambio FIX USD/MXN"
2004-12-23,"SF43718",11.1363,"Tipo de cambio FIX USD/MXN"
2004-12-24,"SF43718",11.15,"Tipo de cambio FIX USD/MXN"
2004-12-27,"SF43718",11.1348,"Tipo de cambio FIX USD/MXN"
2004-12-28,"SF43718",11.2042,"Tipo de cambio FIX USD/MXN"
2004-12-29,"SF43718",11.2648,"Tipo de cambio FIX USD/MXN"
2004-12-30,"SF43718",11.2183,"Tipo de cambio FIX USD/MXN"
2004-12-31,"SF43718",11.1495,"Tipo de cambio FIX USD/MXN"
2005-01-03,"SF43718",11.2007,"Tipo de cambio FIX USD/MXN"
2005-01-04,"SF43718",11.3087,"Tipo de cambio FIX USD/MXN"
2005-01-05,"SF43718",11.3418,"Tipo de cambio FIX USD/MXN"
2005-01-06,"SF43718",11.4018,"Tipo de cambio FIX USD/MXN"
2005-01-07,"SF43718",11.3643,"Tipo de cambio FIX USD/MXN"
2005-01-10,"SF43718",11.2667,"Tipo de cambio FIX USD/MXN"
2005-01-11,"SF43718",11.2209,"Tipo de cambio FIX USD/MXN"
2005-01-12,"SF43718",11.1761,"Tipo de cambio FIX USD/MXN"
2005-01-13,"SF43718",11.1858,"Tipo de cambio FIX USD/MXN"
2005-01-14,"SF43718",11.2339,"Tipo de cambio FIX USD/MXN"
2005-01-17,"SF43718",11.2285,"Tipo de cambio FIX USD/MXN"
2005-01-18,"SF43718",11.2495,"Tipo de cambio FIX USD/MXN"
2005-01-19,"SF43718",11.2328,"Tipo de cambio FIX USD/MXN"
2005-01-20,"SF43718",11.2515,"Tipo de cambio FIX USD/MXN"
2005-01-21,"SF43718",11.2505,"Tipo de cambio FIX USD/MXN"
2005-01-24,"SF43718",11.2353,"Tipo de cambio FIX USD/MXN"
2005-01-25,"SF43718",11.289,"Tipo de cambio FIX USD/MXN"
2005-01-26,"SF43718",11.2632,"Tipo de cambio FIX USD/MXN"
2005-01-27,"SF43718",11.2991,"Tipo de cambio FIX USD/MXN"
2005-01-28,"SF43718",11.2613,"Tipo de cambio FIX USD/MXN"
2005-01-31,"SF43718",11.2141,"Tipo de cambio FIX USD/MXN"
2005-02-01,"SF43718",11.1714,"Tipo de cambio FIX USD/MXN"
2005-02-02,"SF43718",11.167,"Tipo de cambio FIX USD/MXN"
2005-02-03,"SF43718",11.1683,"Tipo de cambio FIX USD/MXN"
2005-02-04,"SF43718",11.1414,"Tipo de cambio FIX USD/MXN"
2005-02-07,"SF43718",11.1909,"Tipo de cambio FIX USD/MXN"
2005-02-08,"SF43718",11.2152,"Tipo de cambio FIX USD/MXN"
2005-02-09,"SF43718",11.1919,"Tipo de cambio FIX USD/MXN"
2005-02-10,"SF43718",11.1533,"Tipo de cambio FIX USD/MXN"
2005-02-11,"SF43718",11.1532,"Tipo de cambio FIX USD/MXN"
2005-02-14,"SF43718",11.1558,"Tipo de cambio FIX USD/MXN"
2005-02-15,"SF43718",11.1535,"Tipo de cambio FIX USD/MXN"
2005-02-16,"SF43718",11.1625,"Tipo de cambio FIX USD/MXN"
2005-02-17,"SF43718",11.1389,"Tipo de cambio FIX USD/MXN"
2005-02-18,"SF43718",11.0732,"Tipo de cambio FIX USD/MXN"
2005-02-21,"SF43718",11.068,"Tipo de cambio FIX USD/MXN"
2005-02-22,"SF43718",11.0487,"Tipo de cambio FIX USD/MXN"
2005-02-23,"SF43718",11.0807,"Tipo de cambio FIX USD/MXN"
2005-02-24,"SF43718",11.0955,"Tipo de cambio FIX USD/MXN"
2005-02-25,"SF43718",11.1086,"Tipo de cambio FIX USD/MXN"
2005-02-28,"SF43718",11.0965,"Tipo de cambio FIX USD/MXN"
2005-03-01,"SF43718",11.104,"Tipo de cambio FIX USD/MXN"
2005-03-02,"SF43718",11.1073,"Tipo de cambio FIX USD/MXN"
2005-03-03,"SF43718",11.0837,"Tipo de cambio FIX USD/MXN"
2005-03-04,"SF43718",11.0458,"Tipo de cambio FIX USD/MXN"
2005-03-07,"SF43718",11.0349,"Tipo de cambio FIX USD/MXN"
2005-03-08,"SF43718",10.979,"Tipo de cambio FIX USD/MXN"
2005-03-09,"SF43718",11.0181,"Tipo de cambio FIX USD/MXN"
2005-03-10,"SF43718",11.0324,"Tipo de cambio FIX USD/MXN"
2005-03-11,"SF43718",11.0223,"Tipo de cambio FIX USD/MXN"
2005-03-14,"SF43718",11.135,"Tipo de cambio FIX USD/MXN"
2005-03-15,"SF43718",11.2038,"Tipo de cambio FIX USD/MXN"
2005-03-16,"SF43718",11.2276,"Tipo de cambio FIX USD/MXN"
2005-03-17,"SF43718",11.2193,"Tipo de cambio FIX USD/MXN"
2005-03-18,"SF43718",11.1759,"Tipo de cambio FIX USD/MXN"
2005-03-22,"SF43718",11.1898,"Tipo de cambio FIX USD/MXN"
2005-03-23,"SF43718",11.2505,"Tipo de cambio FIX USD/MXN"
2005-03-28,"SF43718",11.3228,"Tipo de cambio FIX USD/MXN"
2005-03-29,"SF43718",11.2942,"Tipo de cambio FIX USD/MXN"
2005-03-30,"SF43718",11.2293,"Tipo de cambio FIX USD/MXN"
2005-03-31,"SF43718",11.1783,"Tipo de cambio FIX USD/MXN"
2005-04-01,"SF43718",11.1893,"Tipo de cambio FIX USD/MXN"
2005-04-04,"SF43718",11.2175,"Tipo de cambio FIX USD/MXN"
2005-04-05,"SF43718",11.2176,"Tipo de cambio FIX USD/MXN"
2005-04-06,"SF43718",11.2307,"Tipo de cambio FIX USD/MXN"
2005-04-07,"SF43718",11.1945,"Tipo de cambio FIX USD/MXN"
2005-04-08,"SF43718",11.1583,"Tipo de cambio FIX USD/MXN"
2005-04-11,"SF43718",11.0879,"Tipo de cambio FIX USD/MXN"
2005-04-12,"SF43718",11.1155,"Tipo de cambio FIX USD/MXN"
2005-04-13,"SF43718",11.0615,"Tipo de cambio FIX USD/MXN"
2005-04-14,"SF43718",11.1032,"Tipo de cambio FIX USD/MXN"
2005-04-15,"SF43718",11.1021,"Tipo de cambio FIX USD/MXN"
2005-04-18,"SF43718",11.129,"Tipo de cambio FIX USD/MXN"
2005-04-19,"SF43718",11.0776,"Tipo de cambio FIX USD/MXN"
2005-04-20,"SF43718",11.0614,"Tipo de cambio FIX USD/MXN"
2005-04-21,"SF43718",11.041,"Tipo de cambio FIX USD/MXN"
2005-04-22,"SF43718",11.0361,"Tipo de cambio FIX USD/MXN"
2005-04-25,"SF43718",11.0571,"Tipo de cambio FIX USD/MXN"
2005-04-26,"SF43718",11.0595,"Tipo de cambio FIX USD/MXN"
2005-04-27,"SF43718",11.1033,"Tipo de cambio FIX USD/MXN"
2005-04-28,"SF43718",11.1159,"Tipo de cambio FIX USD/MXN"
2005-04-29,"SF43718",11.0832,"Tipo de cambio FIX USD/MXN"
2005-05-02,"SF43718",11.0271,"Tipo de cambio FIX USD/MXN"
2005-05-03,"SF43718",11.0284,"Tipo de cambio FIX USD/MXN"
2005-05-04,"SF43718",10.982,"Tipo de cambio FIX USD/MXN"
2005-05-05,"SF43718",10.9487,"Tipo de cambio FIX USD/MXN"
2005-05-06,"SF43718",10.9433,"Tipo de cambio FIX USD/MXN"
2005-05-09,"SF43718",10.9693,"Tipo de cambio FIX USD/MXN"
2005-05-10,"SF43718",11.0082,"Tipo de cambio FIX USD/MXN"
2005-05-11,"SF43718",11.0323,"Tipo de cambio FIX USD/MXN"
2005-05-12,"SF43718",11.0189,"Tipo de cambio FIX USD/MXN"
2005-05-13,"SF43718",11.029,"Tipo de cambio FIX USD/MXN"
2005-05-16,"SF43718",11.0376,"Tipo de cambio FIX USD/MXN"
2005-05-17,"SF43718",10.9963,"Tipo de cambio FIX USD/MXN"
2005-05-18,"SF43718",10.9668,"Tipo de cambio FIX USD/MXN"
2005-05-19,"SF43718",10.9283,"Tipo de cambio FIX USD/MXN"
2005-05-20,"SF43718",10.9715,"Tipo de cambio FIX USD/MXN"
2005-05-23,"SF43718",10.9533,"Tipo de cambio FIX USD/MXN"
2005-05-24,"SF43718",10.9801,"Tipo de cambio FIX USD/MXN"
2005-05-25,"SF43718",10.9372,"Tipo de cambio FIX USD/MXN"
2005-05-26,"SF43718",10.9645,"Tipo de cambio FIX USD/MXN"
2005-05-27,"SF43718",10.903,"Tipo de cambio FIX USD/MXN"
2005-05-30,"SF43718",10.8699,"Tipo de cambio FIX USD/MXN"
2005-05-31,"SF43718",10.916,"Tipo de cambio FIX USD/MXN"
2005-06-01,"SF43718",10.8442,"Tipo de cambio FIX USD/MXN"
2005-06-02,"SF43718",10.8144,"Tipo de cambio FIX USD/MXN"
2005-06-03,"SF43718",10.8179,"Tipo de cambio FIX USD/MXN"
2005-06-06,"SF43718",10.8792,"Tipo de cambio FIX USD/MXN"
2005-06-07,"SF43718",10.8695,"Tipo de cambio FIX USD/MXN"
2005-06-08,"SF43718",10.8494,"Tipo de cambio FIX USD/MXN"
2005-06-09,"SF43718",10.8868,"Tipo de cambio FIX USD/MXN"
2005-06-10,"SF43718",10.8648,"Tipo de cambio FIX USD/MXN"
2005-06-13,"SF43718",10.868,"Tipo de cambio FIX USD/MXN"
2005-06-14,"SF43718",10.8392,"Tipo de cambio FIX USD/MXN"
2005-06-15,"SF43718",10.8332,"Tipo de cambio FIX USD/MXN"
2005-06-16,"SF43718",10.8007,"Tipo de cambio FIX USD/MXN"
2005-06-17,"SF43718",10.7913,"Tipo de cambio FIX USD/MXN"
2005-06-20,"SF43718",10.8342,"Tipo de cambio FIX USD/MXN"
2005-06-21,"SF43718",10.7982,"Tipo de cambio FIX USD/MXN"
2005-06-22,"SF43718",10.761,"Tipo de cambio FIX USD/MXN"
2005-06-23,"SF43718",10.7897,"Tipo de cambio FIX USD/MXN"
2005-06-24,"SF43718",10.7642,"Tipo de cambio FIX USD/MXN"
2005-06-27,"SF43718",10.8127,"Tipo de cambio FIX USD/MXN"
2005-06-28,"SF43718",10.8428,"Tipo de cambio FIX USD/MXN"
2005-06-29,"SF43718",10.7645,"Tipo de cambio FIX USD/MXN"
2005-06-30,"SF43718",10.7752,"Tipo de cambio FIX USD/MXN"
2005-07-01,"SF43718",10.7327,"Tipo de cambio FIX USD/MXN"
2005-07-04,"SF43718",10.7438,"Tipo de cambio FIX USD/MXN"
2005-07-05,"SF43718",10.7555,"Tipo de cambio FIX USD/MXN"
2005-07-06,"SF43718",10.7689,"Tipo de cambio FIX USD/MXN"
2005-07-07,"SF43718",10.7997,"Tipo de cambio FIX USD/MXN"
2005-07-08,"SF43718",10.7428,"Tipo de cambio FIX USD/MXN"
2005-07-11,"SF43718",10.7045,"Tipo de cambio FIX USD/MXN"
2005-07-12,"SF43718",10.6881,"Tipo de cambio FIX USD/MXN"
2005-07-13,"SF43718",10.6898,"Tipo de cambio FIX USD/MXN"
2005-07-14,"SF43718",10.6372,"Tipo de cambio FIX USD/MXN"
2005-07-15,"SF43718",10.6312,"Tipo de cambio FIX USD/MXN"
2005-07-18,"SF43718",10.5958,"Tipo de cambio FIX USD/MXN"
2005-07-19,"SF43718",10.6227,"Tipo de cambio FIX USD/MXN"
2005-07-20,"SF43718",10.6498,"Tipo de cambio FIX USD/MXN"
2005-07-21,"SF43718",10.5942,"Tipo de cambio FIX USD/MXN"
2005-07-22,"SF43718",10.6307,"Tipo de cambio FIX USD/MXN"
2005-07-25,"SF43718",10.6683,"Tipo de cambio FIX USD/MXN"
2005-07-26,"SF43718",10.7165,"Tipo de cambio FIX USD/MXN"
2005-07-27,"SF43718",10.643,"Tipo de cambio FIX USD/MXN"
2005-07-28,"SF43718",10.6201,"Tipo de cambio FIX USD/MXN"
2005-07-29,"SF43718",10.6057,"Tipo de cambio FIX USD/MXN"
2005-08-01,"SF43718",10.5994,"Tipo de cambio FIX USD/MXN"
2005-08-02,"SF43718",10.5968,"Tipo de cambio FIX USD/MXN"
2005-08-03,"SF43718",10.6138,"Tipo de cambio FIX USD/MXN"
2005-08-04,"SF43718",10.5831,"Tipo de cambio FIX USD/MXN"
2005-08-05,"SF43718",10.5921,"Tipo de cambio FIX USD/MXN"
2005-08-08,"SF43718",10.6018,"Tipo de cambio FIX USD/MXN"
2005-08-09,"SF43718",10.6383,"Tipo de cambio FIX USD/MXN"
2005-08-10,"SF43718",10.5874,"Tipo de cambio FIX USD/MXN"
2005-08-11,"SF43718",10.5815,"Tipo de cambio FIX USD/MXN"
2005-08-12,"SF43718",10.6343,"Tipo de cambio FIX USD/MXN"
2005-08-15,"SF43718",10.604,"Tipo de cambio FIX USD/MXN"
2005-08-16,"SF43718",10.5809,"Tipo de cambio FIX USD/MXN"
2005-08-17,"SF43718",10.6088,"Tipo de cambio FIX USD/MXN"
2005-08-18,"SF43718",10.6601,"Tipo de cambio FIX USD/MXN"
2005-08-19,"SF43718",10.7753,"Tipo de cambio FIX USD/MXN"
2005-08-22,"SF43718",10.7356,"Tipo de cambio FIX USD/MXN"
2005-08-23,"SF43718",10.7742,"Tipo de cambio FIX USD/MXN"
2005-08-24,"SF43718",10.8822,"Tipo de cambio FIX USD/MXN"
2005-08-25,"SF43718",10.8153,"Tipo de cambio FIX USD/MXN"
2005-08-26,"SF43718",10.8333,"Tipo de cambio FIX USD/MXN"
2005-08-29,"SF43718",10.8936,"Tipo de cambio FIX USD/MXN"
2005-08-30,"SF43718",10.8377,"Tipo de cambio FIX USD/MXN"
2005-08-31,"SF43718",10.7995,"Tipo de cambio FIX USD/MXN"
2005-09-01,"SF43718",10.7234,"Tipo de cambio FIX USD/MXN"
2005-09-02,"SF43718",10.684,"Tipo de cambio FIX USD/MXN"
2005-09-05,"SF43718",10.6689,"Tipo de cambio FIX USD/MXN"
2005-09-06,"SF43718",10.6868,"Tipo de cambio FIX USD/MXN"
2005-09-07,"SF43718",10.7015,"Tipo de cambio FIX USD/MXN"
2005-09-08,"SF43718",10.7126,"Tipo de cambio FIX USD/MXN"
2005-09-09,"SF43718",10.708,"Tipo de cambio FIX USD/MXN"
2005-09-12,"SF43718",10.6994,"Tipo de cambio FIX USD/MXN"
2005-09-13,"SF43718",10.7456,"Tipo de cambio FIX USD/MXN"
2005-09-14,"SF43718",10.8355,"Tipo de cambio FIX USD/MXN"
2005-09-15,"SF43718",10.807,"Tipo de cambio FIX USD/MXN"
2005-09-19,"SF43718",10.8558,"Tipo de cambio FIX USD/MXN"
2005-09-20,"SF43718",10.8232,"Tipo de cambio FIX USD/MXN"
2005-09-21,"SF43718",10.7798,"Tipo de cambio FIX USD/MXN"
2005-09-22,"SF43718",10.8341,"Tipo de cambio FIX USD/MXN"
2005-09-23,"SF43718",10.8475,"Tipo de cambio FIX USD/MXN"
2005-09-26,"SF43718",10.876,"Tipo de cambio FIX USD/MXN"
2005-09-27,"SF43718",10.886,"Tipo de cambio FIX USD/MXN"
2005-09-28,"SF43718",10.8495,"Tipo de cambio FIX USD/MXN"
2005-09-29,"SF43718",10.8131,"Tipo de cambio FIX USD/MXN"
2005-09-30,"SF43718",10.7907,"Tipo de cambio FIX USD/MXN"
2005-10-03,"SF43718",10.7683,"Tipo de cambio FIX USD/MXN"
2005-10-04,"SF43718",10.6857,"Tipo de cambio FIX USD/MXN"
2005-10-05,"SF43718",10.7115,"Tipo de cambio FIX USD/MXN"
2005-10-06,"SF43718",10.7687,"Tipo de cambio FIX USD/MXN"
2005-10-07,"SF43718",10.794,"Tipo de cambio FIX USD/MXN"
2005-10-10,"SF43718",10.7965,"Tipo de cambio FIX USD/MXN"
2005-10-11,"SF43718",10.8007,"Tipo de cambio FIX USD/MXN"
2005-10-12,"SF43718",10.8842,"Tipo de cambio FIX USD/MXN"
2005-10-13,"SF43718",10.9408,"Tipo de cambio FIX USD/MXN"
2005-10-14,"SF43718",10.9164,"Tipo de cambio FIX USD/MXN"
2005-10-17,"SF43718",10.8462,"Tipo de cambio FIX USD/MXN"
2005-10-18,"SF43718",10.8307,"Tipo de cambio FIX USD/MXN"
2005-10-19,"SF43718",10.8752,"Tipo de cambio FIX USD/MXN"
2005-10-20,"SF43718",10.8393,"Tipo de cambio FIX USD/MXN"
2005-10-21,"SF43718",10.8948,"Tipo de cambio FIX USD/MXN"
2005-10-24,"SF43718",10.856,"Tipo de cambio FIX USD/MXN"
2005-10-25,"SF43718",10.8417,"Tipo de cambio FIX USD/MXN"
2005-10-26,"SF43718",10.891,"Tipo de cambio FIX USD/MXN"
2005-10-27,"SF43718",10.9092,"Tipo de cambio FIX USD/MXN"
2005-10-28,"SF43718",10.8447,"Tipo de cambio FIX USD/MXN"
2005-10-31,"SF43718",10.7857,"Tipo de cambio FIX USD/MXN"
2005-11-01,"SF43718",10.7647,"Tipo de cambio FIX USD/MXN"
2005-11-02,"SF43718",10.7613,"Tipo de cambio FIX USD/MXN"
2005-11-03,"SF43718",10.7218,"Tipo de cambio FIX USD/MXN"
2005-11-04,"SF43718",10.7495,"Tipo de cambio FIX USD/MXN"
2005-11-07,"SF43718",10.7072,"Tipo de cambio FIX USD/MXN"
2005-11-08,"SF43718",10.7282,"Tipo de cambio FIX USD/MXN"
2005-11-09,"SF43718",10.7104,"Tipo de cambio FIX USD/MXN"
2005-11-10,"SF43718",10.714,"Tipo de cambio FIX USD/MXN"
2005-11-11,"SF43718",10.6833,"Tipo de cambio FIX USD/MXN"
2005-11-14,"SF43718",10.6897,"Tipo de cambio FIX USD/MXN"
2005-11-15,"SF43718",10.6505,"Tipo de cambio FIX USD/MXN"
2005-11-16,"SF43718",10.635,"Tipo de cambio FIX USD/MXN"
2005-11-17,"SF43718",10.676,"Tipo de cambio FIX USD/MXN"
2005-11-18,"SF43718",10.6543,"Tipo de cambio FIX USD/MXN"
2005-11-21,"SF43718",10.6425,"Tipo de cambio FIX USD/MXN"
2005-11-22,"SF43718",10.6678,"Tipo de cambio FIX USD/MXN"
2005-11-23,"SF43718",10.618,"Tipo de cambio FIX USD/MXN"
2005-11-24,"SF43718",10.6083,"Tipo de cambio FIX USD/MXN"
2005-11-25,"SF43718",10.607,"Tipo de cambio FIX USD/MXN"
2005-11-28,"SF43718",10.567,"Tipo de cambio FIX USD/MXN"
2005-11-29,"SF43718",10.5702,"Tipo de cambio FIX USD/MXN"
2005-11-30,"SF43718",10.5793,"Tipo de cambio FIX USD/MXN"
2005-12-01,"SF43718",10.5247,"Tipo de cambio FIX USD/MXN"
2005-12-02,"SF43718",10.4558,"Tipo de cambio FIX USD/MXN"
2005-12-05,"SF43718",10.4741,"Tipo de cambio FIX USD/MXN"
2005-12-06,"SF43718",10.4097,"Tipo de cambio FIX USD/MXN"
2005-12-07,"SF43718",10.44,"Tipo de cambio FIX USD/MXN"
2005-12-08,"SF43718",10.502,"Tipo de cambio FIX USD/MXN"
2005-12-09,"SF43718",10.624,"Tipo de cambio FIX USD/MXN"
2005-12-13,"SF43718",10.6368,"Tipo de cambio FIX USD/MXN"
2005-12-14,"SF43718",10.6931,"Tipo de cambio FIX USD/MXN"
2005-12-15,"SF43718",10.7378,"Tipo de cambio FIX USD/MXN"
2005-12-16,"SF43718",10.7567,"Tipo de cambio FIX USD/MXN"
2005-12-19,"SF43718",10.7283,"Tipo de cambio FIX USD/MXN"
2005-12-20,"SF43718",10.6997,"Tipo de cambio FIX USD/MXN"
2005-12-21,"SF43718",10.6457,"Tipo de cambio FIX USD/MXN"
2005-12-22,"SF43718",10.6532,"Tipo de cambio FIX USD/MXN"
2005-12-23,"SF43718",10.6845,"Tipo de cambio FIX USD/MXN"
2005-12-26,"SF43718",10.6932,"Tipo de cambio FIX USD/MXN"
2005-12-27,"SF43718",10.7362,"Tipo de cambio FIX USD/MXN"
2005-12-28,"SF43718",10.7777,"Tipo de cambio FIX USD/MXN"
2005-12-29,"SF43718",10.7109,"Tipo de cambio FIX USD/MXN"
2005-12-30,"SF43718",10.6344,"Tipo de cambio FIX USD/MXN"
2006-01-02,"SF43718",10.6253,"Tipo de cambio FIX USD/MXN"
2006-01-03,"SF43718",10.6455,"Tipo de cambio FIX USD/MXN"
2006-01-04,"SF43718",10.5815,"Tipo de cambio FIX USD/MXN"
2006-01-05,"SF43718",10.5907,"Tipo de cambio FIX USD/MXN"
2006-01-06,"SF43718",10.5726,"Tipo de cambio FIX USD/MXN"
2006-01-09,"SF43718",10.5446,"Tipo de cambio FIX USD/MXN"
2006-01-10,"SF43718",10.599,"Tipo de cambio FIX USD/MXN"
2006-01-11,"SF43718",10.6097,"Tipo de cambio FIX USD/MXN"
2006-01-12,"SF43718",10.5732,"Tipo de cambio FIX USD/MXN"
2006-01-13,"SF43718",10.5752,"Tipo de cambio FIX USD/MXN"
2006-01-16,"SF43718",10.559,"Tipo de cambio FIX USD/MXN"
2006-01-17,"SF43718",10.5372,"Tipo de cambio FIX USD/MXN"
2006-01-18,"SF43718",10.5778,"Tipo de cambio FIX USD/MXN"
2006-01-19,"SF43718",10.5589,"Tipo de cambio FIX USD/MXN"
2006-01-20,"SF43718",10.5078,"Tipo de cambio FIX USD/MXN"
2006-01-23,"SF43718",10.5208,"Tipo de cambio FIX USD/MXN"
2006-01-24,"SF43718",10.5063,"Tipo de cambio FIX USD/MXN"
2006-01-25,"SF43718",10.5004,"Tipo de cambio FIX USD/MXN"
2006-01-26,"SF43718",10.5039,"Tipo de cambio FIX USD/MXN"
2006-01-27,"SF43718",10.4598,"Tipo de cambio FIX USD/MXN"
2006-01-30,"SF43718",10.4416,"Tipo de cambio FIX USD/MXN"
2006-01-31,"SF43718",10.4433,"Tipo de cambio FIX USD/MXN"
2006-02-01,"SF43718",10.4303,"Tipo de cambio FIX USD/MXN"
2006-02-02,"SF43718",10.4805,"Tipo de cambio FIX USD/MXN"
2006-02-03,"SF43718",10.4981,"Tipo de cambio FIX USD/MXN"
2006-02-07,"SF43718",10.4758,"Tipo de cambio FIX USD/MXN"
2006-02-08,"SF43718",10.5277,"Tipo de cambio FIX USD/MXN"
2006-02-09,"SF43718",10.4803,"Tipo de cambio FIX USD/MXN"
2006-02-10,"SF43718",10.487,"Tipo de cambio FIX USD/MXN"
2006-02-13,"SF43718",10.5258,"Tipo de cambio FIX USD/MXN"
2006-02-14,"SF43718",10.5249,"Tipo de cambio FIX USD/MXN"
2006-02-15,"SF43718",10.517,"Tipo de cambio FIX USD/MXN"
2006-02-16,"SF43718",10.5175,"Tipo de cambio FIX USD/MXN"
2006-02-17,"SF43718",10.4528,"Tipo de cambio FIX USD/MXN"
2006-02-20,"SF43718",10.4401,"Tipo de cambio FIX USD/MXN"
2006-02-21,"SF43718",10.4388,"Tipo de cambio FIX USD/MXN"
2006-02-22,"SF43718",10.499,"Tipo de cambio FIX USD/MXN"
2006-02-23,"SF43718",10.4885,"Tipo de cambio FIX USD/MXN"
2006-02-24,"SF43718",10.4761,"Tipo de cambio FIX USD/MXN"
2006-02-27,"SF43718",10.4661,"Tipo de cambio FIX USD/MXN"
2006-02-28,"SF43718",10.456,"Tipo de cambio FIX USD/MXN"
2006-03-01,"SF43718",10.4673,"Tipo de cambio FIX USD/MXN"
2006-03-02,"SF43718",10.5113,"Tipo de cambio FIX USD/MXN"
2006-03-03,"SF43718",10.5759,"Tipo de cambio FIX USD/MXN"
2006-03-06,"SF43718",10.6118,"Tipo de cambio FIX USD/MXN"
2006-03-07,"SF43718",10.7003,"Tipo de cambio FIX USD/MXN"
2006-03-08,"SF43718",10.756,"Tipo de cambio FIX USD/MXN"
2006-03-09,"SF43718",10.7094,"Tipo de cambio FIX USD/MXN"
2006-03-10,"SF43718",10.7125,"Tipo de cambio FIX USD/MXN"
2006-03-13,"SF43718",10.7126,"Tipo de cambio FIX USD/MXN"
2006-03-14,"SF43718",10.6942,"Tipo de cambio FIX USD/MXN"
2006-03-15,"SF43718",10.6667,"Tipo de cambio FIX USD/MXN"
2006-03-16,"SF43718",10.6212,"Tipo de cambio FIX USD/MXN"
2006-03-17,"SF43718",10.6885,"Tipo de cambio FIX USD/MXN"
2006-03-20,"SF43718",10.7568,"Tipo de cambio FIX USD/MXN"
2006-03-22,"SF43718",10.8628,"Tipo de cambio FIX USD/MXN"
2006-03-23,"SF43718",10.8612,"Tipo de cambio FIX USD/MXN"
2006-03-24,"SF43718",10.8568,"Tipo de cambio FIX USD/MXN"
2006-03-27,"SF43718",10.9329,"Tipo de cambio FIX USD/MXN"
2006-03-28,"SF43718",10.9633,"Tipo de cambio FIX USD/MXN"
2006-03-29,"SF43718",10.951,"Tipo de cambio FIX USD/MXN"
2006-03-30,"SF43718",10.9228,"Tipo de cambio FIX USD/MXN"
2006-03-31,"SF43718",10.8935,"Tipo de cambio FIX USD/MXN"
2006-04-03,"SF43718",10.8717,"Tipo de cambio FIX USD/MXN"
2006-04-04,"SF43718",10.8548,"Tipo de cambio FIX USD/MXN"
2006-04-05,"SF43718",10.9467,"Tipo de cambio FIX USD/MXN"
2006-04-06,"SF43718",11.0557,"Tipo de cambio FIX USD/MXN"
2006-04-07,"SF43718",11.1443,"Tipo de cambio FIX USD/MXN"
2006-04-10,"SF43718",11.0956,"Tipo de cambio FIX USD/MXN"
2006-04-11,"SF43718",11.0708,"Tipo de cambio FIX USD/MXN"
2006-04-12,"SF43718",11.0477,"Tipo de cambio FIX USD/MXN"
2006-04-17,"SF43718",11.0842,"Tipo de cambio FIX USD/MXN"
2006-04-18,"SF43718",11.0011,"Tipo de cambio FIX USD/MXN"
2006-04-19,"SF43718",10.9773,"Tipo de cambio FIX USD/MXN"
2006-04-20,"SF43718",11.0302,"Tipo de cambio FIX USD/MXN"
2006-04-21,"SF43718",11.0667,"Tipo de cambio FIX USD/MXN"
2006-04-24,"SF43718",11.0656,"Tipo de cambio FIX USD/MXN"
2006-04-25,"SF43718",11.0842,"Tipo de cambio FIX USD/MXN"
2006-04-26,"SF43718",11.1578,"Tipo de cambio FIX USD/MXN"
2006-04-27,"SF43718",11.1135,"Tipo de cambio FIX USD/MXN"
2006-04-28,"SF43718",11.0903,"Tipo de cambio FIX USD/MXN"
2006-05-02,"SF43718",11.0323,"Tipo de cambio FIX USD/MXN"
2006-05-03,"SF43718",10.9608,"Tipo de cambio FIX USD/MXN"
2006-05-04,"SF43718",10.9694,"Tipo de cambio FIX USD/MXN"
2006-05-05,"SF43718",10.9587,"Tipo de cambio FIX USD/MXN"
2006-05-08,"SF43718",10.9381,"Tipo de cambio FIX USD/MXN"
2006-05-09,"SF43718",10.9258,"Tipo de cambio FIX USD/MXN"
2006-05-10,"SF43718",10.8425,"Tipo de cambio FIX USD/MXN"
2006-05-11,"SF43718",10.8381,"Tipo de cambio FIX USD/MXN"
2006-05-12,"SF43718",11.0325,"Tipo de cambio FIX USD/MXN"
2006-05-15,"SF43718",11.1532,"Tipo de cambio FIX USD/MXN"
2006-05-16,"SF43718",11.0518,"Tipo de cambio FIX USD/MXN"
2006-05-17,"SF43718",11.133,"Tipo de cambio FIX USD/MXN"
2006-05-18,"SF43718",11.2005,"Tipo de cambio FIX USD/MXN"
2006-05-19,"SF43718",11.1915,"Tipo de cambio FIX USD/MXN"
2006-05-22,"SF43718",11.2799,"Tipo de cambio FIX USD/MXN"
2006-05-23,"SF43718",11.1935,"Tipo de cambio FIX USD/MXN"
2006-05-24,"SF43718",11.2854,"Tipo de cambio FIX USD/MXN"
2006-05-25,"SF43718",11.2097,"Tipo de cambio FIX USD/MXN"
2006-05-26,"SF43718",11.1373,"Tipo de cambio FIX USD/MXN"
2006-05-29,"SF43718",11.1303,"Tipo de cambio FIX USD/MXN"
2006-05-30,"SF43718",11.2693,"Tipo de cambio FIX USD/MXN"
2006-05-31,"SF43718",11.2966,"Tipo de cambio FIX USD/MXN"
2006-06-01,"SF43718",11.2843,"Tipo de cambio FIX USD/MXN"
2006-06-02,"SF43718",11.297,"Tipo de cambio FIX USD/MXN"
2006-06-05,"SF43718",11.2854,"Tipo de cambio FIX USD/MXN"
2006-06-06,"SF43718",11.3667,"Tipo de cambio FIX USD/MXN"
2006-06-07,"SF43718",11.325,"Tipo de cambio FIX USD/MXN"
2006-06-08,"SF43718",11.419,"Tipo de cambio FIX USD/MXN"
2006-06-09,"SF43718",11.3777,"Tipo de cambio FIX USD/MXN"
2006-06-12,"SF43718",11.3827,"Tipo de cambio FIX USD/MXN"
2006-06-13,"SF43718",11.4327,"Tipo de cambio FIX USD/MXN"
2006-06-14,"SF43718",11.4527,"Tipo de cambio FIX USD/MXN"
2006-06-15,"SF43718",11.4113,"Tipo de cambio FIX USD/MXN"
2006-06-16,"SF43718",11.414,"Tipo de cambio FIX USD/MXN"
2006-06-19,"SF43718",11.4459,"Tipo de cambio FIX USD/MXN"
2006-06-20,"SF43718",11.4809,"Tipo de cambio FIX USD/MXN"
2006-06-21,"SF43718",11.4441,"Tipo de cambio FIX USD/MXN"
2006-06-22,"SF43718",11.4405,"Tipo de cambio FIX USD/MXN"
2006-06-23,"SF43718",11.4382,"Tipo de cambio FIX USD/MXN"
2006-06-26,"SF43718",11.409,"Tipo de cambio FIX USD/MXN"
2006-06-27,"SF43718",11.4302,"Tipo de cambio FIX USD/MXN"
2006-06-28,"SF43718",11.3973,"Tipo de cambio FIX USD/MXN"
2006-06-29,"SF43718",11.4009,"Tipo de cambio FIX USD/MXN"
2006-06-30,"SF43718",11.2723,"Tipo de cambio FIX USD/MXN"
2006-07-03,"SF43718",11.1302,"Tipo de cambio FIX USD/MXN"
2006-07-04,"SF43718",11.0642,"Tipo de cambio FIX USD/MXN"
2006-07-05,"SF43718",11.1901,"Tipo de cambio FIX USD/MXN"
2006-07-06,"SF43718",11.1061,"Tipo de cambio FIX USD/MXN"
2006-07-07,"SF43718",11.0243,"Tipo de cambio FIX USD/MXN"
2006-07-10,"SF43718",10.9547,"Tipo de cambio FIX USD/MXN"
2006-07-11,"SF43718",11.0095,"Tipo de cambio FIX USD/MXN"
2006-07-12,"SF43718",11.0303,"Tipo de cambio FIX USD/MXN"
2006-07-13,"SF43718",11.0523,"Tipo de cambio FIX USD/MXN"
2006-07-14,"SF43718",11.0275,"Tipo de cambio FIX USD/MXN"
2006-07-17,"SF43718",10.9914,"Tipo de cambio FIX USD/MXN"
2006-07-18,"SF43718",10.9618,"Tipo de cambio FIX USD/MXN"
2006-07-19,"SF43718",10.9045,"Tipo de cambio FIX USD/MXN"
2006-07-20,"SF43718",10.8708,"Tipo de cambio FIX USD/MXN"
2006-07-21,"SF43718",10.8954,"Tipo de cambio FIX USD/MXN"
2006-07-24,"SF43718",10.9303,"Tipo de cambio FIX USD/MXN"
2006-07-25,"SF43718",10.9148,"Tipo de cambio FIX USD/MXN"
2006-07-26,"SF43718",10.9337,"Tipo de cambio FIX USD/MXN"
2006-07-27,"SF43718",10.8968,"Tipo de cambio FIX USD/MXN"
2006-07-28,"SF43718",10.8947,"Tipo de cambio FIX USD/MXN"
2006-07-31,"SF43718",10.9181,"Tipo de cambio FIX USD/MXN"
2006-08-01,"SF43718",11.0203,"Tipo de cambio FIX USD/MXN"
2006-08-02,"SF43718",10.9537,"Tipo de cambio FIX USD/MXN"
2006-08-03,"SF43718",10.9802,"Tipo de cambio FIX USD/MXN"
2006-08-04,"SF43718",10.8908,"Tipo de cambio FIX USD/MXN"
2006-08-07,"SF43718",10.8838,"Tipo de cambio FIX USD/MXN"
2006-08-08,"SF43718",10.9113,"Tipo de cambio FIX USD/MXN"
2006-08-09,"SF43718",10.8386,"Tipo de cambio FIX USD/MXN"
2006-08-10,"SF43718",10.8808,"Tipo de cambio FIX USD/MXN"
2006-08-11,"SF43718",10.8147,"Tipo de cambio FIX USD/MXN"
2006-08-14,"SF43718",10.8028,"Tipo de cambio FIX USD/MXN"
2006-08-15,"SF43718",10.825,"Tipo de cambio FIX USD/MXN"
2006-08-16,"SF43718",10.75,"Tipo de cambio FIX USD/MXN"
2006-08-17,"SF43718",10.748,"Tipo de cambio FIX USD/MXN"
2006-08-18,"SF43718",10.8217,"Tipo de cambio FIX USD/MXN"
2006-08-21,"SF43718",10.8038,"Tipo de cambio FIX USD/MXN"
2006-08-22,"SF43718",10.804,"Tipo de cambio FIX USD/MXN"
2006-08-23,"SF43718",10.8428,"Tipo de cambio FIX USD/MXN"
2006-08-24,"SF43718",10.922,"Tipo de cambio FIX USD/MXN"
2006-08-25,"SF43718",10.9528,"Tipo de cambio FIX USD/MXN"
2006-08-28,"SF43718",10.9347,"Tipo de cambio FIX USD/MXN"
2006-08-29,"SF43718",10.9047,"Tipo de cambio FIX USD/MXN"
2006-08-30,"SF43718",10.865,"Tipo de cambio FIX USD/MXN"
2006-08-31,"SF43718",10.9037,"Tipo de cambio FIX USD/MXN"
2006-09-01,"SF43718",10.8952,"Tipo de cambio FIX USD/MXN"
2006-09-04,"SF43718",10.8476,"Tipo de cambio FIX USD/MXN"
2006-09-05,"SF43718",10.8438,"Tipo de cambio FIX USD/MXN"
2006-09-06,"SF43718",10.938,"Tipo de cambio FIX USD/MXN"
2006-09-07,"SF43718",11.0196,"Tipo de cambio FIX USD/MXN"
2006-09-08,"SF43718",11.0271,"Tipo de cambio FIX USD/MXN"
2006-09-11,"SF43718",11.0705,"Tipo de cambio FIX USD/MXN"
2006-09-12,"SF43718",11.0361,"Tipo de cambio FIX USD/MXN"
2006-09-13,"SF43718",11.0117,"Tipo de cambio FIX USD/MXN"
2006-09-14,"SF43718",10.9818,"Tipo de cambio FIX USD/MXN"
2006-09-15,"SF43718",10.9468,"Tipo de cambio FIX USD/MXN"
2006-09-18,"SF43718",10.9273,"Tipo de cambio FIX USD/MXN"
2006-09-19,"SF43718",10.9227,"Tipo de cambio FIX USD/MXN"
2006-09-20,"SF43718",10.9346,"Tipo de cambio FIX USD/MXN"
2006-09-21,"SF43718",10.9953,"Tipo de cambio FIX USD/MXN"
2006-09-22,"SF43718",11.0877,"Tipo de cambio FIX USD/MXN"
2006-09-25,"SF43718",11.105,"Tipo de cambio FIX USD/MXN"
2006-09-26,"SF43718",11.0418,"Tipo de cambio FIX USD/MXN"
2006-09-27,"SF43718",11.0152,"Tipo de cambio FIX USD/MXN"
2006-09-28,"SF43718",11.0502,"Tipo de cambio FIX USD/MXN"
2006-09-29,"SF43718",10.9935,"Tipo de cambio FIX USD/MXN"
2006-10-02,"SF43718",10.9733,"Tipo de cambio FIX USD/MXN"
2006-10-03,"SF43718",11.0404,"Tipo de cambio FIX USD/MXN"
2006-10-04,"SF43718",11.0533,"Tipo de cambio FIX USD/MXN"
2006-10-05,"SF43718",11.0185,"Tipo de cambio FIX USD/MXN"
2006-10-06,"SF43718",11.0624,"Tipo de cambio FIX USD/MXN"
2006-10-09,"SF43718",11.0842,"Tipo de cambio FIX USD/MXN"
2006-10-10,"SF43718",11.0597,"Tipo de cambio FIX USD/MXN"
2006-10-11,"SF43718",11.0248,"Tipo de cambio FIX USD/MXN"
2006-10-12,"SF43718",10.9406,"Tipo de cambio FIX USD/MXN"
2006-10-13,"SF43718",10.8765,"Tipo de cambio FIX USD/MXN"
2006-10-16,"SF43718",10.8364,"Tipo de cambio FIX USD/MXN"
2006-10-17,"SF43718",10.8703,"Tipo de cambio FIX USD/MXN"
2006-10-18,"SF43718",10.8257,"Tipo de cambio FIX USD/MXN"
2006-10-19,"SF43718",10.806,"Tipo de cambio FIX USD/MXN"
2006-10-20,"SF43718",10.8169,"Tipo de cambio FIX USD/MXN"
2006-10-23,"SF43718",10.8489,"Tipo de cambio FIX USD/MXN"
2006-10-24,"SF43718",10.8289,"Tipo de cambio FIX USD/MXN"
2006-10-25,"SF43718",10.7918,"Tipo de cambio FIX USD/MXN"
2006-10-26,"SF43718",10.7313,"Tipo de cambio FIX USD/MXN"
2006-10-27,"SF43718",10.7093,"Tipo de cambio FIX USD/MXN"
2006-10-30,"SF43718",10.774,"Tipo de cambio FIX USD/MXN"
2006-10-31,"SF43718",10.764,"Tipo de cambio FIX USD/MXN"
2006-11-01,"SF43718",10.7449,"Tipo de cambio FIX USD/MXN"
2006-11-03,"SF43718",10.7948,"Tipo de cambio FIX USD/MXN"
2006-11-06,"SF43718",10.8344,"Tipo de cambio FIX USD/MXN"
2006-11-07,"SF43718",10.82,"Tipo de cambio FIX USD/MXN"
2006-11-08,"SF43718",10.8598,"Tipo de cambio FIX USD/MXN"
2006-11-09,"SF43718",10.8632,"Tipo de cambio FIX USD/MXN"
2006-11-10,"SF43718",10.9158,"Tipo de cambio FIX USD/MXN"
2006-11-13,"SF43718",10.9263,"Tipo de cambio FIX USD/MXN"
2006-11-14,"SF43718",10.8675,"Tipo de cambio FIX USD/MXN"
2006-11-15,"SF43718",10.8595,"Tipo de cambio FIX USD/MXN"
2006-11-16,"SF43718",10.8527,"Tipo de cambio FIX USD/MXN"
2006-11-17,"SF43718",10.9524,"Tipo de cambio FIX USD/MXN"
2006-11-21,"SF43718",11.0021,"Tipo de cambio FIX USD/MXN"
2006-11-22,"SF43718",10.9756,"Tipo de cambio FIX USD/MXN"
2006-11-23,"SF43718",10.9682,"Tipo de cambio FIX USD/MXN"
2006-11-24,"SF43718",11.0242,"Tipo de cambio FIX USD/MXN"
2006-11-27,"SF43718",11.052,"Tipo de cambio FIX USD/MXN"
2006-11-28,"SF43718",11.0454,"Tipo de cambio FIX USD/MXN"
2006-11-29,"SF43718",10.9983,"Tipo de cambio FIX USD/MXN"
2006-11-30,"SF43718",10.9975,"Tipo de cambio FIX USD/MXN"
2006-12-04,"SF43718",10.9595,"Tipo de cambio FIX USD/MXN"
2006-12-05,"SF43718",10.894,"Tipo de cambio FIX USD/MXN"
2006-12-06,"SF43718",10.862,"Tipo de cambio FIX USD/MXN"
2006-12-07,"SF43718",10.8558,"Tipo de cambio FIX USD/MXN"
2006-12-08,"SF43718",10.8606,"Tipo de cambio FIX USD/MXN"
2006-12-11,"SF43718",10.8375,"Tipo de cambio FIX USD/MXN"
2006-12-13,"SF43718",10.8255,"Tipo de cambio FIX USD/MXN"
2006-12-14,"SF43718",10.7922,"Tipo de cambio FIX USD/MXN"
2006-12-15,"SF43718",10.774,"Tipo de cambio FIX USD/MXN"
2006-12-18,"SF43718",10.8002,"Tipo de cambio FIX USD/MXN"
2006-12-19,"SF43718",10.8492,"Tipo de cambio FIX USD/MXN"
2006-12-20,"SF43718",10.8075,"Tipo de cambio FIX USD/MXN"
2006-12-21,"SF43718",10.8411,"Tipo de cambio FIX USD/MXN"
2006-12-22,"SF43718",10.8597,"Tipo de cambio FIX USD/MXN"
2006-12-26,"SF43718",10.8747,"Tipo de cambio FIX USD/MXN"
2006-12-27,"SF43718",10.881,"Tipo de cambio FIX USD/MXN"
2006-12-28,"SF43718",10.8755,"Tipo de cambio FIX USD/MXN"
2006-12-29,"SF43718",10.8116,"Tipo de cambio FIX USD/MXN"
2007-01-02,"SF43718",10.7815,"Tipo de cambio FIX USD/MXN"
2007-01-03,"SF43718",10.7708,"Tipo de cambio FIX USD/MXN"
2007-01-04,"SF43718",10.865,"Tipo de cambio FIX USD/MXN"
2007-01-05,"SF43718",10.9355,"Tipo de cambio FIX USD/MXN"
2007-01-08,"SF43718",10.9705,"Tipo de cambio FIX USD/MXN"
2007-01-09,"SF43718",11.0091,"Tipo de cambio FIX USD/MXN"
2007-01-10,"SF43718",11.0333,"Tipo de cambio FIX USD/MXN"
2007-01-11,"SF43718",10.965,"Tipo de cambio FIX USD/MXN"
2007-01-12,"SF43718",10.9765,"Tipo de cambio FIX USD/MXN"
2007-01-15,"SF43718",10.9419,"Tipo de cambio FIX USD/MXN"
2007-01-16,"SF43718",10.986,"Tipo de cambio FIX USD/MXN"
2007-01-17,"SF43718",10.9234,"Tipo de cambio FIX USD/MXN"
2007-01-18,"SF43718",10.9232,"Tipo de cambio FIX USD/MXN"
2007-01-19,"SF43718",10.8824,"Tipo de cambio FIX USD/MXN"
2007-01-22,"SF43718",10.8918,"Tipo de cambio FIX USD/MXN"
2007-01-23,"SF43718",10.9645,"Tipo de cambio FIX USD/MXN"
2007-01-24,"SF43718",10.9486,"Tipo de cambio FIX USD/MXN"
2007-01-25,"SF43718",10.9753,"Tipo de cambio FIX USD/MXN"
2007-01-26,"SF43718",11.0402,"Tipo de cambio FIX USD/MXN"
2007-01-29,"SF43718",11.0855,"Tipo de cambio FIX USD/MXN"
2007-01-30,"SF43718",11.0548,"Tipo de cambio FIX USD/MXN"
2007-01-31,"SF43718",11.0382,"Tipo de cambio FIX USD/MXN"
2007-02-01,"SF43718",10.982,"Tipo de cambio FIX USD/MXN"
2007-02-02,"SF43718",10.9921,"Tipo de cambio FIX USD/MXN"
2007-02-06,"SF43718",10.9192,"Tipo de cambio FIX USD/MXN"
2007-02-07,"SF43718",10.937,"Tipo de cambio FIX USD/MXN"
2007-02-08,"SF43718",10.9683,"Tipo de cambio FIX USD/MXN"
2007-02-09,"SF43718",10.9601,"Tipo de cambio FIX USD/MXN"
2007-02-12,"SF43718",11.0227,"Tipo de cambio FIX USD/MXN"
2007-02-13,"SF43718",10.9915,"Tipo de cambio FIX USD/MXN"
2007-02-14,"SF43718",10.9152,"Tipo de cambio FIX USD/MXN"
2007-02-15,"SF43718",10.9522,"Tipo de cambio FIX USD/MXN"
2007-02-16,"SF43718",10.9958,"Tipo de cambio FIX USD/MXN"
2007-02-19,"SF43718",10.9778,"Tipo de cambio FIX USD/MXN"
2007-02-20,"SF43718",10.9755,"Tipo de cambio FIX USD/MXN"
2007-02-21,"SF43718",11.0023,"Tipo de cambio FIX USD/MXN"
2007-02-22,"SF43718",10.9683,"Tipo de cambio FIX USD/MXN"
2007-02-23,"SF43718",11.0397,"Tipo de cambio FIX USD/MXN"
2007-02-26,"SF43718",11.079,"Tipo de cambio FIX USD/MXN"
2007-02-27,"SF43718",11.1493,"Tipo de cambio FIX USD/MXN"
2007-02-28,"SF43718",11.1682,"Tipo de cambio FIX USD/MXN"
2007-03-01,"SF43718",11.1917,"Tipo de cambio FIX USD/MXN"
2007-03-02,"SF43718",11.1817,"Tipo de cambio FIX USD/MXN"
2007-03-05,"SF43718",11.1762,"Tipo de cambio FIX USD/MXN"
2007-03-06,"SF43718",11.1473,"Tipo de cambio FIX USD/MXN"
2007-03-07,"SF43718",11.1555,"Tipo de cambio FIX USD/MXN"
2007-03-08,"SF43718",11.1426,"Tipo de cambio FIX USD/MXN"
2007-03-09,"SF43718",11.1205,"Tipo de cambio FIX USD/MXN"
2007-03-12,"SF43718",11.1483,"Tipo de cambio FIX USD/MXN"
2007-03-13,"SF43718",11.1727,"Tipo de cambio FIX USD/MXN"
2007-03-14,"SF43718",11.1867,"Tipo de cambio FIX USD/MXN"
2007-03-15,"SF43718",11.1348,"Tipo de cambio FIX USD/MXN"
2007-03-16,"SF43718",11.1664,"Tipo de cambio FIX USD/MXN"
2007-03-20,"SF43718",11.112,"Tipo de cambio FIX USD/MXN"
2007-03-21,"SF43718",11.0796,"Tipo de cambio FIX USD/MXN"
2007-03-22,"SF43718",11.022,"Tipo de cambio FIX USD/MXN"
2007-03-23,"SF43718",11.0166,"Tipo de cambio FIX USD/MXN"
2007-03-26,"SF43718",11.0253,"Tipo de cambio FIX USD/MXN"
2007-03-27,"SF43718",11.047,"Tipo de cambio FIX USD/MXN"
2007-03-28,"SF43718",11.0813,"Tipo de cambio FIX USD/MXN"
2007-03-29,"SF43718",11.0507,"Tipo de cambio FIX USD/MXN"
2007-03-30,"SF43718",11.0322,"Tipo de cambio FIX USD/MXN"
2007-04-02,"SF43718",11.0336,"Tipo de cambio FIX USD/MXN"
2007-04-03,"SF43718",10.9797,"Tipo de cambio FIX USD/MXN"
2007-04-04,"SF43718",10.9976,"Tipo de cambio FIX USD/MXN"
2007-04-09,"SF43718",10.9705,"Tipo de cambio FIX USD/MXN"
2007-04-10,"SF43718",11.0126,"Tipo de cambio FIX USD/MXN"
2007-04-11,"SF43718",10.984,"Tipo de cambio FIX USD/MXN"
2007-04-12,"SF43718",11.0135,"Tipo de cambio FIX USD/MXN"
2007-04-13,"SF43718",10.9917,"Tipo de cambio FIX USD/MXN"
2007-04-16,"SF43718",10.9856,"Tipo de cambio FIX USD/MXN"
2007-04-17,"SF43718",10.9911,"Tipo de cambio FIX USD/MXN"
2007-04-18,"SF43718",10.992,"Tipo de cambio FIX USD/MXN"
2007-04-19,"SF43718",11.0048,"Tipo de cambio FIX USD/MXN"
2007-04-20,"SF43718",10.979,"Tipo de cambio FIX USD/MXN"
2007-04-23,"SF43718",10.9637,"Tipo de cambio FIX USD/MXN"
2007-04-24,"SF43718",11.0053,"Tipo de cambio FIX USD/MXN"
2007-04-25,"SF43718",10.9369,"Tipo de cambio FIX USD/MXN"
2007-04-26,"SF43718",10.9312,"Tipo de cambio FIX USD/MXN"
2007-04-27,"SF43718",10.9305,"Tipo de cambio FIX USD/MXN"
2007-04-30,"SF43718",10.9278,"Tipo de cambio FIX USD/MXN"
2007-05-02,"SF43718",10.9262,"Tipo de cambio FIX USD/MXN"
2007-05-03,"SF43718",10.902,"Tipo de cambio FIX USD/MXN"
2007-05-04,"SF43718",10.8852,"Tipo de cambio FIX USD/MXN"
2007-05-07,"SF43718",10.8558,"Tipo de cambio FIX USD/MXN"
2007-05-08,"SF43718",10.8513,"Tipo de cambio FIX USD/MXN"
2007-05-09,"SF43718",10.8269,"Tipo de cambio FIX USD/MXN"
2007-05-10,"SF43718",10.8178,"Tipo de cambio FIX USD/MXN"
2007-05-11,"SF43718",10.8148,"Tipo de cambio FIX USD/MXN"
2007-05-14,"SF43718",10.7987,"Tipo de cambio FIX USD/MXN"
2007-05-15,"SF43718",10.8032,"Tipo de cambio FIX USD/MXN"
2007-05-16,"SF43718",10.7905,"Tipo de cambio FIX USD/MXN"
2007-05-17,"SF43718",10.8033,"Tipo de cambio FIX USD/MXN"
2007-05-18,"SF43718",10.8223,"Tipo de cambio FIX USD/MXN"
2007-05-21,"SF43718",10.7963,"Tipo de cambio FIX USD/MXN"
2007-05-22,"SF43718",10.7598,"Tipo de cambio FIX USD/MXN"
2007-05-23,"SF43718",10.7688,"Tipo de cambio FIX USD/MXN"
2007-05-24,"SF43718",10.8354,"Tipo de cambio FIX USD/MXN"
2007-05-25,"SF43718",10.7803,"Tipo de cambio FIX USD/MXN"
2007-05-28,"SF43718",10.7788,"Tipo de cambio FIX USD/MXN"
2007-05-29,"SF43718",10.7873,"Tipo de cambio FIX USD/MXN"
2007-05-30,"SF43718",10.818,"Tipo de cambio FIX USD/MXN"
2007-05-31,"SF43718",10.7445,"Tipo de cambio FIX USD/MXN"
2007-06-01,"SF43718",10.7131,"Tipo de cambio FIX USD/MXN"
2007-06-04,"SF43718",10.7441,"Tipo de cambio FIX USD/MXN"
2007-06-05,"SF43718",10.7809,"Tipo de cambio FIX USD/MXN"
2007-06-06,"SF43718",10.845,"Tipo de cambio FIX USD/MXN"
2007-06-07,"SF43718",10.9043,"Tipo de cambio FIX USD/MXN"
2007-06-08,"SF43718",10.9702,"Tipo de cambio FIX USD/MXN"
2007-06-11,"SF43718",10.9307,"Tipo de cambio FIX USD/MXN"
2007-06-12,"SF43718",10.9331,"Tipo de cambio FIX USD/MXN"
2007-06-13,"SF43718",10.9538,"Tipo de cambio FIX USD/MXN"
2007-06-14,"SF43718",10.9012,"Tipo de cambio FIX USD/MXN"
2007-06-15,"SF43718",10.8148,"Tipo de cambio FIX USD/MXN"
2007-06-18,"SF43718",10.776,"Tipo de cambio FIX USD/MXN"
2007-06-19,"SF43718",10.7494,"Tipo de cambio FIX USD/MXN"
2007-06-20,"SF43718",10.7713,"Tipo de cambio FIX USD/MXN"
2007-06-21,"SF43718",10.8266,"Tipo de cambio FIX USD/MXN"
2007-06-22,"SF43718",10.808,"Tipo de cambio FIX USD/MXN"
2007-06-25,"SF43718",10.8189,"Tipo de cambio FIX USD/MXN"
2007-06-26,"SF43718",10.8398,"Tipo de cambio FIX USD/MXN"
2007-06-27,"SF43718",10.8661,"Tipo de cambio FIX USD/MXN"
2007-06-28,"SF43718",10.7926,"Tipo de cambio FIX USD/MXN"
2007-06-29,"SF43718",10.7946,"Tipo de cambio FIX USD/MXN"
2007-07-02,"SF43718",10.7697,"Tipo de cambio FIX USD/MXN"
2007-07-03,"SF43718",10.7698,"Tipo de cambio FIX USD/MXN"
2007-07-04,"SF43718",10.76,"Tipo de cambio FIX USD/MXN"
2007-07-05,"SF43718",10.7936,"Tipo de cambio FIX USD/MXN"
2007-07-06,"SF43718",10.7828,"Tipo de cambio FIX USD/MXN"
2007-07-09,"SF43718",10.7531,"Tipo de cambio FIX USD/MXN"
2007-07-10,"SF43718",10.7917,"Tipo de cambio FIX USD/MXN"
2007-07-11,"SF43718",10.8248,"Tipo de cambio FIX USD/MXN"
2007-07-12,"SF43718",10.7799,"Tipo de cambio FIX USD/MXN"
2007-07-13,"SF43718",10.7608,"Tipo de cambio FIX USD/MXN"
2007-07-16,"SF43718",10.7653,"Tipo de cambio FIX USD/MXN"
2007-07-17,"SF43718",10.7628,"Tipo de cambio FIX USD/MXN"
2007-07-18,"SF43718",10.752,"Tipo de cambio FIX USD/MXN"
2007-07-19,"SF43718",10.7207,"Tipo de cambio FIX USD/MXN"
2007-07-20,"SF43718",10.7843,"Tipo de cambio FIX USD/MXN"
2007-07-23,"SF43718",10.764,"Tipo de cambio FIX USD/MXN"
2007-07-24,"SF43718",10.7846,"Tipo de cambio FIX USD/MXN"
2007-07-25,"SF43718",10.8712,"Tipo de cambio FIX USD/MXN"
2007-07-26,"SF43718",10.9436,"Tipo de cambio FIX USD/MXN"
2007-07-27,"SF43718",10.9973,"Tipo de cambio FIX USD/MXN"
2007-07-30,"SF43718",10.9812,"Tipo de cambio FIX USD/MXN"
2007-07-31,"SF43718",10.9273,"Tipo de cambio FIX USD/MXN"
2007-08-01,"SF43718",10.9663,"Tipo de cambio FIX USD/MXN"
2007-08-02,"SF43718",10.9402,"Tipo de cambio FIX USD/MXN"
2007-08-03,"SF43718",10.9677,"Tipo de cambio FIX USD/MXN"
2007-08-06,"SF43718",10.9886,"Tipo de cambio FIX USD/MXN"
2007-08-07,"SF43718",10.9613,"Tipo de cambio FIX USD/MXN"
2007-08-08,"SF43718",10.9209,"Tipo de cambio FIX USD/MXN"
2007-08-09,"SF43718",10.9832,"Tipo de cambio FIX USD/MXN"
2007-08-10,"SF43718",11.0173,"Tipo de cambio FIX USD/MXN"
2007-08-13,"SF43718",10.9915,"Tipo de cambio FIX USD/MXN"
2007-08-14,"SF43718",11.0549,"Tipo de cambio FIX USD/MXN"
2007-08-15,"SF43718",11.1148,"Tipo de cambio FIX USD/MXN"
2007-08-16,"SF43718",11.2676,"Tipo de cambio FIX USD/MXN"
2007-08-17,"SF43718",11.1259,"Tipo de cambio FIX USD/MXN"
2007-08-20,"SF43718",11.1053,"Tipo de cambio FIX USD/MXN"
2007-08-21,"SF43718",11.1213,"Tipo de cambio FIX USD/MXN"
2007-08-22,"SF43718",11.0736,"Tipo de cambio FIX USD/MXN"
2007-08-23,"SF43718",11.0489,"Tipo de cambio FIX USD/MXN"
2007-08-24,"SF43718",11.0413,"Tipo de cambio FIX USD/MXN"
2007-08-27,"SF43718",11.0382,"Tipo de cambio FIX USD/MXN"
2007-08-28,"SF43718",11.092,"Tipo de cambio FIX USD/MXN"
2007-08-29,"SF43718",11.1062,"Tipo de cambio FIX USD/MXN"
2007-08-30,"SF43718",11.0848,"Tipo de cambio FIX USD/MXN"
2007-08-31,"SF43718",11.0378,"Tipo de cambio FIX USD/MXN"
2007-09-03,"SF43718",11.0169,"Tipo de cambio FIX USD/MXN"
2007-09-04,"SF43718",11.0265,"Tipo de cambio FIX USD/MXN"
2007-09-05,"SF43718",11.0848,"Tipo de cambio FIX USD/MXN"
2007-09-06,"SF43718",11.0658,"Tipo de cambio FIX USD/MXN"
2007-09-07,"SF43718",11.1227,"Tipo de cambio FIX USD/MXN"
2007-09-10,"SF43718",11.1407,"Tipo de cambio FIX USD/MXN"
2007-09-11,"SF43718",11.1057,"Tipo de cambio FIX USD/MXN"
2007-09-12,"SF43718",11.072,"Tipo de cambio FIX USD/MXN"
2007-09-13,"SF43718",11.0743,"Tipo de cambio FIX USD/MXN"
2007-09-14,"SF43718",11.111,"Tipo de cambio FIX USD/MXN"
2007-09-17,"SF43718",11.1471,"Tipo de cambio FIX USD/MXN"
2007-09-18,"SF43718",11.0959,"Tipo de cambio FIX USD/MXN"
2007-09-19,"SF43718",10.9871,"Tipo de cambio FIX USD/MXN"
2007-09-20,"SF43718",10.9687,"Tipo de cambio FIX USD/MXN"
2007-09-21,"SF43718",10.9517,"Tipo de cambio FIX USD/MXN"
2007-09-24,"SF43718",10.9391,"Tipo de cambio FIX USD/MXN"
2007-09-25,"SF43718",10.9438,"Tipo de cambio FIX USD/MXN"
2007-09-26,"SF43718",10.9243,"Tipo de cambio FIX USD/MXN"
2007-09-27,"SF43718",10.9203,"Tipo de cambio FIX USD/MXN"
2007-09-28,"SF43718",10.9315,"Tipo de cambio FIX USD/MXN"
2007-10-01,"SF43718",10.9224,"Tipo de cambio FIX USD/MXN"
2007-10-02,"SF43718",10.921,"Tipo de cambio FIX USD/MXN"
2007-10-03,"SF43718",10.8685,"Tipo de cambio FIX USD/MXN"
2007-10-04,"SF43718",10.8963,"Tipo de cambio FIX USD/MXN"
2007-10-05,"SF43718",10.8557,"Tipo de cambio FIX USD/MXN"
2007-10-08,"SF43718",10.8589,"Tipo de cambio FIX USD/MXN"
2007-10-09,"SF43718",10.8379,"Tipo de cambio FIX USD/MXN"
2007-10-10,"SF43718",10.8383,"Tipo de cambio FIX USD/MXN"
2007-10-11,"SF43718",10.8101,"Tipo de cambio FIX USD/MXN"
2007-10-12,"SF43718",10.8252,"Tipo de cambio FIX USD/MXN"
2007-10-15,"SF43718",10.8133,"Tipo de cambio FIX USD/MXN"
2007-10-16,"SF43718",10.8418,"Tipo de cambio FIX USD/MXN"
2007-10-17,"SF43718",10.8181,"Tipo de cambio FIX USD/MXN"
2007-10-18,"SF43718",10.8133,"Tipo de cambio FIX USD/MXN"
2007-10-19,"SF43718",10.7976,"Tipo de cambio FIX USD/MXN"
2007-10-22,"SF43718",10.8404,"Tipo de cambio FIX USD/MXN"
2007-10-23,"SF43718",10.824,"Tipo de cambio FIX USD/MXN"
2007-10-24,"SF43718",10.8348,"Tipo de cambio FIX USD/MXN"
2007-10-25,"SF43718",10.8291,"Tipo de cambio FIX USD/MXN"
2007-10-26,"SF43718",10.7523,"Tipo de cambio FIX USD/MXN"
2007-10-29,"SF43718",10.7112,"Tipo de cambio FIX USD/MXN"
2007-10-30,"SF43718",10.7198,"Tipo de cambio FIX USD/MXN"
2007-10-31,"SF43718",10.7023,"Tipo de cambio FIX USD/MXN"
2007-11-01,"SF43718",10.6639,"Tipo de cambio FIX USD/MXN"
2007-11-05,"SF43718",10.7308,"Tipo de cambio FIX USD/MXN"
2007-11-06,"SF43718",10.7046,"Tipo de cambio FIX USD/MXN"
2007-11-07,"SF43718",10.7435,"Tipo de cambio FIX USD/MXN"
2007-11-08,"SF43718",10.8108,"Tipo de cambio FIX USD/MXN"
2007-11-09,"SF43718",10.8808,"Tipo de cambio FIX USD/MXN"
2007-11-12,"SF43718",10.9378,"Tipo de cambio FIX USD/MXN"
2007-11-13,"SF43718",10.8941,"Tipo de cambio FIX USD/MXN"
2007-11-14,"SF43718",10.8685,"Tipo de cambio FIX USD/MXN"
2007-11-15,"SF43718",10.9145,"Tipo de cambio FIX USD/MXN"
2007-11-16,"SF43718",10.9353,"Tipo de cambio FIX USD/MXN"
2007-11-20,"SF43718",10.9687,"Tipo de cambio FIX USD/MXN"
2007-11-21,"SF43718",11.0037,"Tipo de cambio FIX USD/MXN"
2007-11-22,"SF43718",10.979,"Tipo de cambio FIX USD/MXN"
2007-11-23,"SF43718",10.9733,"Tipo de cambio FIX USD/MXN"
2007-11-26,"SF43718",10.981,"Tipo de cambio FIX USD/MXN"
2007-11-27,"SF43718",10.9695,"Tipo de cambio FIX USD/MXN"
2007-11-28,"SF43718",10.9345,"Tipo de cambio FIX USD/MXN"
2007-11-29,"SF43718",10.9417,"Tipo de cambio FIX USD/MXN"
2007-11-30,"SF43718",10.8968,"Tipo de cambio FIX USD/MXN"
2007-12-03,"SF43718",10.9124,"Tipo de cambio FIX USD/MXN"
2007-12-04,"SF43718",10.9059,"Tipo de cambio FIX USD/MXN"
2007-12-05,"SF43718",10.8592,"Tipo de cambio FIX USD/MXN"
2007-12-06,"SF43718",10.8367,"Tipo de cambio FIX USD/MXN"
2007-12-07,"SF43718",10.8128,"Tipo de cambio FIX USD/MXN"
2007-12-10,"SF43718",10.8185,"Tipo de cambio FIX USD/MXN"
2007-12-11,"SF43718",10.8025,"Tipo de cambio FIX USD/MXN"
2007-12-13,"SF43718",10.8376,"Tipo de cambio FIX USD/MXN"
2007-12-14,"SF43718",10.8249,"Tipo de cambio FIX USD/MXN"
2007-12-17,"SF43718",10.846,"Tipo de cambio FIX USD/MXN"
2007-12-18,"SF43718",10.8553,"Tipo de cambio FIX USD/MXN"
2007-12-19,"SF43718",10.8412,"Tipo de cambio FIX USD/MXN"
2007-12-20,"SF43718",10.8363,"Tipo de cambio FIX USD/MXN"
2007-12-21,"SF43718",10.8203,"Tipo de cambio FIX USD/MXN"
2007-12-24,"SF43718",10.8132,"Tipo de cambio FIX USD/MXN"
2007-12-26,"SF43718",10.8105,"Tipo de cambio FIX USD/MXN"
2007-12-27,"SF43718",10.8662,"Tipo de cambio FIX USD/MXN"
2007-12-28,"SF43718",10.9043,"Tipo de cambio FIX USD/MXN"
2007-12-31,"SF43718",10.9157,"Tipo de cambio FIX USD/MXN"
2008-01-02,"SF43718",10.8972,"Tipo de cambio FIX USD/MXN"
2008-01-03,"SF43718",10.8842,"Tipo de cambio FIX USD/MXN"
2008-01-04,"SF43718",10.9277,"Tipo de cambio FIX USD/MXN"
2008-01-07,"SF43718",10.9208,"Tipo de cambio FIX USD/MXN"
2008-01-08,"SF43718",10.885,"Tipo de cambio FIX USD/MXN"
2008-01-09,"SF43718",10.962,"Tipo de cambio FIX USD/MXN"
2008-01-10,"SF43718",10.9572,"Tipo de cambio FIX USD/MXN"
2008-01-11,"SF43718",10.9318,"Tipo de cambio FIX USD/MXN"
2008-01-14,"SF43718",10.914,"Tipo de cambio FIX USD/MXN"
2008-01-15,"SF43718",10.9203,"Tipo de cambio FIX USD/MXN"
2008-01-16,"SF43718",10.9458,"Tipo de cambio FIX USD/MXN"
2008-01-17,"SF43718",10.9445,"Tipo de cambio FIX USD/MXN"
2008-01-18,"SF43718",10.9235,"Tipo de cambio FIX USD/MXN"
2008-01-21,"SF43718",10.9813,"Tipo de cambio FIX USD/MXN"
2008-01-22,"SF43718",10.9232,"Tipo de cambio FIX USD/MXN"
2008-01-23,"SF43718",10.9522,"Tipo de cambio FIX USD/MXN"
2008-01-24,"SF43718",10.8934,"Tipo de cambio FIX USD/MXN"
2008-01-25,"SF43718",10.8698,"Tipo de cambio FIX USD/MXN"
2008-01-28,"SF43718",10.8784,"Tipo de cambio FIX USD/MXN"
2008-01-29,"SF43718",10.8444,"Tipo de cambio FIX USD/MXN"
2008-01-30,"SF43718",10.8374,"Tipo de cambio FIX USD/MXN"
2008-01-31,"SF43718",10.8262,"Tipo de cambio FIX USD/MXN"
2008-02-01,"SF43718",10.8138,"Tipo de cambio FIX USD/MXN"
2008-02-05,"SF43718",10.8289,"Tipo de cambio FIX USD/MXN"
2008-02-06,"SF43718",10.8227,"Tipo de cambio FIX USD/MXN"
2008-02-07,"SF43718",10.804,"Tipo de cambio FIX USD/MXN"
2008-02-08,"SF43718",10.7575,"Tipo de cambio FIX USD/MXN"
2008-02-11,"SF43718",10.7736,"Tipo de cambio FIX USD/MXN"
2008-02-12,"SF43718",10.7465,"Tipo de cambio FIX USD/MXN"
2008-02-13,"SF43718",10.7509,"Tipo de cambio FIX USD/MXN"
2008-02-14,"SF43718",10.7413,"Tipo de cambio FIX USD/MXN"
2008-02-15,"SF43718",10.7653,"Tipo de cambio FIX USD/MXN"
2008-02-18,"SF43718",10.735,"Tipo de cambio FIX USD/MXN"
2008-02-19,"SF43718",10.7489,"Tipo de cambio FIX USD/MXN"
2008-02-20,"SF43718",10.7939,"Tipo de cambio FIX USD/MXN"
2008-02-21,"SF43718",10.798,"Tipo de cambio FIX USD/MXN"
2008-02-22,"SF43718",10.7818,"Tipo de cambio FIX USD/MXN"
2008-02-25,"SF43718",10.7855,"Tipo de cambio FIX USD/MXN"
2008-02-26,"SF43718",10.743,"Tipo de cambio FIX USD/MXN"
2008-02-27,"SF43718",10.7344,"Tipo de cambio FIX USD/MXN"
2008-02-28,"SF43718",10.6813,"Tipo de cambio FIX USD/MXN"
2008-02-29,"SF43718",10.7243,"Tipo de cambio FIX USD/MXN"
2008-03-03,"SF43718",10.7046,"Tipo de cambio FIX USD/MXN"
2008-03-04,"SF43718",10.7098,"Tipo de cambio FIX USD/MXN"
2008-03-05,"SF43718",10.6978,"Tipo de cambio FIX USD/MXN"
2008-03-06,"SF43718",10.7649,"Tipo de cambio FIX USD/MXN"
2008-03-07,"SF43718",10.8383,"Tipo de cambio FIX USD/MXN"
2008-03-10,"SF43718",10.8478,"Tipo de cambio FIX USD/MXN"
2008-03-11,"SF43718",10.7965,"Tipo de cambio FIX USD/MXN"
2008-03-12,"SF43718",10.7735,"Tipo de cambio FIX USD/MXN"
2008-03-13,"SF43718",10.7778,"Tipo de cambio FIX USD/MXN"
2008-03-14,"SF43718",10.7613,"Tipo de cambio FIX USD/MXN"
2008-03-18,"SF43718",10.704,"Tipo de cambio FIX USD/MXN"
2008-03-19,"SF43718",10.6944,"Tipo de cambio FIX USD/MXN"
2008-03-24,"SF43718",10.6748,"Tipo de cambio FIX USD/MXN"
2008-03-25,"SF43718",10.6793,"Tipo de cambio FIX USD/MXN"
2008-03-26,"SF43718",10.6957,"Tipo de cambio FIX USD/MXN"
2008-03-27,"SF43718",10.6962,"Tipo de cambio FIX USD/MXN"
2008-03-28,"SF43718",10.6987,"Tipo de cambio FIX USD/MXN"
2008-03-31,"SF43718",10.6482,"Tipo de cambio FIX USD/MXN"
2008-04-01,"SF43718",10.5985,"Tipo de cambio FIX USD/MXN"
2008-04-02,"SF43718",10.5557,"Tipo de cambio FIX USD/MXN"
2008-04-03,"SF43718",10.5644,"Tipo de cambio FIX USD/MXN"
2008-04-04,"SF43718",10.559,"Tipo de cambio FIX USD/MXN"
2008-04-07,"SF43718",10.5395,"Tipo de cambio FIX USD/MXN"
2008-04-08,"SF43718",10.561,"Tipo de cambio FIX USD/MXN"
2008-04-09,"SF43718",10.5552,"Tipo de cambio FIX USD/MXN"
2008-04-10,"SF43718",10.5503,"Tipo de cambio FIX USD/MXN"
2008-04-11,"SF43718",10.5337,"Tipo de cambio FIX USD/MXN"
2008-04-14,"SF43718",10.4919,"Tipo de cambio FIX USD/MXN"
2008-04-15,"SF43718",10.4843,"Tipo de cambio FIX USD/MXN"
2008-04-16,"SF43718",10.4579,"Tipo de cambio FIX USD/MXN"
2008-04-17,"SF43718",10.4828,"Tipo de cambio FIX USD/MXN"
2008-04-18,"SF43718",10.461,"Tipo de cambio FIX USD/MXN"
2008-04-21,"SF43718",10.5223,"Tipo de cambio FIX USD/MXN"
2008-04-22,"SF43718",10.5181,"Tipo de cambio FIX USD/MXN"
2008-04-23,"SF43718",10.4868,"Tipo de cambio FIX USD/MXN"
2008-04-24,"SF43718",10.462,"Tipo de cambio FIX USD/MXN"
2008-04-25,"SF43718",10.4702,"Tipo de cambio FIX USD/MXN"
2008-04-28,"SF43718",10.4464,"Tipo de cambio FIX USD/MXN"
2008-04-29,"SF43718",10.5272,"Tipo de cambio FIX USD/MXN"
2008-04-30,"SF43718",10.5095,"Tipo de cambio FIX USD/MXN"
2008-05-02,"SF43718",10.4585,"Tipo de cambio FIX USD/MXN"
2008-05-05,"SF43718",10.4687,"Tipo de cambio FIX USD/MXN"
2008-05-06,"SF43718",10.4937,"Tipo de cambio FIX USD/MXN"
2008-05-07,"SF43718",10.539,"Tipo de cambio FIX USD/MXN"
2008-05-08,"SF43718",10.5465,"Tipo de cambio FIX USD/MXN"
2008-05-09,"SF43718",10.5666,"Tipo de cambio FIX USD/MXN"
2008-05-12,"SF43718",10.5058,"Tipo de cambio FIX USD/MXN"
2008-05-13,"SF43718",10.4835,"Tipo de cambio FIX USD/MXN"
2008-05-14,"SF43718",10.4884,"Tipo de cambio FIX USD/MXN"
2008-05-15,"SF43718",10.4769,"Tipo de cambio FIX USD/MXN"
2008-05-16,"SF43718",10.4266,"Tipo de cambio FIX USD/MXN"
2008-05-19,"SF43718",10.3792,"Tipo de cambio FIX USD/MXN"
2008-05-20,"SF43718",10.4002,"Tipo de cambio FIX USD/MXN"
2008-05-21,"SF43718",10.3644,"Tipo de cambio FIX USD/MXN"
2008-05-22,"SF43718",10.381,"Tipo de cambio FIX USD/MXN"
2008-05-23,"SF43718",10.4,"Tipo de cambio FIX USD/MXN"
2008-05-26,"SF43718",10.3848,"Tipo de cambio FIX USD/MXN"
2008-05-27,"SF43718",10.3925,"Tipo de cambio FIX USD/MXN"
2008-05-28,"SF43718",10.3447,"Tipo de cambio FIX USD/MXN"
2008-05-29,"SF43718",10.3066,"Tipo de cambio FIX USD/MXN"
2008-05-30,"SF43718",10.3306,"Tipo de cambio FIX USD/MXN"
2008-06-02,"SF43718",10.3417,"Tipo de cambio FIX USD/MXN"
2008-06-03,"SF43718",10.2992,"Tipo de cambio FIX USD/MXN"
2008-06-04,"SF43718",10.3211,"Tipo de cambio FIX USD/MXN"
2008-06-05,"SF43718",10.3108,"Tipo de cambio FIX USD/MXN"
2008-06-06,"SF43718",10.3582,"Tipo de cambio FIX USD/MXN"
2008-06-09,"SF43718",10.362,"Tipo de cambio FIX USD/MXN"
2008-06-10,"SF43718",10.3847,"Tipo de cambio FIX USD/MXN"
2008-06-11,"SF43718",10.4268,"Tipo de cambio FIX USD/MXN"
2008-06-12,"SF43718",10.395,"Tipo de cambio FIX USD/MXN"
2008-06-13,"SF43718",10.3655,"Tipo de cambio FIX USD/MXN"
2008-06-16,"SF43718",10.3399,"Tipo de cambio FIX USD/MXN"
2008-06-17,"SF43718",10.3153,"Tipo de cambio FIX USD/MXN"
2008-06-18,"SF43718",10.2935,"Tipo de cambio FIX USD/MXN"
2008-06-19,"SF43718",10.3156,"Tipo de cambio FIX USD/MXN"
2008-06-20,"SF43718",10.2753,"Tipo de cambio FIX USD/MXN"
2008-06-23,"SF43718",10.3032,"Tipo de cambio FIX USD/MXN"
2008-06-24,"SF43718",10.318,"Tipo de cambio FIX USD/MXN"
2008-06-25,"SF43718",10.2938,"Tipo de cambio FIX USD/MXN"
2008-06-26,"SF43718",10.2841,"Tipo de cambio FIX USD/MXN"
2008-06-27,"SF43718",10.3028,"Tipo de cambio FIX USD/MXN"
2008-06-30,"SF43718",10.3069,"Tipo de cambio FIX USD/MXN"
2008-07-01,"SF43718",10.3908,"Tipo de cambio FIX USD/MXN"
2008-07-02,"SF43718",10.3722,"Tipo de cambio FIX USD/MXN"
2008-07-03,"SF43718",10.3692,"Tipo de cambio FIX USD/MXN"
2008-07-04,"SF43718",10.3411,"Tipo de cambio FIX USD/MXN"
2008-07-07,"SF43718",10.3263,"Tipo de cambio FIX USD/MXN"
2008-07-08,"SF43718",10.3363,"Tipo de cambio FIX USD/MXN"
2008-07-09,"SF43718",10.2993,"Tipo de cambio FIX USD/MXN"
2008-07-10,"SF43718",10.3076,"Tipo de cambio FIX USD/MXN"
2008-07-11,"SF43718",10.312,"Tipo de cambio FIX USD/MXN"
2008-07-14,"SF43718",10.2925,"Tipo de cambio FIX USD/MXN"
2008-07-15,"SF43718",10.3229,"Tipo de cambio FIX USD/MXN"
2008-07-16,"SF43718",10.2608,"Tipo de cambio FIX USD/MXN"
2008-07-17,"SF43718",10.2311,"Tipo de cambio FIX USD/MXN"
2008-07-18,"SF43718",10.2047,"Tipo de cambio FIX USD/MXN"
2008-07-21,"SF43718",10.1708,"Tipo de cambio FIX USD/MXN"
2008-07-22,"SF43718",10.1178,"Tipo de cambio FIX USD/MXN"
2008-07-23,"SF43718",10.0552,"Tipo de cambio FIX USD/MXN"
2008-07-24,"SF43718",10.0264,"Tipo de cambio FIX USD/MXN"
2008-07-25,"SF43718",10.019,"Tipo de cambio FIX USD/MXN"
2008-07-28,"SF43718",10.0706,"Tipo de cambio FIX USD/MXN"
2008-07-29,"SF43718",10.061,"Tipo de cambio FIX USD/MXN"
2008-07-30,"SF43718",10.034,"Tipo de cambio FIX USD/MXN"
2008-07-31,"SF43718",10.0353,"Tipo de cambio FIX USD/MXN"
2008-08-01,"SF43718",9.9705,"Tipo de cambio FIX USD/MXN"
2008-08-04,"SF43718",9.9335,"Tipo de cambio FIX USD/MXN"
2008-08-05,"SF43718",9.918,"Tipo de cambio FIX USD/MXN"
2008-08-06,"SF43718",9.9485,"Tipo de cambio FIX USD/MXN"
2008-08-07,"SF43718",9.9877,"Tipo de cambio FIX USD/MXN"
2008-08-08,"SF43718",10.1305,"Tipo de cambio FIX USD/MXN"
2008-08-11,"SF43718",10.1295,"Tipo de cambio FIX USD/MXN"
2008-08-12,"SF43718",10.159,"Tipo de cambio FIX USD/MXN"
2008-08-13,"SF43718",10.1968,"Tipo de cambio FIX USD/MXN"
2008-08-14,"SF43718",10.1586,"Tipo de cambio FIX USD/MXN"
2008-08-15,"SF43718",10.1966,"Tipo de cambio FIX USD/MXN"
2008-08-18,"SF43718",10.1395,"Tipo de cambio FIX USD/MXN"
2008-08-19,"SF43718",10.1867,"Tipo de cambio FIX USD/MXN"
2008-08-20,"SF43718",10.1343,"Tipo de cambio FIX USD/MXN"
2008-08-21,"SF43718",10.1106,"Tipo de cambio FIX USD/MXN"
2008-08-22,"SF43718",10.0991,"Tipo de cambio FIX USD/MXN"
2008-08-25,"SF43718",10.1183,"Tipo de cambio FIX USD/MXN"
2008-08-26,"SF43718",10.173,"Tipo de cambio FIX USD/MXN"
2008-08-27,"SF43718",10.1421,"Tipo de cambio FIX USD/MXN"
2008-08-28,"SF43718",10.1822,"Tipo de cambio FIX USD/MXN"
2008-08-29,"SF43718",10.2847,"Tipo de cambio FIX USD/MXN"
2008-09-01,"SF43718",10.3423,"Tipo de cambio FIX USD/MXN"
2008-09-02,"SF43718",10.3781,"Tipo de cambio FIX USD/MXN"
2008-09-03,"SF43718",10.3852,"Tipo de cambio FIX USD/MXN"
2008-09-04,"SF43718",10.4658,"Tipo de cambio FIX USD/MXN"
2008-09-05,"SF43718",10.5143,"Tipo de cambio FIX USD/MXN"
2008-09-08,"SF43718",10.481,"Tipo de cambio FIX USD/MXN"
2008-09-09,"SF43718",10.5013,"Tipo de cambio FIX USD/MXN"
2008-09-10,"SF43718",10.5862,"Tipo de cambio FIX USD/MXN"
2008-09-11,"SF43718",10.6745,"Tipo de cambio FIX USD/MXN"
2008-09-12,"SF43718",10.5828,"Tipo de cambio FIX USD/MXN"
2008-09-15,"SF43718",10.7054,"Tipo de cambio FIX USD/MXN"
2008-09-17,"SF43718",10.8702,"Tipo de cambio FIX USD/MXN"
2008-09-18,"SF43718",10.8365,"Tipo de cambio FIX USD/MXN"
2008-09-19,"SF43718",10.6133,"Tipo de cambio FIX USD/MXN"
2008-09-22,"SF43718",10.5879,"Tipo de cambio FIX USD/MXN"
2008-09-23,"SF43718",10.7264,"Tipo de cambio FIX USD/MXN"
2008-09-24,"SF43718",10.7879,"Tipo de cambio FIX USD/MXN"
2008-09-25,"SF43718",10.7653,"Tipo de cambio FIX USD/MXN"
2008-09-26,"SF43718",10.7919,"Tipo de cambio FIX USD/MXN"
2008-09-29,"SF43718",10.9397,"Tipo de cambio FIX USD/MXN"
2008-09-30,"SF43718",10.9814,"Tipo de cambio FIX USD/MXN"
2008-10-01,"SF43718",10.9811,"Tipo de cambio FIX USD/MXN"
2008-10-02,"SF43718",11.1296,"Tipo de cambio FIX USD/MXN"
2008-10-03,"SF43718",11.1188,"Tipo de cambio FIX USD/MXN"
2008-10-06,"SF43718",11.7667,"Tipo de cambio FIX USD/MXN"
2008-10-07,"SF43718",12.1196,"Tipo de cambio FIX USD/MXN"
2008-10-08,"SF43718",13.0417,"Tipo de cambio FIX USD/MXN"
2008-10-09,"SF43718",12.4433,"Tipo de cambio FIX USD/MXN"
2008-10-10,"SF43718",13.0867,"Tipo de cambio FIX USD/MXN"
2008-10-13,"SF43718",12.3743,"Tipo de cambio FIX USD/MXN"
2008-10-14,"SF43718",12.345,"Tipo de cambio FIX USD/MXN"
2008-10-15,"SF43718",12.7192,"Tipo de cambio FIX USD/MXN"
2008-10-16,"SF43718",13.0633,"Tipo de cambio FIX USD/MXN"
2008-10-17,"SF43718",12.8475,"Tipo de cambio FIX USD/MXN"
2008-10-20,"SF43718",12.7617,"Tipo de cambio FIX USD/MXN"
2008-10-21,"SF43718",13.1233,"Tipo de cambio FIX USD/MXN"
2008-10-22,"SF43718",13.5592,"Tipo de cambio FIX USD/MXN"
2008-10-23,"SF43718",13.5025,"Tipo de cambio FIX USD/MXN"
2008-10-24,"SF43718",13.4,"Tipo de cambio FIX USD/MXN"
2008-10-27,"SF43718",13.3083,"Tipo de cambio FIX USD/MXN"
2008-10-28,"SF43718",13.3692,"Tipo de cambio FIX USD/MXN"
2008-10-29,"SF43718",12.9142,"Tipo de cambio FIX USD/MXN"
2008-10-30,"SF43718",12.8342,"Tipo de cambio FIX USD/MXN"
2008-10-31,"SF43718",12.7125,"Tipo de cambio FIX USD/MXN"
2008-11-03,"SF43718",12.7875,"Tipo de cambio FIX USD/MXN"
2008-11-04,"SF43718",12.4862,"Tipo de cambio FIX USD/MXN"
2008-11-05,"SF43718",12.6042,"Tipo de cambio FIX USD/MXN"
2008-11-06,"SF43718",12.95,"Tipo de cambio FIX USD/MXN"
2008-11-07,"SF43718",12.8392,"Tipo de cambio FIX USD/MXN"
2008-11-10,"SF43718",12.785,"Tipo de cambio FIX USD/MXN"
2008-11-11,"SF43718",12.9892,"Tipo de cambio FIX USD/MXN"
2008-11-12,"SF43718",13.0875,"Tipo de cambio FIX USD/MXN"
2008-11-13,"SF43718",13.1663,"Tipo de cambio FIX USD/MXN"
2008-11-14,"SF43718",13.0242,"Tipo de cambio FIX USD/MXN"
2008-11-18,"SF43718",13.195,"Tipo de cambio FIX USD/MXN"
2008-11-19,"SF43718",13.18,"Tipo de cambio FIX USD/MXN"
2008-11-20,"SF43718",13.5758,"Tipo de cambio FIX USD/MXN"
2008-11-21,"SF43718",13.9183,"Tipo de cambio FIX USD/MXN"
2008-11-24,"SF43718",13.4958,"Tipo de cambio FIX USD/MXN"
2008-11-25,"SF43718",13.3142,"Tipo de cambio FIX USD/MXN"
2008-11-26,"SF43718",13.2117,"Tipo de cambio FIX USD/MXN"
2008-11-27,"SF43718",13.2325,"Tipo de cambio FIX USD/MXN"
2008-11-28,"SF43718",13.3225,"Tipo de cambio FIX USD/MXN"
2008-12-01,"SF43718",13.58,"Tipo de cambio FIX USD/MXN"
2008-12-02,"SF43718",13.53,"Tipo de cambio FIX USD/MXN"
2008-12-03,"SF43718",13.5996,"Tipo de cambio FIX USD/MXN"
2008-12-04,"SF43718",13.5358,"Tipo de cambio FIX USD/MXN"
2008-12-05,"SF43718",13.7567,"Tipo de cambio FIX USD/MXN"
2008-12-08,"SF43718",13.4597,"Tipo de cambio FIX USD/MXN"
2008-12-09,"SF43718",13.4921,"Tipo de cambio FIX USD/MXN"
2008-12-10,"SF43718",13.4722,"Tipo de cambio FIX USD/MXN"
2008-12-11,"SF43718",13.1821,"Tipo de cambio FIX USD/MXN"
2008-12-15,"SF43718",13.3317,"Tipo de cambio FIX USD/MXN"
2008-12-16,"SF43718",13.2717,"Tipo de cambio FIX USD/MXN"
2008-12-17,"SF43718",13.1275,"Tipo de cambio FIX USD/MXN"
2008-12-18,"SF43718",13.215,"Tipo de cambio FIX USD/MXN"
2008-12-19,"SF43718",13.1197,"Tipo de cambio FIX USD/MXN"
2008-12-22,"SF43718",13.1742,"Tipo de cambio FIX USD/MXN"
2008-12-23,"SF43718",13.2175,"Tipo de cambio FIX USD/MXN"
2008-12-24,"SF43718",13.3114,"Tipo de cambio FIX USD/MXN"
2008-12-26,"SF43718",13.3538,"Tipo de cambio FIX USD/MXN"
2008-12-29,"SF43718",13.5383,"Tipo de cambio FIX USD/MXN"
2008-12-30,"SF43718",13.7738,"Tipo de cambio FIX USD/MXN"
2008-12-31,"SF43718",13.8325,"Tipo de cambio FIX USD/MXN"
2009-01-02,"SF43718",13.7678,"Tipo de cambio FIX USD/MXN"
2009-01-05,"SF43718",13.5507,"Tipo de cambio FIX USD/MXN"
2009-01-06,"SF43718",13.3458,"Tipo de cambio FIX USD/MXN"
2009-01-07,"SF43718",13.4136,"Tipo de cambio FIX USD/MXN"
2009-01-08,"SF43718",13.5045,"Tipo de cambio FIX USD/MXN"
2009-01-09,"SF43718",13.7008,"Tipo de cambio FIX USD/MXN"
2009-01-12,"SF43718",13.7608,"Tipo de cambio FIX USD/MXN"
2009-01-13,"SF43718",13.839,"Tipo de cambio FIX USD/MXN"
2009-01-14,"SF43718",14.1083,"Tipo de cambio FIX USD/MXN"
2009-01-15,"SF43718",14.2192,"Tipo de cambio FIX USD/MXN"
2009-01-16,"SF43718",13.9058,"Tipo de cambio FIX USD/MXN"
2009-01-19,"SF43718",13.9777,"Tipo de cambio FIX USD/MXN"
2009-01-20,"SF43718",13.9382,"Tipo de cambio FIX USD/MXN"
2009-01-21,"SF43718",13.9145,"Tipo de cambio FIX USD/MXN"
2009-01-22,"SF43718",13.9325,"Tipo de cambio FIX USD/MXN"
2009-01-23,"SF43718",14.095,"Tipo de cambio FIX USD/MXN"
2009-01-26,"SF43718",13.9342,"Tipo de cambio FIX USD/MXN"
2009-01-27,"SF43718",14.1675,"Tipo de cambio FIX USD/MXN"
2009-01-28,"SF43718",14.1513,"Tipo de cambio FIX USD/MXN"
2009-01-29,"SF43718",14.1975,"Tipo de cambio FIX USD/MXN"
2009-01-30,"SF43718",14.3097,"Tipo de cambio FIX USD/MXN"
2009-02-03,"SF43718",14.5404,"Tipo de cambio FIX USD/MXN"
2009-02-04,"SF43718",14.4667,"Tipo de cambio FIX USD/MXN"
2009-02-05,"SF43718",14.2945,"Tipo de cambio FIX USD/MXN"
2009-02-06,"SF43718",14.1778,"Tipo de cambio FIX USD/MXN"
2009-02-09,"SF43718",14.1392,"Tipo de cambio FIX USD/MXN"
2009-02-10,"SF43718",14.3575,"Tipo de cambio FIX USD/MXN"
2009-02-11,"SF43718",14.5313,"Tipo de cambio FIX USD/MXN"
2009-02-12,"SF43718",14.6013,"Tipo de cambio FIX USD/MXN"
2009-02-13,"SF43718",14.4326,"Tipo de cambio FIX USD/MXN"
2009-02-16,"SF43718",14.5288,"Tipo de cambio FIX USD/MXN"
2009-02-17,"SF43718",14.6118,"Tipo de cambio FIX USD/MXN"
2009-02-18,"SF43718",14.6725,"Tipo de cambio FIX USD/MXN"
2009-02-19,"SF43718",14.5505,"Tipo de cambio FIX USD/MXN"
2009-02-20,"SF43718",14.8163,"Tipo de cambio FIX USD/MXN"
2009-02-23,"SF43718",14.8528,"Tipo de cambio FIX USD/MXN"
2009-02-24,"SF43718",14.8327,"Tipo de cambio FIX USD/MXN"
2009-02-25,"SF43718",14.9275,"Tipo de cambio FIX USD/MXN"
2009-02-26,"SF43718",14.9322,"Tipo de cambio FIX USD/MXN"
2009-02-27,"SF43718",15.0698,"Tipo de cambio FIX USD/MXN"
2009-03-02,"SF43718",15.365,"Tipo de cambio FIX USD/MXN"
2009-03-03,"SF43718",15.3372,"Tipo de cambio FIX USD/MXN"
2009-03-04,"SF43718",15.2178,"Tipo de cambio FIX USD/MXN"
2009-03-05,"SF43718",15.2855,"Tipo de cambio FIX USD/MXN"
2009-03-06,"SF43718",15.2633,"Tipo de cambio FIX USD/MXN"
2009-03-09,"SF43718",15.3517,"Tipo de cambio FIX USD/MXN"
2009-03-10,"SF43718",15.3142,"Tipo de cambio FIX USD/MXN"
2009-03-11,"SF43718",15.1145,"Tipo de cambio FIX USD/MXN"
2009-03-12,"SF43718",14.9083,"Tipo de cambio FIX USD/MXN"
2009-03-13,"SF43718",14.569,"Tipo de cambio FIX USD/MXN"
2009-03-17,"SF43718",14.0502,"Tipo de cambio FIX USD/MXN"
2009-03-18,"SF43718",14.1457,"Tipo de cambio FIX USD/MXN"
2009-03-19,"SF43718",14.08,"Tipo de cambio FIX USD/MXN"
2009-03-20,"SF43718",14.148,"Tipo de cambio FIX USD/MXN"
2009-03-23,"SF43718",14.3204,"Tipo de cambio FIX USD/MXN"
2009-03-24,"SF43718",14.2683,"Tipo de cambio FIX USD/MXN"
2009-03-25,"SF43718",14.2358,"Tipo de cambio FIX USD/MXN"
2009-03-26,"SF43718",14.2163,"Tipo de cambio FIX USD/MXN"
2009-03-27,"SF43718",14.3317,"Tipo de cambio FIX USD/MXN"
2009-03-30,"SF43718",14.3855,"Tipo de cambio FIX USD/MXN"
2009-03-31,"SF43718",14.1517,"Tipo de cambio FIX USD/MXN"
2009-04-01,"SF43718",13.9108,"Tipo de cambio FIX USD/MXN"
2009-04-02,"SF43718",13.7924,"Tipo de cambio FIX USD/MXN"
2009-04-03,"SF43718",13.6137,"Tipo de cambio FIX USD/MXN"
2009-04-06,"SF43718",13.6325,"Tipo de cambio FIX USD/MXN"
2009-04-07,"SF43718",13.5712,"Tipo de cambio FIX USD/MXN"
2009-04-08,"SF43718",13.3648,"Tipo de cambio FIX USD/MXN"
2009-04-13,"SF43718",13.0914,"Tipo de cambio FIX USD/MXN"
2009-04-14,"SF43718",13.086,"Tipo de cambio FIX USD/MXN"
2009-04-15,"SF43718",13.1683,"Tipo de cambio FIX USD/MXN"
2009-04-16,"SF43718",13.0511,"Tipo de cambio FIX USD/MXN"
2009-04-17,"SF43718",13.1558,"Tipo de cambio FIX USD/MXN"
2009-04-20,"SF43718",13.32,"Tipo de cambio FIX USD/MXN"
2009-04-21,"SF43718",13.175,"Tipo de cambio FIX USD/MXN"
2009-04-22,"SF43718",13.1457,"Tipo de cambio FIX USD/MXN"
2009-04-23,"SF43718",13.3099,"Tipo de cambio FIX USD/MXN"
2009-04-24,"SF43718",13.2318,"Tipo de cambio FIX USD/MXN"
2009-04-27,"SF43718",13.755,"Tipo de cambio FIX USD/MXN"
2009-04-28,"SF43718",13.8667,"Tipo de cambio FIX USD/MXN"
2009-04-29,"SF43718",13.6485,"Tipo de cambio FIX USD/MXN"
2009-04-30,"SF43718",13.8443,"Tipo de cambio FIX USD/MXN"
2009-05-04,"SF43718",13.35,"Tipo de cambio FIX USD/MXN"
2009-05-05,"SF43718",13.2242,"Tipo de cambio FIX USD/MXN"
2009-05-06,"SF43718",13.2268,"Tipo de cambio FIX USD/MXN"
2009-05-07,"SF43718",13.1103,"Tipo de cambio FIX USD/MXN"
2009-05-08,"SF43718",13.1067,"Tipo de cambio FIX USD/MXN"
2009-05-11,"SF43718",13.1008,"Tipo de cambio FIX USD/MXN"
2009-05-12,"SF43718",13.2208,"Tipo de cambio FIX USD/MXN"
2009-05-13,"SF43718",13.3177,"Tipo de cambio FIX USD/MXN"
2009-05-14,"SF43718",13.2983,"Tipo de cambio FIX USD/MXN"
2009-05-15,"SF43718",13.2058,"Tipo de cambio FIX USD/MXN"
2009-05-18,"SF43718",13.1363,"Tipo de cambio FIX USD/MXN"
2009-05-19,"SF43718",12.968,"Tipo de cambio FIX USD/MXN"
2009-05-20,"SF43718",12.8695,"Tipo de cambio FIX USD/MXN"
2009-05-21,"SF43718",13.103,"Tipo de cambio FIX USD/MXN"
2009-05-22,"SF43718",13.1728,"Tipo de cambio FIX USD/MXN"
2009-05-25,"SF43718",13.1375,"Tipo de cambio FIX USD/MXN"
2009-05-26,"SF43718",13.1338,"Tipo de cambio FIX USD/MXN"
2009-05-27,"SF43718",13.159,"Tipo de cambio FIX USD/MXN"
2009-05-28,"SF43718",13.2337,"Tipo de cambio FIX USD/MXN"
2009-05-29,"SF43718",13.1667,"Tipo de cambio FIX USD/MXN"
2009-06-01,"SF43718",13.155,"Tipo de cambio FIX USD/MXN"
2009-06-02,"SF43718",13.2609,"Tipo de cambio FIX USD/MXN"
2009-06-03,"SF43718",13.3172,"Tipo de cambio FIX USD/MXN"
2009-06-04,"SF43718",13.2675,"Tipo de cambio FIX USD/MXN"
2009-06-05,"SF43718",13.2768,"Tipo de cambio FIX USD/MXN"
2009-06-08,"SF43718",13.45,"Tipo de cambio FIX USD/MXN"
2009-06-09,"SF43718",13.4793,"Tipo de cambio FIX USD/MXN"
2009-06-10,"SF43718",13.6507,"Tipo de cambio FIX USD/MXN"
2009-06-11,"SF43718",13.4581,"Tipo de cambio FIX USD/MXN"
2009-06-12,"SF43718",13.3997,"Tipo de cambio FIX USD/MXN"
2009-06-15,"SF43718",13.4523,"Tipo de cambio FIX USD/MXN"
2009-06-16,"SF43718",13.3525,"Tipo de cambio FIX USD/MXN"
2009-06-17,"SF43718",13.4698,"Tipo de cambio FIX USD/MXN"
2009-06-18,"SF43718",13.3694,"Tipo de cambio FIX USD/MXN"
2009-06-19,"SF43718",13.3248,"Tipo de cambio FIX USD/MXN"
2009-06-22,"SF43718",13.3782,"Tipo de cambio FIX USD/MXN"
2009-06-23,"SF43718",13.3187,"Tipo de cambio FIX USD/MXN"
2009-06-24,"SF43718",13.3051,"Tipo de cambio FIX USD/MXN"
2009-06-25,"SF43718",13.2778,"Tipo de cambio FIX USD/MXN"
2009-06-26,"SF43718",13.2023,"Tipo de cambio FIX USD/MXN"
2009-06-29,"SF43718",13.1812,"Tipo de cambio FIX USD/MXN"
2009-06-30,"SF43718",13.1722,"Tipo de cambio FIX USD/MXN"
2009-07-01,"SF43718",13.0972,"Tipo de cambio FIX USD/MXN"
2009-07-02,"SF43718",13.1695,"Tipo de cambio FIX USD/MXN"
2009-07-03,"SF43718",13.2428,"Tipo de cambio FIX USD/MXN"
2009-07-06,"SF43718",13.2547,"Tipo de cambio FIX USD/MXN"
2009-07-07,"SF43718",13.2724,"Tipo de cambio FIX USD/MXN"
2009-07-08,"SF43718",13.4333,"Tipo de cambio FIX USD/MXN"
2009-07-09,"SF43718",13.5758,"Tipo de cambio FIX USD/MXN"
2009-07-10,"SF43718",13.7052,"Tipo de cambio FIX USD/MXN"
2009-07-13,"SF43718",13.8105,"Tipo de cambio FIX USD/MXN"
2009-07-14,"SF43718",13.7645,"Tipo de cambio FIX USD/MXN"
2009-07-15,"SF43718",13.6526,"Tipo de cambio FIX USD/MXN"
2009-07-16,"SF43718",13.587,"Tipo de cambio FIX USD/MXN"
2009-07-17,"SF43718",13.3895,"Tipo de cambio FIX USD/MXN"
2009-07-20,"SF43718",13.3158,"Tipo de cambio FIX USD/MXN"
2009-07-21,"SF43718",13.2879,"Tipo de cambio FIX USD/MXN"
2009-07-22,"SF43718",13.2312,"Tipo de cambio FIX USD/MXN"
2009-07-23,"SF43718",13.1915,"Tipo de cambio FIX USD/MXN"
2009-07-24,"SF43718",13.2247,"Tipo de cambio FIX USD/MXN"
2009-07-27,"SF43718",13.2167,"Tipo de cambio FIX USD/MXN"
2009-07-28,"SF43718",13.2825,"Tipo de cambio FIX USD/MXN"
2009-07-29,"SF43718",13.2643,"Tipo de cambio FIX USD/MXN"
2009-07-30,"SF43718",13.2223,"Tipo de cambio FIX USD/MXN"
2009-07-31,"SF43718",13.2125,"Tipo de cambio FIX USD/MXN"
2009-08-03,"SF43718",13.1293,"Tipo de cambio FIX USD/MXN"
2009-08-04,"SF43718",13.1073,"Tipo de cambio FIX USD/MXN"
2009-08-05,"SF43718",13.105,"Tipo de cambio FIX USD/MXN"
2009-08-06,"SF43718",12.9926,"Tipo de cambio FIX USD/MXN"
2009-08-07,"SF43718",12.9349,"Tipo de cambio FIX USD/MXN"
2009-08-10,"SF43718",12.922,"Tipo de cambio FIX USD/MXN"
2009-08-11,"SF43718",12.9937,"Tipo de cambio FIX USD/MXN"
2009-08-12,"SF43718",12.997,"Tipo de cambio FIX USD/MXN"
2009-08-13,"SF43718",12.8658,"Tipo de cambio FIX USD/MXN"
2009-08-14,"SF43718",12.8766,"Tipo de cambio FIX USD/MXN"
2009-08-17,"SF43718",12.9963,"Tipo de cambio FIX USD/MXN"
2009-08-18,"SF43718",12.9555,"Tipo de cambio FIX USD/MXN"
2009-08-19,"SF43718",12.9159,"Tipo de cambio FIX USD/MXN"
2009-08-20,"SF43718",12.8733,"Tipo de cambio FIX USD/MXN"
2009-08-21,"SF43718",12.8227,"Tipo de cambio FIX USD/MXN"
2009-08-24,"SF43718",12.8274,"Tipo de cambio FIX USD/MXN"
2009-08-25,"SF43718",12.8975,"Tipo de cambio FIX USD/MXN"
2009-08-26,"SF43718",13.1378,"Tipo de cambio FIX USD/MXN"
2009-08-27,"SF43718",13.2462,"Tipo de cambio FIX USD/MXN"
2009-08-28,"SF43718",13.2579,"Tipo de cambio FIX USD/MXN"
2009-08-31,"SF43718",13.314,"Tipo de cambio FIX USD/MXN"
2009-09-01,"SF43718",13.5246,"Tipo de cambio FIX USD/MXN"
2009-09-02,"SF43718",13.6427,"Tipo de cambio FIX USD/MXN"
2009-09-03,"SF43718",13.5898,"Tipo de cambio FIX USD/MXN"
2009-09-04,"SF43718",13.4658,"Tipo de cambio FIX USD/MXN"
2009-09-07,"SF43718",13.3646,"Tipo de cambio FIX USD/MXN"
2009-09-08,"SF43718",13.2826,"Tipo de cambio FIX USD/MXN"
2009-09-09,"SF43718",13.3923,"Tipo de cambio FIX USD/MXN"
2009-09-10,"SF43718",13.4582,"Tipo de cambio FIX USD/MXN"
2009-09-11,"SF43718",13.3432,"Tipo de cambio FIX USD/MXN"
2009-09-14,"SF43718",13.3892,"Tipo de cambio FIX USD/MXN"
2009-09-15,"SF43718",13.3475,"Tipo de cambio FIX USD/MXN"
2009-09-17,"SF43718",13.23,"Tipo de cambio FIX USD/MXN"
2009-09-18,"SF43718",13.2413,"Tipo de cambio FIX USD/MXN"
2009-09-21,"SF43718",13.353,"Tipo de cambio FIX USD/MXN"
2009-09-22,"SF43718",13.3186,"Tipo de cambio FIX USD/MXN"
2009-09-23,"SF43718",13.3733,"Tipo de cambio FIX USD/MXN"
2009-09-24,"SF43718",13.4549,"Tipo de cambio FIX USD/MXN"
2009-09-25,"SF43718",13.5243,"Tipo de cambio FIX USD/MXN"
2009-09-28,"SF43718",13.5042,"Tipo de cambio FIX USD/MXN"
2009-09-29,"SF43718",13.5513,"Tipo de cambio FIX USD/MXN"
2009-09-30,"SF43718",13.4928,"Tipo de cambio FIX USD/MXN"
2009-10-01,"SF43718",13.6242,"Tipo de cambio FIX USD/MXN"
2009-10-02,"SF43718",13.6773,"Tipo de cambio FIX USD/MXN"
2009-10-05,"SF43718",13.655,"Tipo de cambio FIX USD/MXN"
2009-10-06,"SF43718",13.4943,"Tipo de cambio FIX USD/MXN"
2009-10-07,"SF43718",13.4673,"Tipo de cambio FIX USD/MXN"
2009-10-08,"SF43718",13.3227,"Tipo de cambio FIX USD/MXN"
2009-10-09,"SF43718",13.255,"Tipo de cambio FIX USD/MXN"
2009-10-12,"SF43718",13.2178,"Tipo de cambio FIX USD/MXN"
2009-10-13,"SF43718",13.1774,"Tipo de cambio FIX USD/MXN"
2009-10-14,"SF43718",13.0779,"Tipo de cambio FIX USD/MXN"
2009-10-15,"SF43718",13.0884,"Tipo de cambio FIX USD/MXN"
2009-10-16,"SF43718",13.1057,"Tipo de cambio FIX USD/MXN"
2009-10-19,"SF43718",13.084,"Tipo de cambio FIX USD/MXN"
2009-10-20,"SF43718",12.9407,"Tipo de cambio FIX USD/MXN"
2009-10-21,"SF43718",12.9196,"Tipo de cambio FIX USD/MXN"
2009-10-22,"SF43718",12.9495,"Tipo de cambio FIX USD/MXN"
2009-10-23,"SF43718",12.9798,"Tipo de cambio FIX USD/MXN"
2009-10-26,"SF43718",13.149,"Tipo de cambio FIX USD/MXN"
2009-10-27,"SF43718",13.2662,"Tipo de cambio FIX USD/MXN"
2009-10-28,"SF43718",13.2823,"Tipo de cambio FIX USD/MXN"
2009-10-29,"SF43718",13.0825,"Tipo de cambio FIX USD/MXN"
2009-10-30,"SF43718",13.1479,"Tipo de cambio FIX USD/MXN"
2009-11-03,"SF43718",13.2908,"Tipo de cambio FIX USD/MXN"
2009-11-04,"SF43718",13.2708,"Tipo de cambio FIX USD/MXN"
2009-11-05,"SF43718",13.343,"Tipo de cambio FIX USD/MXN"
2009-11-06,"SF43718",13.3758,"Tipo de cambio FIX USD/MXN"
2009-11-09,"SF43718",13.2996,"Tipo de cambio FIX USD/MXN"
2009-11-10,"SF43718",13.2308,"Tipo de cambio FIX USD/MXN"
2009-11-11,"SF43718",13.1622,"Tipo de cambio FIX USD/MXN"
2009-11-12,"SF43718",13.2061,"Tipo de cambio FIX USD/MXN"
2009-11-13,"SF43718",13.1012,"Tipo de cambio FIX USD/MXN"
2009-11-17,"SF43718",13.0875,"Tipo de cambio FIX USD/MXN"
2009-11-18,"SF43718",12.9818,"Tipo de cambio FIX USD/MXN"
2009-11-19,"SF43718",13.0502,"Tipo de cambio FIX USD/MXN"
2009-11-20,"SF43718",13.0895,"Tipo de cambio FIX USD/MXN"
2009-11-23,"SF43718",13.0151,"Tipo de cambio FIX USD/MXN"
2009-11-24,"SF43718",12.9305,"Tipo de cambio FIX USD/MXN"
2009-11-25,"SF43718",12.866,"Tipo de cambio FIX USD/MXN"
2009-11-26,"SF43718",12.9475,"Tipo de cambio FIX USD/MXN"
2009-11-27,"SF43718",12.9139,"Tipo de cambio FIX USD/MXN"
2009-11-30,"SF43718",12.9157,"Tipo de cambio FIX USD/MXN"
2009-12-01,"SF43718",12.8557,"Tipo de cambio FIX USD/MXN"
2009-12-02,"SF43718",12.8026,"Tipo de cambio FIX USD/MXN"
2009-12-03,"SF43718",12.6658,"Tipo de cambio FIX USD/MXN"
2009-12-04,"SF43718",12.5969,"Tipo de cambio FIX USD/MXN"
2009-12-07,"SF43718",12.6558,"Tipo de cambio FIX USD/MXN"
2009-12-08,"SF43718",12.8399,"Tipo de cambio FIX USD/MXN"
2009-12-09,"SF43718",12.9862,"Tipo de cambio FIX USD/MXN"
2009-12-10,"SF43718",12.9739,"Tipo de cambio FIX USD/MXN"
2009-12-11,"SF43718",12.9253,"Tipo de cambio FIX USD/MXN"
2009-12-14,"SF43718",12.8105,"Tipo de cambio FIX USD/MXN"
2009-12-15,"SF43718",12.7234,"Tipo de cambio FIX USD/MXN"
2009-12-16,"SF43718",12.698,"Tipo de cambio FIX USD/MXN"
2009-12-17,"SF43718",12.9331,"Tipo de cambio FIX USD/MXN"
2009-12-18,"SF43718",12.8979,"Tipo de cambio FIX USD/MXN"
2009-12-21,"SF43718",12.8121,"Tipo de cambio FIX USD/MXN"
2009-12-22,"SF43718",12.9449,"Tipo de cambio FIX USD/MXN"
2009-12-23,"SF43718",12.8896,"Tipo de cambio FIX USD/MXN"
2009-12-24,"SF43718",12.8793,"Tipo de cambio FIX USD/MXN"
2009-12-28,"SF43718",12.9288,"Tipo de cambio FIX USD/MXN"
2009-12-29,"SF43718",13.0587,"Tipo de cambio FIX USD/MXN"
2009-12-30,"SF43718",13.0437,"Tipo de cambio FIX USD/MXN"
2009-12-31,"SF43718",13.0659,"Tipo de cambio FIX USD/MXN"
2010-01-04,"SF43718",12.9226,"Tipo de cambio FIX USD/MXN"
2010-01-05,"SF43718",12.8241,"Tipo de cambio FIX USD/MXN"
2010-01-06,"SF43718",12.7489,"Tipo de cambio FIX USD/MXN"
2010-01-07,"SF43718",12.7646,"Tipo de cambio FIX USD/MXN"
2010-01-08,"SF43718",12.7243,"Tipo de cambio FIX USD/MXN"
2010-01-11,"SF43718",12.6692,"Tipo de cambio FIX USD/MXN"
2010-01-12,"SF43718",12.7291,"Tipo de cambio FIX USD/MXN"
2010-01-13,"SF43718",12.7698,"Tipo de cambio FIX USD/MXN"
2010-01-14,"SF43718",12.7364,"Tipo de cambio FIX USD/MXN"
2010-01-15,"SF43718",12.6884,"Tipo de cambio FIX USD/MXN"
2010-01-18,"SF43718",12.6664,"Tipo de cambio FIX USD/MXN"
2010-01-19,"SF43718",12.6478,"Tipo de cambio FIX USD/MXN"
2010-01-20,"SF43718",12.7388,"Tipo de cambio FIX USD/MXN"
2010-01-21,"SF43718",12.772,"Tipo de cambio FIX USD/MXN"
2010-01-22,"SF43718",12.9412,"Tipo de cambio FIX USD/MXN"
2010-01-25,"SF43718",12.9018,"Tipo de cambio FIX USD/MXN"
2010-01-26,"SF43718",12.8549,"Tipo de cambio FIX USD/MXN"
2010-01-27,"SF43718",12.9295,"Tipo de cambio FIX USD/MXN"
2010-01-28,"SF43718",12.9975,"Tipo de cambio FIX USD/MXN"
2010-01-29,"SF43718",13.0098,"Tipo de cambio FIX USD/MXN"
2010-02-02,"SF43718",12.8699,"Tipo de cambio FIX USD/MXN"
2010-02-03,"SF43718",12.9395,"Tipo de cambio FIX USD/MXN"
2010-02-04,"SF43718",13.0687,"Tipo de cambio FIX USD/MXN"
2010-02-05,"SF43718",13.1753,"Tipo de cambio FIX USD/MXN"
2010-02-08,"SF43718",13.164,"Tipo de cambio FIX USD/MXN"
2010-02-09,"SF43718",13.0836,"Tipo de cambio FIX USD/MXN"
2010-02-10,"SF43718",13.0601,"Tipo de cambio FIX USD/MXN"
2010-02-11,"SF43718",13.0609,"Tipo de cambio FIX USD/MXN"
2010-02-12,"SF43718",12.9764,"Tipo de cambio FIX USD/MXN"
2010-02-15,"SF43718",12.942,"Tipo de cambio FIX USD/MXN"
2010-02-16,"SF43718",12.8683,"Tipo de cambio FIX USD/MXN"
2010-02-17,"SF43718",12.8781,"Tipo de cambio FIX USD/MXN"
2010-02-18,"SF43718",12.8442,"Tipo de cambio FIX USD/MXN"
2010-02-19,"SF43718",12.8337,"Tipo de cambio FIX USD/MXN"
2010-02-22,"SF43718",12.8017,"Tipo de cambio FIX USD/MXN"
2010-02-23,"SF43718",12.8584,"Tipo de cambio FIX USD/MXN"
2010-02-24,"SF43718",12.8539,"Tipo de cambio FIX USD/MXN"
2010-02-25,"SF43718",12.8503,"Tipo de cambio FIX USD/MXN"
2010-02-26,"SF43718",12.7769,"Tipo de cambio FIX USD/MXN"
2010-03-01,"SF43718",12.7454,"Tipo de cambio FIX USD/MXN"
2010-03-02,"SF43718",12.7259,"Tipo de cambio FIX USD/MXN"
2010-03-03,"SF43718",12.69,"Tipo de cambio FIX USD/MXN"
2010-03-04,"SF43718",12.7182,"Tipo de cambio FIX USD/MXN"
2010-03-05,"SF43718",12.6557,"Tipo de cambio FIX USD/MXN"
2010-03-08,"SF43718",12.6618,"Tipo de cambio FIX USD/MXN"
2010-03-09,"SF43718",12.6574,"Tipo de cambio FIX USD/MXN"
2010-03-10,"SF43718",12.6028,"Tipo de cambio FIX USD/MXN"
2010-03-11,"SF43718",12.6192,"Tipo de cambio FIX USD/MXN"
2010-03-12,"SF43718",12.5527,"Tipo de cambio FIX USD/MXN"
2010-03-16,"SF43718",12.5254,"Tipo de cambio FIX USD/MXN"
2010-03-17,"SF43718",12.4892,"Tipo de cambio FIX USD/MXN"
2010-03-18,"SF43718",12.4729,"Tipo de cambio FIX USD/MXN"
2010-03-19,"SF43718",12.5796,"Tipo de cambio FIX USD/MXN"
2010-03-22,"SF43718",12.6052,"Tipo de cambio FIX USD/MXN"
2010-03-23,"SF43718",12.5284,"Tipo de cambio FIX USD/MXN"
2010-03-24,"SF43718",12.5381,"Tipo de cambio FIX USD/MXN"
2010-03-25,"SF43718",12.5009,"Tipo de cambio FIX USD/MXN"
2010-03-26,"SF43718",12.5426,"Tipo de cambio FIX USD/MXN"
2010-03-29,"SF43718",12.464,"Tipo de cambio FIX USD/MXN"
2010-03-30,"SF43718",12.4145,"Tipo de cambio FIX USD/MXN"
2010-03-31,"SF43718",12.3306,"Tipo de cambio FIX USD/MXN"
2010-04-05,"SF43718",12.2658,"Tipo de cambio FIX USD/MXN"
2010-04-06,"SF43718",12.2454,"Tipo de cambio FIX USD/MXN"
2010-04-07,"SF43718",12.2218,"Tipo de cambio FIX USD/MXN"
2010-04-08,"SF43718",12.2488,"Tipo de cambio FIX USD/MXN"
2010-04-09,"SF43718",12.1997,"Tipo de cambio FIX USD/MXN"
2010-04-12,"SF43718",12.1808,"Tipo de cambio FIX USD/MXN"
2010-04-13,"SF43718",12.2122,"Tipo de cambio FIX USD/MXN"
2010-04-14,"SF43718",12.1827,"Tipo de cambio FIX USD/MXN"
2010-04-15,"SF43718",12.1934,"Tipo de cambio FIX USD/MXN"
2010-04-16,"SF43718",12.2356,"Tipo de cambio FIX USD/MXN"
2010-04-19,"SF43718",12.3064,"Tipo de cambio FIX USD/MXN"
2010-04-20,"SF43718",12.2188,"Tipo de cambio FIX USD/MXN"
2010-04-21,"SF43718",12.1896,"Tipo de cambio FIX USD/MXN"
2010-04-22,"SF43718",12.2405,"Tipo de cambio FIX USD/MXN"
2010-04-23,"SF43718",12.1973,"Tipo de cambio FIX USD/MXN"
2010-04-26,"SF43718",12.1575,"Tipo de cambio FIX USD/MXN"
2010-04-27,"SF43718",12.2278,"Tipo de cambio FIX USD/MXN"
2010-04-28,"SF43718",12.3698,"Tipo de cambio FIX USD/MXN"
2010-04-29,"SF43718",12.2465,"Tipo de cambio FIX USD/MXN"
2010-04-30,"SF43718",12.2626,"Tipo de cambio FIX USD/MXN"
2010-05-03,"SF43718",12.2605,"Tipo de cambio FIX USD/MXN"
2010-05-04,"SF43718",12.4288,"Tipo de cambio FIX USD/MXN"
2010-05-05,"SF43718",12.6635,"Tipo de cambio FIX USD/MXN"
2010-05-06,"SF43718",12.7884,"Tipo de cambio FIX USD/MXN"
2010-05-07,"SF43718",12.9179,"Tipo de cambio FIX USD/MXN"
2010-05-10,"SF43718",12.5297,"Tipo de cambio FIX USD/MXN"
2010-05-11,"SF43718",12.5025,"Tipo de cambio FIX USD/MXN"
2010-05-12,"SF43718",12.4351,"Tipo de cambio FIX USD/MXN"
2010-05-13,"SF43718",12.3501,"Tipo de cambio FIX USD/MXN"
2010-05-14,"SF43718",12.5684,"Tipo de cambio FIX USD/MXN"
2010-05-17,"SF43718",12.6926,"Tipo de cambio FIX USD/MXN"
2010-05-18,"SF43718",12.5787,"Tipo de cambio FIX USD/MXN"
2010-05-19,"SF43718",12.9138,"Tipo de cambio FIX USD/MXN"
2010-05-20,"SF43718",13.1412,"Tipo de cambio FIX USD/MXN"
2010-05-21,"SF43718",13.0338,"Tipo de cambio FIX USD/MXN"
2010-05-24,"SF43718",12.9588,"Tipo de cambio FIX USD/MXN"
2010-05-25,"SF43718",13.1819,"Tipo de cambio FIX USD/MXN"
2010-05-26,"SF43718",12.9955,"Tipo de cambio FIX USD/MXN"
2010-05-27,"SF43718",12.8846,"Tipo de cambio FIX USD/MXN"
2010-05-28,"SF43718",12.8589,"Tipo de cambio FIX USD/MXN"
2010-05-31,"SF43718",12.9146,"Tipo de cambio FIX USD/MXN"
2010-06-01,"SF43718",12.9012,"Tipo de cambio FIX USD/MXN"
2010-06-02,"SF43718",12.8625,"Tipo de cambio FIX USD/MXN"
2010-06-03,"SF43718",12.7644,"Tipo de cambio FIX USD/MXN"
2010-06-04,"SF43718",12.8603,"Tipo de cambio FIX USD/MXN"
2010-06-07,"SF43718",12.9202,"Tipo de cambio FIX USD/MXN"
2010-06-08,"SF43718",12.9288,"Tipo de cambio FIX USD/MXN"
2010-06-09,"SF43718",12.8093,"Tipo de cambio FIX USD/MXN"
2010-06-10,"SF43718",12.7441,"Tipo de cambio FIX USD/MXN"
2010-06-11,"SF43718",12.6748,"Tipo de cambio FIX USD/MXN"
2010-06-14,"SF43718",12.5974,"Tipo de cambio FIX USD/MXN"
2010-06-15,"SF43718",12.6001,"Tipo de cambio FIX USD/MXN"
2010-06-16,"SF43718",12.5878,"Tipo de cambio FIX USD/MXN"
2010-06-17,"SF43718",12.5925,"Tipo de cambio FIX USD/MXN"
2010-06-18,"SF43718",12.54,"Tipo de cambio FIX USD/MXN"
2010-06-21,"SF43718",12.4604,"Tipo de cambio FIX USD/MXN"
2010-06-22,"SF43718",12.5246,"Tipo de cambio FIX USD/MXN"
2010-06-23,"SF43718",12.6984,"Tipo de cambio FIX USD/MXN"
2010-06-24,"SF43718",12.7141,"Tipo de cambio FIX USD/MXN"
2010-06-25,"SF43718",12.7042,"Tipo de cambio FIX USD/MXN"
2010-06-28,"SF43718",12.6567,"Tipo de cambio FIX USD/MXN"
2010-06-29,"SF43718",12.8394,"Tipo de cambio FIX USD/MXN"
2010-06-30,"SF43718",12.8441,"Tipo de cambio FIX USD/MXN"
2010-07-01,"SF43718",13.0325,"Tipo de cambio FIX USD/MXN"
2010-07-02,"SF43718",13.059,"Tipo de cambio FIX USD/MXN"
2010-07-05,"SF43718",13.0953,"Tipo de cambio FIX USD/MXN"
2010-07-06,"SF43718",12.9308,"Tipo de cambio FIX USD/MXN"
2010-07-07,"SF43718",12.8975,"Tipo de cambio FIX USD/MXN"
2010-07-08,"SF43718",12.8232,"Tipo de cambio FIX USD/MXN"
2010-07-09,"SF43718",12.7859,"Tipo de cambio FIX USD/MXN"
2010-07-12,"SF43718",12.8233,"Tipo de cambio FIX USD/MXN"
2010-07-13,"SF43718",12.714,"Tipo de cambio FIX USD/MXN"
2010-07-14,"SF43718",12.7176,"Tipo de cambio FIX USD/MXN"
2010-07-15,"SF43718",12.7795,"Tipo de cambio FIX USD/MXN"
2010-07-16,"SF43718",12.9013,"Tipo de cambio FIX USD/MXN"
2010-07-19,"SF43718",12.9162,"Tipo de cambio FIX USD/MXN"
2010-07-20,"SF43718",12.8549,"Tipo de cambio FIX USD/MXN"
2010-07-21,"SF43718",12.7798,"Tipo de cambio FIX USD/MXN"
2010-07-22,"SF43718",12.756,"Tipo de cambio FIX USD/MXN"
2010-07-23,"SF43718",12.7749,"Tipo de cambio FIX USD/MXN"
2010-07-26,"SF43718",12.6975,"Tipo de cambio FIX USD/MXN"
2010-07-27,"SF43718",12.6469,"Tipo de cambio FIX USD/MXN"
2010-07-28,"SF43718",12.6798,"Tipo de cambio FIX USD/MXN"
2010-07-29,"SF43718",12.7038,"Tipo de cambio FIX USD/MXN"
2010-07-30,"SF43718",12.6455,"Tipo de cambio FIX USD/MXN"
2010-08-02,"SF43718",12.5728,"Tipo de cambio FIX USD/MXN"
2010-08-03,"SF43718",12.6048,"Tipo de cambio FIX USD/MXN"
2010-08-04,"SF43718",12.5535,"Tipo de cambio FIX USD/MXN"
2010-08-05,"SF43718",12.5367,"Tipo de cambio FIX USD/MXN"
2010-08-06,"SF43718",12.655,"Tipo de cambio FIX USD/MXN"
2010-08-09,"SF43718",12.6461,"Tipo de cambio FIX USD/MXN"
2010-08-10,"SF43718",12.6927,"Tipo de cambio FIX USD/MXN"
2010-08-11,"SF43718",12.7432,"Tipo de cambio FIX USD/MXN"
2010-08-12,"SF43718",12.7258,"Tipo de cambio FIX USD/MXN"
2010-08-13,"SF43718",12.7256,"Tipo de cambio FIX USD/MXN"
2010-08-16,"SF43718",12.6458,"Tipo de cambio FIX USD/MXN"
2010-08-17,"SF43718",12.5944,"Tipo de cambio FIX USD/MXN"
2010-08-18,"SF43718",12.6073,"Tipo de cambio FIX USD/MXN"
2010-08-19,"SF43718",12.7226,"Tipo de cambio FIX USD/MXN"
2010-08-20,"SF43718",12.7683,"Tipo de cambio FIX USD/MXN"
2010-08-23,"SF43718",12.8492,"Tipo de cambio FIX USD/MXN"
2010-08-24,"SF43718",12.936,"Tipo de cambio FIX USD/MXN"
2010-08-25,"SF43718",13.0453,"Tipo de cambio FIX USD/MXN"
2010-08-26,"SF43718",12.984,"Tipo de cambio FIX USD/MXN"
2010-08-27,"SF43718",13.0148,"Tipo de cambio FIX USD/MXN"
2010-08-30,"SF43718",13.1367,"Tipo de cambio FIX USD/MXN"
2010-08-31,"SF43718",13.1676,"Tipo de cambio FIX USD/MXN"
2010-09-01,"SF43718",13.0538,"Tipo de cambio FIX USD/MXN"
2010-09-02,"SF43718",13.055,"Tipo de cambio FIX USD/MXN"
2010-09-03,"SF43718",12.9526,"Tipo de cambio FIX USD/MXN"
2010-09-06,"SF43718",12.9395,"Tipo de cambio FIX USD/MXN"
2010-09-07,"SF43718",13.0566,"Tipo de cambio FIX USD/MXN"
2010-09-08,"SF43718",13.0034,"Tipo de cambio FIX USD/MXN"
2010-09-09,"SF43718",12.9853,"Tipo de cambio FIX USD/MXN"
2010-09-10,"SF43718",12.9616,"Tipo de cambio FIX USD/MXN"
2010-09-13,"SF43718",12.8729,"Tipo de cambio FIX USD/MXN"
2010-09-14,"SF43718",12.8355,"Tipo de cambio FIX USD/MXN"
2010-09-15,"SF43718",12.7793,"Tipo de cambio FIX USD/MXN"
2010-09-20,"SF43718",12.7623,"Tipo de cambio FIX USD/MXN"
2010-09-21,"SF43718",12.7594,"Tipo de cambio FIX USD/MXN"
2010-09-22,"SF43718",12.6886,"Tipo de cambio FIX USD/MXN"
2010-09-23,"SF43718",12.6422,"Tipo de cambio FIX USD/MXN"
2010-09-24,"SF43718",12.5491,"Tipo de cambio FIX USD/MXN"
2010-09-27,"SF43718",12.5168,"Tipo de cambio FIX USD/MXN"
2010-09-28,"SF43718",12.5011,"Tipo de cambio FIX USD/MXN"
2010-09-29,"SF43718",12.4801,"Tipo de cambio FIX USD/MXN"
2010-09-30,"SF43718",12.5998,"Tipo de cambio FIX USD/MXN"
2010-10-01,"SF43718",12.5511,"Tipo de cambio FIX USD/MXN"
2010-10-04,"SF43718",12.5875,"Tipo de cambio FIX USD/MXN"
2010-10-05,"SF43718",12.5099,"Tipo de cambio FIX USD/MXN"
2010-10-06,"SF43718",12.4779,"Tipo de cambio FIX USD/MXN"
2010-10-07,"SF43718",12.5277,"Tipo de cambio FIX USD/MXN"
2010-10-08,"SF43718",12.4895,"Tipo de cambio FIX USD/MXN"
2010-10-11,"SF43718",12.4224,"Tipo de cambio FIX USD/MXN"
2010-10-12,"SF43718",12.432,"Tipo de cambio FIX USD/MXN"
2010-10-13,"SF43718",12.3683,"Tipo de cambio FIX USD/MXN"
2010-10-14,"SF43718",12.4101,"Tipo de cambio FIX USD/MXN"
2010-10-15,"SF43718",12.4276,"Tipo de cambio FIX USD/MXN"
2010-10-18,"SF43718",12.4135,"Tipo de cambio FIX USD/MXN"
2010-10-19,"SF43718",12.4818,"Tipo de cambio FIX USD/MXN"
2010-10-20,"SF43718",12.4117,"Tipo de cambio FIX USD/MXN"
2010-10-21,"SF43718",12.3613,"Tipo de cambio FIX USD/MXN"
2010-10-22,"SF43718",12.3877,"Tipo de cambio FIX USD/MXN"
2010-10-25,"SF43718",12.3205,"Tipo de cambio FIX USD/MXN"
2010-10-26,"SF43718",12.3859,"Tipo de cambio FIX USD/MXN"
2010-10-27,"SF43718",12.4776,"Tipo de cambio FIX USD/MXN"
2010-10-28,"SF43718",12.4023,"Tipo de cambio FIX USD/MXN"
2010-10-29,"SF43718",12.3387,"Tipo de cambio FIX USD/MXN"
2010-11-01,"SF43718",12.3452,"Tipo de cambio FIX USD/MXN"
2010-11-03,"SF43718",12.3041,"Tipo de cambio FIX USD/MXN"
2010-11-04,"SF43718",12.2381,"Tipo de cambio FIX USD/MXN"
2010-11-05,"SF43718",12.2055,"Tipo de cambio FIX USD/MXN"
2010-11-08,"SF43718",12.2483,"Tipo de cambio FIX USD/MXN"
2010-11-09,"SF43718",12.2068,"Tipo de cambio FIX USD/MXN"
2010-11-10,"SF43718",12.2714,"Tipo de cambio FIX USD/MXN"
2010-11-11,"SF43718",12.2596,"Tipo de cambio FIX USD/MXN"
2010-11-12,"SF43718",12.2626,"Tipo de cambio FIX USD/MXN"
2010-11-16,"SF43718",12.4353,"Tipo de cambio FIX USD/MXN"
2010-11-17,"SF43718",12.3783,"Tipo de cambio FIX USD/MXN"
2010-11-18,"SF43718",12.2924,"Tipo de cambio FIX USD/MXN"
2010-11-19,"SF43718",12.2996,"Tipo de cambio FIX USD/MXN"
2010-11-22,"SF43718",12.309,"Tipo de cambio FIX USD/MXN"
2010-11-23,"SF43718",12.4577,"Tipo de cambio FIX USD/MXN"
2010-11-24,"SF43718",12.3912,"Tipo de cambio FIX USD/MXN"
2010-11-25,"SF43718",12.3669,"Tipo de cambio FIX USD/MXN"
2010-11-26,"SF43718",12.489,"Tipo de cambio FIX USD/MXN"
2010-11-29,"SF43718",12.5538,"Tipo de cambio FIX USD/MXN"
2010-11-30,"SF43718",12.4664,"Tipo de cambio FIX USD/MXN"
2010-12-01,"SF43718",12.3967,"Tipo de cambio FIX USD/MXN"
2010-12-02,"SF43718",12.3546,"Tipo de cambio FIX USD/MXN"
2010-12-03,"SF43718",12.3597,"Tipo de cambio FIX USD/MXN"
2010-12-06,"SF43718",12.3884,"Tipo de cambio FIX USD/MXN"
2010-12-07,"SF43718",12.4123,"Tipo de cambio FIX USD/MXN"
2010-12-08,"SF43718",12.4484,"Tipo de cambio FIX USD/MXN"
2010-12-09,"SF43718",12.4586,"Tipo de cambio FIX USD/MXN"
2010-12-10,"SF43718",12.4617,"Tipo de cambio FIX USD/MXN"
2010-12-13,"SF43718",12.3869,"Tipo de cambio FIX USD/MXN"
2010-12-14,"SF43718",12.3703,"Tipo de cambio FIX USD/MXN"
2010-12-15,"SF43718",12.3963,"Tipo de cambio FIX USD/MXN"
2010-12-16,"SF43718",12.4505,"Tipo de cambio FIX USD/MXN"
2010-12-17,"SF43718",12.4345,"Tipo de cambio FIX USD/MXN"
2010-12-20,"SF43718",12.417,"Tipo de cambio FIX USD/MXN"
2010-12-21,"SF43718",12.372,"Tipo de cambio FIX USD/MXN"
2010-12-22,"SF43718",12.3379,"Tipo de cambio FIX USD/MXN"
2010-12-23,"SF43718",12.3332,"Tipo de cambio FIX USD/MXN"
2010-12-24,"SF43718",12.3459,"Tipo de cambio FIX USD/MXN"
2010-12-27,"SF43718",12.3653,"Tipo de cambio FIX USD/MXN"
2010-12-28,"SF43718",12.3567,"Tipo de cambio FIX USD/MXN"
2010-12-29,"SF43718",12.3571,"Tipo de cambio FIX USD/MXN"
2010-12-30,"SF43718",12.3817,"Tipo de cambio FIX USD/MXN"
2010-12-31,"SF43718",12.3496,"Tipo de cambio FIX USD/MXN"
2011-01-03,"SF43718",12.2574,"Tipo de cambio FIX USD/MXN"
2011-01-04,"SF43718",12.2619,"Tipo de cambio FIX USD/MXN"
2011-01-05,"SF43718",12.2064,"Tipo de cambio FIX USD/MXN"
2011-01-06,"SF43718",12.2256,"Tipo de cambio FIX USD/MXN"
2011-01-07,"SF43718",12.2369,"Tipo de cambio FIX USD/MXN"
2011-01-10,"SF43718",12.2542,"Tipo de cambio FIX USD/MXN"
2011-01-11,"SF43718",12.1907,"Tipo de cambio FIX USD/MXN"
2011-01-12,"SF43718",12.0757,"Tipo de cambio FIX USD/MXN"
2011-01-13,"SF43718",12.1028,"Tipo de cambio FIX USD/MXN"
2011-01-14,"SF43718",12.0871,"Tipo de cambio FIX USD/MXN"
2011-01-17,"SF43718",12.0299,"Tipo de cambio FIX USD/MXN"
2011-01-18,"SF43718",12.0261,"Tipo de cambio FIX USD/MXN"
2011-01-19,"SF43718",12.0744,"Tipo de cambio FIX USD/MXN"
2011-01-20,"SF43718",12.0903,"Tipo de cambio FIX USD/MXN"
2011-01-21,"SF43718",12.0482,"Tipo de cambio FIX USD/MXN"
2011-01-24,"SF43718",12.0516,"Tipo de cambio FIX USD/MXN"
2011-01-25,"SF43718",12.0856,"Tipo de cambio FIX USD/MXN"
2011-01-26,"SF43718",12.0408,"Tipo de cambio FIX USD/MXN"
2011-01-27,"SF43718",12.0239,"Tipo de cambio FIX USD/MXN"
2011-01-28,"SF43718",12.1214,"Tipo de cambio FIX USD/MXN"
2011-01-31,"SF43718",12.1519,"Tipo de cambio FIX USD/MXN"
2011-02-01,"SF43718",12.017,"Tipo de cambio FIX USD/MXN"
2011-02-02,"SF43718",12.019,"Tipo de cambio FIX USD/MXN"
2011-02-03,"SF43718",12.0499,"Tipo de cambio FIX USD/MXN"
2011-02-04,"SF43718",11.9946,"Tipo de cambio FIX USD/MXN"
2011-02-08,"SF43718",11.9937,"Tipo de cambio FIX USD/MXN"
2011-02-09,"SF43718",12.0432,"Tipo de cambio FIX USD/MXN"
2011-02-10,"SF43718",12.0937,"Tipo de cambio FIX USD/MXN"
2011-02-11,"SF43718",12.0635,"Tipo de cambio FIX USD/MXN"
2011-02-14,"SF43718",12.0461,"Tipo de cambio FIX USD/MXN"
2011-02-15,"SF43718",12.114,"Tipo de cambio FIX USD/MXN"
2011-02-16,"SF43718",12.0957,"Tipo de cambio FIX USD/MXN"
2011-02-17,"SF43718",12.0483,"Tipo de cambio FIX USD/MXN"
2011-02-18,"SF43718",12.0172,"Tipo de cambio FIX USD/MXN"
2011-02-21,"SF43718",12.0558,"Tipo de cambio FIX USD/MXN"
2011-02-22,"SF43718",12.0917,"Tipo de cambio FIX USD/MXN"
2011-02-23,"SF43718",12.19,"Tipo de cambio FIX USD/MXN"
2011-02-24,"SF43718",12.173,"Tipo de cambio FIX USD/MXN"
2011-02-25,"SF43718",12.1235,"Tipo de cambio FIX USD/MXN"
2011-02-28,"SF43718",12.1062,"Tipo de cambio FIX USD/MXN"
2011-03-01,"SF43718",12.0929,"Tipo de cambio FIX USD/MXN"
2011-03-02,"SF43718",12.0981,"Tipo de cambio FIX USD/MXN"
2011-03-03,"SF43718",12.0368,"Tipo de cambio FIX USD/MXN"
2011-03-04,"SF43718",12.0064,"Tipo de cambio FIX USD/MXN"
2011-03-07,"SF43718",12.017,"Tipo de cambio FIX USD/MXN"
2011-03-08,"SF43718",12.0254,"Tipo de cambio FIX USD/MXN"
2011-03-09,"SF43718",11.968,"Tipo de cambio FIX USD/MXN"
2011-03-10,"SF43718",11.9755,"Tipo de cambio FIX USD/MXN"
2011-03-11,"SF43718",11.9441,"Tipo de cambio FIX USD/MXN"
2011-03-14,"SF43718",11.9235,"Tipo de cambio FIX USD/MXN"
2011-03-15,"SF43718",12.0171,"Tipo de cambio FIX USD/MXN"
2011-03-16,"SF43718",12.071,"Tipo de cambio FIX USD/MXN"
2011-03-17,"SF43718",12.0925,"Tipo de cambio FIX USD/MXN"
2011-03-18,"SF43718",12.0615,"Tipo de cambio FIX USD/MXN"
2011-03-22,"SF43718",11.9885,"Tipo de cambio FIX USD/MXN"
2011-03-23,"SF43718",12.0004,"Tipo de cambio FIX USD/MXN"
2011-03-24,"SF43718",11.9555,"Tipo de cambio FIX USD/MXN"
2011-03-25,"SF43718",11.9505,"Tipo de cambio FIX USD/MXN"
2011-03-28,"SF43718",11.959,"Tipo de cambio FIX USD/MXN"
2011-03-29,"SF43718",11.9678,"Tipo de cambio FIX USD/MXN"
2011-03-30,"SF43718",11.9219,"Tipo de cambio FIX USD/MXN"
2011-03-31,"SF43718",11.9084,"Tipo de cambio FIX USD/MXN"
2011-04-01,"SF43718",11.8412,"Tipo de cambio FIX USD/MXN"
2011-04-04,"SF43718",11.8533,"Tipo de cambio FIX USD/MXN"
2011-04-05,"SF43718",11.8322,"Tipo de cambio FIX USD/MXN"
2011-04-06,"SF43718",11.7836,"Tipo de cambio FIX USD/MXN"
2011-04-07,"SF43718",11.7931,"Tipo de cambio FIX USD/MXN"
2011-04-08,"SF43718",11.7421,"Tipo de cambio FIX USD/MXN"
2011-04-11,"SF43718",11.7447,"Tipo de cambio FIX USD/MXN"
2011-04-12,"SF43718",11.8266,"Tipo de cambio FIX USD/MXN"
2011-04-13,"SF43718",11.7907,"Tipo de cambio FIX USD/MXN"
2011-04-14,"SF43718",11.7679,"Tipo de cambio FIX USD/MXN"
2011-04-15,"SF43718",11.709,"Tipo de cambio FIX USD/MXN"
2011-04-18,"SF43718",11.7783,"Tipo de cambio FIX USD/MXN"
2011-04-19,"SF43718",11.6925,"Tipo de cambio FIX USD/MXN"
2011-04-20,"SF43718",11.6252,"Tipo de cambio FIX USD/MXN"
2011-04-25,"SF43718",11.6294,"Tipo de cambio FIX USD/MXN"
2011-04-26,"SF43718",11.5824,"Tipo de cambio FIX USD/MXN"
2011-04-27,"SF43718",11.5868,"Tipo de cambio FIX USD/MXN"
2011-04-28,"SF43718",11.5428,"Tipo de cambio FIX USD/MXN"
2011-04-29,"SF43718",11.5278,"Tipo de cambio FIX USD/MXN"
2011-05-02,"SF43718",11.5023,"Tipo de cambio FIX USD/MXN"
2011-05-03,"SF43718",11.5665,"Tipo de cambio FIX USD/MXN"
2011-05-04,"SF43718",11.6214,"Tipo de cambio FIX USD/MXN"
2011-05-05,"SF43718",11.6934,"Tipo de cambio FIX USD/MXN"
2011-05-06,"SF43718",11.609,"Tipo de cambio FIX USD/MXN"
2011-05-09,"SF43718",11.641,"Tipo de cambio FIX USD/MXN"
2011-05-10,"SF43718",11.6009,"Tipo de cambio FIX USD/MXN"
2011-05-11,"SF43718",11.6075,"Tipo de cambio FIX USD/MXN"
2011-05-12,"SF43718",11.6656,"Tipo de cambio FIX USD/MXN"
2011-05-13,"SF43718",11.7219,"Tipo de cambio FIX USD/MXN"
2011-05-16,"SF43718",11.7094,"Tipo de cambio FIX USD/MXN"
2011-05-17,"SF43718",11.766,"Tipo de cambio FIX USD/MXN"
2011-05-18,"SF43718",11.7234,"Tipo de cambio FIX USD/MXN"
2011-05-19,"SF43718",11.6588,"Tipo de cambio FIX USD/MXN"
2011-05-20,"SF43718",11.6467,"Tipo de cambio FIX USD/MXN"
2011-05-23,"SF43718",11.7292,"Tipo de cambio FIX USD/MXN"
2011-05-24,"SF43718",11.7032,"Tipo de cambio FIX USD/MXN"
2011-05-25,"SF43718",11.6948,"Tipo de cambio FIX USD/MXN"
2011-05-26,"SF43718",11.6956,"Tipo de cambio FIX USD/MXN"
2011-05-27,"SF43718",11.6256,"Tipo de cambio FIX USD/MXN"
2011-05-30,"SF43718",11.6123,"Tipo de cambio FIX USD/MXN"
2011-05-31,"SF43718",11.578,"Tipo de cambio FIX USD/MXN"
2011-06-01,"SF43718",11.6277,"Tipo de cambio FIX USD/MXN"
2011-06-02,"SF43718",11.6739,"Tipo de cambio FIX USD/MXN"
2011-06-03,"SF43718",11.6689,"Tipo de cambio FIX USD/MXN"
2011-06-06,"SF43718",11.6983,"Tipo de cambio FIX USD/MXN"
2011-06-07,"SF43718",11.7196,"Tipo de cambio FIX USD/MXN"
2011-06-08,"SF43718",11.8001,"Tipo de cambio FIX USD/MXN"
2011-06-09,"SF43718",11.7965,"Tipo de cambio FIX USD/MXN"
2011-06-10,"SF43718",11.8686,"Tipo de cambio FIX USD/MXN"
2011-06-13,"SF43718",11.868,"Tipo de cambio FIX USD/MXN"
2011-06-14,"SF43718",11.7982,"Tipo de cambio FIX USD/MXN"
2011-06-15,"SF43718",11.8751,"Tipo de cambio FIX USD/MXN"
2011-06-16,"SF43718",11.9591,"Tipo de cambio FIX USD/MXN"
2011-06-17,"SF43718",11.9006,"Tipo de cambio FIX USD/MXN"
2011-06-20,"SF43718",11.8916,"Tipo de cambio FIX USD/MXN"
2011-06-21,"SF43718",11.813,"Tipo de cambio FIX USD/MXN"
2011-06-22,"SF43718",11.7789,"Tipo de cambio FIX USD/MXN"
2011-06-23,"SF43718",11.8816,"Tipo de cambio FIX USD/MXN"
2011-06-24,"SF43718",11.8822,"Tipo de cambio FIX USD/MXN"
2011-06-27,"SF43718",11.8938,"Tipo de cambio FIX USD/MXN"
2011-06-28,"SF43718",11.8389,"Tipo de cambio FIX USD/MXN"
2011-06-29,"SF43718",11.7748,"Tipo de cambio FIX USD/MXN"
2011-06-30,"SF43718",11.723,"Tipo de cambio FIX USD/MXN"
2011-07-01,"SF43718",11.6368,"Tipo de cambio FIX USD/MXN"
2011-07-04,"SF43718",11.5925,"Tipo de cambio FIX USD/MXN"
2011-07-05,"SF43718",11.6194,"Tipo de cambio FIX USD/MXN"
2011-07-06,"SF43718",11.6544,"Tipo de cambio FIX USD/MXN"
2011-07-07,"SF43718",11.5738,"Tipo de cambio FIX USD/MXN"
2011-07-08,"SF43718",11.6337,"Tipo de cambio FIX USD/MXN"
2011-07-11,"SF43718",11.7274,"Tipo de cambio FIX USD/MXN"
2011-07-12,"SF43718",11.7867,"Tipo de cambio FIX USD/MXN"
2011-07-13,"SF43718",11.717,"Tipo de cambio FIX USD/MXN"
2011-07-14,"SF43718",11.701,"Tipo de cambio FIX USD/MXN"
2011-07-15,"SF43718",11.7178,"Tipo de cambio FIX USD/MXN"
2011-07-18,"SF43718",11.7877,"Tipo de cambio FIX USD/MXN"
2011-07-19,"SF43718",11.6964,"Tipo de cambio FIX USD/MXN"
2011-07-20,"SF43718",11.6638,"Tipo de cambio FIX USD/MXN"
2011-07-21,"SF43718",11.6174,"Tipo de cambio FIX USD/MXN"
2011-07-22,"SF43718",11.6393,"Tipo de cambio FIX USD/MXN"
2011-07-25,"SF43718",11.6641,"Tipo de cambio FIX USD/MXN"
2011-07-26,"SF43718",11.6172,"Tipo de cambio FIX USD/MXN"
2011-07-27,"SF43718",11.6527,"Tipo de cambio FIX USD/MXN"
2011-07-28,"SF43718",11.6821,"Tipo de cambio FIX USD/MXN"
2011-07-29,"SF43718",11.7425,"Tipo de cambio FIX USD/MXN"
2011-08-01,"SF43718",11.7514,"Tipo de cambio FIX USD/MXN"
2011-08-02,"SF43718",11.7657,"Tipo de cambio FIX USD/MXN"
2011-08-03,"SF43718",11.8473,"Tipo de cambio FIX USD/MXN"
2011-08-04,"SF43718",11.9523,"Tipo de cambio FIX USD/MXN"
2011-08-05,"SF43718",11.9794,"Tipo de cambio FIX USD/MXN"
2011-08-08,"SF43718",12.1845,"Tipo de cambio FIX USD/MXN"
2011-08-09,"SF43718",12.371,"Tipo de cambio FIX USD/MXN"
2011-08-10,"SF43718",12.3221,"Tipo de cambio FIX USD/MXN"
2011-08-11,"SF43718",12.3899,"Tipo de cambio FIX USD/MXN"
2011-08-12,"SF43718",12.2992,"Tipo de cambio FIX USD/MXN"
2011-08-15,"SF43718",12.2424,"Tipo de cambio FIX USD/MXN"
2011-08-16,"SF43718",12.2631,"Tipo de cambio FIX USD/MXN"
2011-08-17,"SF43718",12.1651,"Tipo de cambio FIX USD/MXN"
2011-08-18,"SF43718",12.3685,"Tipo de cambio FIX USD/MXN"
2011-08-19,"SF43718",12.2386,"Tipo de cambio FIX USD/MXN"
2011-08-22,"SF43718",12.2948,"Tipo de cambio FIX USD/MXN"
2011-08-23,"SF43718",12.3357,"Tipo de cambio FIX USD/MXN"
2011-08-24,"SF43718",12.3952,"Tipo de cambio FIX USD/MXN"
2011-08-25,"SF43718",12.4259,"Tipo de cambio FIX USD/MXN"
2011-08-26,"SF43718",12.4953,"Tipo de cambio FIX USD/MXN"
2011-08-29,"SF43718",12.4148,"Tipo de cambio FIX USD/MXN"
2011-08-30,"SF43718",12.4838,"Tipo de cambio FIX USD/MXN"
2011-08-31,"SF43718",12.348,"Tipo de cambio FIX USD/MXN"
2011-09-01,"SF43718",12.2616,"Tipo de cambio FIX USD/MXN"
2011-09-02,"SF43718",12.3735,"Tipo de cambio FIX USD/MXN"
2011-09-05,"SF43718",12.5353,"Tipo de cambio FIX USD/MXN"
2011-09-06,"SF43718",12.5102,"Tipo de cambio FIX USD/MXN"
2011-09-07,"SF43718",12.4661,"Tipo de cambio FIX USD/MXN"
2011-09-08,"SF43718",12.4956,"Tipo de cambio FIX USD/MXN"
2011-09-09,"SF43718",12.6324,"Tipo de cambio FIX USD/MXN"
2011-09-12,"SF43718",12.7687,"Tipo de cambio FIX USD/MXN"
2011-09-13,"SF43718",12.8994,"Tipo de cambio FIX USD/MXN"
2011-09-14,"SF43718",12.9646,"Tipo de cambio FIX USD/MXN"
2011-09-15,"SF43718",12.9127,"Tipo de cambio FIX USD/MXN"
2011-09-19,"SF43718",13.186,"Tipo de cambio FIX USD/MXN"
2011-09-20,"SF43718",13.1669,"Tipo de cambio FIX USD/MXN"
2011-09-21,"SF43718",13.4045,"Tipo de cambio FIX USD/MXN"
2011-09-22,"SF43718",13.8917,"Tipo de cambio FIX USD/MXN"
2011-09-23,"SF43718",13.7788,"Tipo de cambio FIX USD/MXN"
2011-09-26,"SF43718",13.6677,"Tipo de cambio FIX USD/MXN"
2011-09-27,"SF43718",13.3414,"Tipo de cambio FIX USD/MXN"
2011-09-28,"SF43718",13.4217,"Tipo de cambio FIX USD/MXN"
2011-09-29,"SF43718",13.4567,"Tipo de cambio FIX USD/MXN"
2011-09-30,"SF43718",13.7994,"Tipo de cambio FIX USD/MXN"
2011-10-03,"SF43718",13.8967,"Tipo de cambio FIX USD/MXN"
2011-10-04,"SF43718",13.9714,"Tipo de cambio FIX USD/MXN"
2011-10-05,"SF43718",13.6675,"Tipo de cambio FIX USD/MXN"
2011-10-06,"SF43718",13.5341,"Tipo de cambio FIX USD/MXN"
2011-10-07,"SF43718",13.3143,"Tipo de cambio FIX USD/MXN"
2011-10-10,"SF43718",13.2751,"Tipo de cambio FIX USD/MXN"
2011-10-11,"SF43718",13.3266,"Tipo de cambio FIX USD/MXN"
2011-10-12,"SF43718",13.2213,"Tipo de cambio FIX USD/MXN"
2011-10-13,"SF43718",13.3647,"Tipo de cambio FIX USD/MXN"
2011-10-14,"SF43718",13.2711,"Tipo de cambio FIX USD/MXN"
2011-10-17,"SF43718",13.2952,"Tipo de cambio FIX USD/MXN"
2011-10-18,"SF43718",13.4445,"Tipo de cambio FIX USD/MXN"
2011-10-19,"SF43718",13.3733,"Tipo de cambio FIX USD/MXN"
2011-10-20,"SF43718",13.6628,"Tipo de cambio FIX USD/MXN"
2011-10-21,"SF43718",13.5996,"Tipo de cambio FIX USD/MXN"
2011-10-24,"SF43718",13.4889,"Tipo de cambio FIX USD/MXN"
2011-10-25,"SF43718",13.4459,"Tipo de cambio FIX USD/MXN"
2011-10-26,"SF43718",13.4914,"Tipo de cambio FIX USD/MXN"
2011-10-27,"SF43718",13.1973,"Tipo de cambio FIX USD/MXN"
2011-10-28,"SF43718",13.1132,"Tipo de cambio FIX USD/MXN"
2011-10-31,"SF43718",13.1802,"Tipo de cambio FIX USD/MXN"
2011-11-01,"SF43718",13.6282,"Tipo de cambio FIX USD/MXN"
2011-11-03,"SF43718",13.4128,"Tipo de cambio FIX USD/MXN"
2011-11-04,"SF43718",13.4698,"Tipo de cambio FIX USD/MXN"
2011-11-07,"SF43718",13.4504,"Tipo de cambio FIX USD/MXN"
2011-11-08,"SF43718",13.3852,"Tipo de cambio FIX USD/MXN"
2011-11-09,"SF43718",13.5252,"Tipo de cambio FIX USD/MXN"
2011-11-10,"SF43718",13.5622,"Tipo de cambio FIX USD/MXN"
2011-11-11,"SF43718",13.4165,"Tipo de cambio FIX USD/MXN"
2011-11-14,"SF43718",13.5122,"Tipo de cambio FIX USD/MXN"
2011-11-15,"SF43718",13.5672,"Tipo de cambio FIX USD/MXN"
2011-11-16,"SF43718",13.5847,"Tipo de cambio FIX USD/MXN"
2011-11-17,"SF43718",13.6375,"Tipo de cambio FIX USD/MXN"
2011-11-18,"SF43718",13.7033,"Tipo de cambio FIX USD/MXN"
2011-11-22,"SF43718",13.9812,"Tipo de cambio FIX USD/MXN"
2011-11-23,"SF43718",14.1291,"Tipo de cambio FIX USD/MXN"
2011-11-24,"SF43718",14.1778,"Tipo de cambio FIX USD/MXN"
2011-11-25,"SF43718",14.2443,"Tipo de cambio FIX USD/MXN"
2011-11-28,"SF43718",14.0344,"Tipo de cambio FIX USD/MXN"
2011-11-29,"SF43718",13.9538,"Tipo de cambio FIX USD/MXN"
2011-11-30,"SF43718",13.61,"Tipo de cambio FIX USD/MXN"
2011-12-01,"SF43718",13.5894,"Tipo de cambio FIX USD/MXN"
2011-12-02,"SF43718",13.5488,"Tipo de cambio FIX USD/MXN"
2011-12-05,"SF43718",13.4786,"Tipo de cambio FIX USD/MXN"
2011-12-06,"SF43718",13.497,"Tipo de cambio FIX USD/MXN"
2011-12-07,"SF43718",13.5118,"Tipo de cambio FIX USD/MXN"
2011-12-08,"SF43718",13.6569,"Tipo de cambio FIX USD/MXN"
2011-12-09,"SF43718",13.6406,"Tipo de cambio FIX USD/MXN"
2011-12-13,"SF43718",13.7714,"Tipo de cambio FIX USD/MXN"
2011-12-14,"SF43718",13.9412,"Tipo de cambio FIX USD/MXN"
2011-12-15,"SF43718",13.823,"Tipo de cambio FIX USD/MXN"
2011-12-16,"SF43718",13.845,"Tipo de cambio FIX USD/MXN"
2011-12-19,"SF43718",13.8542,"Tipo de cambio FIX USD/MXN"
2011-12-20,"SF43718",13.772,"Tipo de cambio FIX USD/MXN"
2011-12-21,"SF43718",13.8526,"Tipo de cambio FIX USD/MXN"
2011-12-22,"SF43718",13.8169,"Tipo de cambio FIX USD/MXN"
2011-12-23,"SF43718",13.8163,"Tipo de cambio FIX USD/MXN"
2011-12-26,"SF43718",13.8483,"Tipo de cambio FIX USD/MXN"
2011-12-27,"SF43718",13.9658,"Tipo de cambio FIX USD/MXN"
2011-12-28,"SF43718",13.9904,"Tipo de cambio FIX USD/MXN"
2011-12-29,"SF43718",13.9787,"Tipo de cambio FIX USD/MXN"
2011-12-30,"SF43718",13.9476,"Tipo de cambio FIX USD/MXN"
2012-01-02,"SF43718",13.9342,"Tipo de cambio FIX USD/MXN"
2012-01-03,"SF43718",13.6882,"Tipo de cambio FIX USD/MXN"
2012-01-04,"SF43718",13.7144,"Tipo de cambio FIX USD/MXN"
2012-01-05,"SF43718",13.7409,"Tipo de cambio FIX USD/MXN"
2012-01-06,"SF43718",13.7228,"Tipo de cambio FIX USD/MXN"
2012-01-09,"SF43718",13.7437,"Tipo de cambio FIX USD/MXN"
2012-01-10,"SF43718",13.6204,"Tipo de cambio FIX USD/MXN"
2012-01-11,"SF43718",13.6592,"Tipo de cambio FIX USD/MXN"
2012-01-12,"SF43718",13.5982,"Tipo de cambio FIX USD/MXN"
2012-01-13,"SF43718",13.6263,"Tipo de cambio FIX USD/MXN"
2012-01-16,"SF43718",13.5401,"Tipo de cambio FIX USD/MXN"
2012-01-17,"SF43718",13.4621,"Tipo de cambio FIX USD/MXN"
2012-01-18,"SF43718",13.3267,"Tipo de cambio FIX USD/MXN"
2012-01-19,"SF43718",13.2516,"Tipo de cambio FIX USD/MXN"
2012-01-20,"SF43718",13.224,"Tipo de cambio FIX USD/MXN"
2012-01-23,"SF43718",13.1383,"Tipo de cambio FIX USD/MXN"
2012-01-24,"SF43718",13.1712,"Tipo de cambio FIX USD/MXN"
2012-01-25,"SF43718",13.1319,"Tipo de cambio FIX USD/MXN"
2012-01-26,"SF43718",12.9325,"Tipo de cambio FIX USD/MXN"
2012-01-27,"SF43718",12.9504,"Tipo de cambio FIX USD/MXN"
2012-01-30,"SF43718",13.0063,"Tipo de cambio FIX USD/MXN"
2012-01-31,"SF43718",13.0077,"Tipo de cambio FIX USD/MXN"
2012-02-01,"SF43718",12.89,"Tipo de cambio FIX USD/MXN"
2012-02-02,"SF43718",12.8038,"Tipo de cambio FIX USD/MXN"
2012-02-03,"SF43718",12.712,"Tipo de cambio FIX USD/MXN"
2012-02-07,"SF43718",12.6472,"Tipo de cambio FIX USD/MXN"
2012-02-08,"SF43718",12.6833,"Tipo de cambio FIX USD/MXN"
2012-02-09,"SF43718",12.72,"Tipo de cambio FIX USD/MXN"
2012-02-10,"SF43718",12.7857,"Tipo de cambio FIX USD/MXN"
2012-02-13,"SF43718",12.7392,"Tipo de cambio FIX USD/MXN"
2012-02-14,"SF43718",12.7753,"Tipo de cambio FIX USD/MXN"
2012-02-15,"SF43718",12.7658,"Tipo de cambio FIX USD/MXN"
2012-02-16,"SF43718",12.8822,"Tipo de cambio FIX USD/MXN"
2012-02-17,"SF43718",12.7856,"Tipo de cambio FIX USD/MXN"
2012-02-20,"SF43718",12.6793,"Tipo de cambio FIX USD/MXN"
2012-02-21,"SF43718",12.7408,"Tipo de cambio FIX USD/MXN"
2012-02-22,"SF43718",12.8296,"Tipo de cambio FIX USD/MXN"
2012-02-23,"SF43718",12.8294,"Tipo de cambio FIX USD/MXN"
2012-02-24,"SF43718",12.8675,"Tipo de cambio FIX USD/MXN"
2012-02-27,"SF43718",12.8779,"Tipo de cambio FIX USD/MXN"
2012-02-28,"SF43718",12.8575,"Tipo de cambio FIX USD/MXN"
2012-02-29,"SF43718",12.7891,"Tipo de cambio FIX USD/MXN"
2012-03-01,"SF43718",12.7764,"Tipo de cambio FIX USD/MXN"
2012-03-02,"SF43718",12.7723,"Tipo de cambio FIX USD/MXN"
2012-03-05,"SF43718",12.8339,"Tipo de cambio FIX USD/MXN"
2012-03-06,"SF43718",12.9777,"Tipo de cambio FIX USD/MXN"
2012-03-07,"SF43718",12.9469,"Tipo de cambio FIX USD/MXN"
2012-03-08,"SF43718",12.784,"Tipo de cambio FIX USD/MXN"
2012-03-09,"SF43718",12.6299,"Tipo de cambio FIX USD/MXN"
2012-03-12,"SF43718",12.715,"Tipo de cambio FIX USD/MXN"
2012-03-13,"SF43718",12.6336,"Tipo de cambio FIX USD/MXN"
2012-03-14,"SF43718",12.6719,"Tipo de cambio FIX USD/MXN"
2012-03-15,"SF43718",12.6591,"Tipo de cambio FIX USD/MXN"
2012-03-16,"SF43718",12.6645,"Tipo de cambio FIX USD/MXN"
2012-03-20,"SF43718",12.6935,"Tipo de cambio FIX USD/MXN"
2012-03-21,"SF43718",12.6833,"Tipo de cambio FIX USD/MXN"
2012-03-22,"SF43718",12.833,"Tipo de cambio FIX USD/MXN"
2012-03-23,"SF43718",12.8035,"Tipo de cambio FIX USD/MXN"
2012-03-26,"SF43718",12.6795,"Tipo de cambio FIX USD/MXN"
2012-03-27,"SF43718",12.6706,"Tipo de cambio FIX USD/MXN"
2012-03-28,"SF43718",12.8039,"Tipo de cambio FIX USD/MXN"
2012-03-29,"SF43718",12.8489,"Tipo de cambio FIX USD/MXN"
2012-03-30,"SF43718",12.8093,"Tipo de cambio FIX USD/MXN"
2012-04-02,"SF43718",12.7691,"Tipo de cambio FIX USD/MXN"
2012-04-03,"SF43718",12.7317,"Tipo de cambio FIX USD/MXN"
2012-04-04,"SF43718",12.8155,"Tipo de cambio FIX USD/MXN"
2012-04-09,"SF43718",12.9902,"Tipo de cambio FIX USD/MXN"
2012-04-10,"SF43718",13.1568,"Tipo de cambio FIX USD/MXN"
2012-04-11,"SF43718",13.1324,"Tipo de cambio FIX USD/MXN"
2012-04-12,"SF43718",13.0736,"Tipo de cambio FIX USD/MXN"
2012-04-13,"SF43718",13.1458,"Tipo de cambio FIX USD/MXN"
2012-04-16,"SF43718",13.2168,"Tipo de cambio FIX USD/MXN"
2012-04-17,"SF43718",13.0816,"Tipo de cambio FIX USD/MXN"
2012-04-18,"SF43718",13.1322,"Tipo de cambio FIX USD/MXN"
2012-04-19,"SF43718",13.2288,"Tipo de cambio FIX USD/MXN"
2012-04-20,"SF43718",13.1171,"Tipo de cambio FIX USD/MXN"
2012-04-23,"SF43718",13.2087,"Tipo de cambio FIX USD/MXN"
2012-04-24,"SF43718",13.1392,"Tipo de cambio FIX USD/MXN"
2012-04-25,"SF43718",13.1667,"Tipo de cambio FIX USD/MXN"
2012-04-26,"SF43718",13.2093,"Tipo de cambio FIX USD/MXN"
2012-04-27,"SF43718",13.0141,"Tipo de cambio FIX USD/MXN"
2012-04-30,"SF43718",12.9942,"Tipo de cambio FIX USD/MXN"
2012-05-02,"SF43718",12.9629,"Tipo de cambio FIX USD/MXN"
2012-05-03,"SF43718",12.9725,"Tipo de cambio FIX USD/MXN"
2012-05-04,"SF43718",13.1344,"Tipo de cambio FIX USD/MXN"
2012-05-07,"SF43718",13.1659,"Tipo de cambio FIX USD/MXN"
2012-05-08,"SF43718",13.3374,"Tipo de cambio FIX USD/MXN"
2012-05-09,"SF43718",13.515,"Tipo de cambio FIX USD/MXN"
2012-05-10,"SF43718",13.447,"Tipo de cambio FIX USD/MXN"
2012-05-11,"SF43718",13.4929,"Tipo de cambio FIX USD/MXN"
2012-05-14,"SF43718",13.6739,"Tipo de cambio FIX USD/MXN"
2012-05-15,"SF43718",13.7302,"Tipo de cambio FIX USD/MXN"
2012-05-16,"SF43718",13.7747,"Tipo de cambio FIX USD/MXN"
2012-05-17,"SF43718",13.7994,"Tipo de cambio FIX USD/MXN"
2012-05-18,"SF43718",13.7809,"Tipo de cambio FIX USD/MXN"
2012-05-21,"SF43718",13.7935,"Tipo de cambio FIX USD/MXN"
2012-05-22,"SF43718",13.7203,"Tipo de cambio FIX USD/MXN"
2012-05-23,"SF43718",14.0335,"Tipo de cambio FIX USD/MXN"
2012-05-24,"SF43718",14.004,"Tipo de cambio FIX USD/MXN"
2012-05-25,"SF43718",14.0156,"Tipo de cambio FIX USD/MXN"
2012-05-28,"SF43718",13.9439,"Tipo de cambio FIX USD/MXN"
2012-05-29,"SF43718",13.9169,"Tipo de cambio FIX USD/MXN"
2012-05-30,"SF43718",14.0749,"Tipo de cambio FIX USD/MXN"
2012-05-31,"SF43718",14.3047,"Tipo de cambio FIX USD/MXN"
2012-06-01,"SF43718",14.3949,"Tipo de cambio FIX USD/MXN"
2012-06-04,"SF43718",14.2443,"Tipo de cambio FIX USD/MXN"
2012-06-05,"SF43718",14.2319,"Tipo de cambio FIX USD/MXN"
2012-06-06,"SF43718",14.1116,"Tipo de cambio FIX USD/MXN"
2012-06-07,"SF43718",13.9355,"Tipo de cambio FIX USD/MXN"
2012-06-08,"SF43718",14.0351,"Tipo de cambio FIX USD/MXN"
2012-06-11,"SF43718",13.9625,"Tipo de cambio FIX USD/MXN"
2012-06-12,"SF43718",14.006,"Tipo de cambio FIX USD/MXN"
2012-06-13,"SF43718",13.97,"Tipo de cambio FIX USD/MXN"
2012-06-14,"SF43718",13.9974,"Tipo de cambio FIX USD/MXN"
2012-06-15,"SF43718",13.9115,"Tipo de cambio FIX USD/MXN"
2012-06-18,"SF43718",13.9154,"Tipo de cambio FIX USD/MXN"
2012-06-19,"SF43718",13.7033,"Tipo de cambio FIX USD/MXN"
2012-06-20,"SF43718",13.7257,"Tipo de cambio FIX USD/MXN"
2012-06-21,"SF43718",13.7668,"Tipo de cambio FIX USD/MXN"
2012-06-22,"SF43718",13.849,"Tipo de cambio FIX USD/MXN"
2012-06-25,"SF43718",13.9542,"Tipo de cambio FIX USD/MXN"
2012-06-26,"SF43718",13.8616,"Tipo de cambio FIX USD/MXN"
2012-06-27,"SF43718",13.6652,"Tipo de cambio FIX USD/MXN"
2012-06-28,"SF43718",13.653,"Tipo de cambio FIX USD/MXN"
2012-06-29,"SF43718",13.4084,"Tipo de cambio FIX USD/MXN"
2012-07-02,"SF43718",13.397,"Tipo de cambio FIX USD/MXN"
2012-07-03,"SF43718",13.3174,"Tipo de cambio FIX USD/MXN"
2012-07-04,"SF43718",13.3617,"Tipo de cambio FIX USD/MXN"
2012-07-05,"SF43718",13.3508,"Tipo de cambio FIX USD/MXN"
2012-07-06,"SF43718",13.4925,"Tipo de cambio FIX USD/MXN"
2012-07-09,"SF43718",13.4533,"Tipo de cambio FIX USD/MXN"
2012-07-10,"SF43718",13.2924,"Tipo de cambio FIX USD/MXN"
2012-07-11,"SF43718",13.3241,"Tipo de cambio FIX USD/MXN"
2012-07-12,"SF43718",13.4795,"Tipo de cambio FIX USD/MXN"
2012-07-13,"SF43718",13.3449,"Tipo de cambio FIX USD/MXN"
2012-07-16,"SF43718",13.2832,"Tipo de cambio FIX USD/MXN"
2012-07-17,"SF43718",13.2226,"Tipo de cambio FIX USD/MXN"
2012-07-18,"SF43718",13.1201,"Tipo de cambio FIX USD/MXN"
2012-07-19,"SF43718",13.1921,"Tipo de cambio FIX USD/MXN"
2012-07-20,"SF43718",13.2928,"Tipo de cambio FIX USD/MXN"
2012-07-23,"SF43718",13.5218,"Tipo de cambio FIX USD/MXN"
2012-07-24,"SF43718",13.6796,"Tipo de cambio FIX USD/MXN"
2012-07-25,"SF43718",13.6541,"Tipo de cambio FIX USD/MXN"
2012-07-26,"SF43718",13.4425,"Tipo de cambio FIX USD/MXN"
2012-07-27,"SF43718",13.2837,"Tipo de cambio FIX USD/MXN"
2012-07-30,"SF43718",13.2644,"Tipo de cambio FIX USD/MXN"
2012-07-31,"SF43718",13.2833,"Tipo de cambio FIX USD/MXN"
2012-08-01,"SF43718",13.2867,"Tipo de cambio FIX USD/MXN"
2012-08-02,"SF43718",13.3927,"Tipo de cambio FIX USD/MXN"
2012-08-03,"SF43718",13.1357,"Tipo de cambio FIX USD/MXN"
2012-08-06,"SF43718",13.0708,"Tipo de cambio FIX USD/MXN"
2012-08-07,"SF43718",13.1849,"Tipo de cambio FIX USD/MXN"
2012-08-08,"SF43718",13.1891,"Tipo de cambio FIX USD/MXN"
2012-08-09,"SF43718",13.1188,"Tipo de cambio FIX USD/MXN"
2012-08-10,"SF43718",13.1094,"Tipo de cambio FIX USD/MXN"
2012-08-13,"SF43718",13.1474,"Tipo de cambio FIX USD/MXN"
2012-08-14,"SF43718",13.1311,"Tipo de cambio FIX USD/MXN"
2012-08-15,"SF43718",13.1639,"Tipo de cambio FIX USD/MXN"
2012-08-16,"SF43718",13.143,"Tipo de cambio FIX USD/MXN"
2012-08-17,"SF43718",13.1745,"Tipo de cambio FIX USD/MXN"
2012-08-20,"SF43718",13.1261,"Tipo de cambio FIX USD/MXN"
2012-08-21,"SF43718",13.0854,"Tipo de cambio FIX USD/MXN"
2012-08-22,"SF43718",13.1762,"Tipo de cambio FIX USD/MXN"
2012-08-23,"SF43718",13.1284,"Tipo de cambio FIX USD/MXN"
2012-08-24,"SF43718",13.176,"Tipo de cambio FIX USD/MXN"
2012-08-27,"SF43718",13.1703,"Tipo de cambio FIX USD/MXN"
2012-08-28,"SF43718",13.1847,"Tipo de cambio FIX USD/MXN"
2012-08-29,"SF43718",13.2746,"Tipo de cambio FIX USD/MXN"
2012-08-30,"SF43718",13.4172,"Tipo de cambio FIX USD/MXN"
2012-08-31,"SF43718",13.2571,"Tipo de cambio FIX USD/MXN"
2012-09-03,"SF43718",13.191,"Tipo de cambio FIX USD/MXN"
2012-09-04,"SF43718",13.1793,"Tipo de cambio FIX USD/MXN"
2012-09-05,"SF43718",13.1221,"Tipo de cambio FIX USD/MXN"
2012-09-06,"SF43718",13.0483,"Tipo de cambio FIX USD/MXN"
2012-09-07,"SF43718",12.9976,"Tipo de cambio FIX USD/MXN"
2012-09-10,"SF43718",12.9921,"Tipo de cambio FIX USD/MXN"
2012-09-11,"SF43718",12.9992,"Tipo de cambio FIX USD/MXN"
2012-09-12,"SF43718",13.0305,"Tipo de cambio FIX USD/MXN"
2012-09-13,"SF43718",12.9749,"Tipo de cambio FIX USD/MXN"
2012-09-14,"SF43718",12.7458,"Tipo de cambio FIX USD/MXN"
2012-09-17,"SF43718",12.7492,"Tipo de cambio FIX USD/MXN"
2012-09-18,"SF43718",12.8192,"Tipo de cambio FIX USD/MXN"
2012-09-19,"SF43718",12.8235,"Tipo de cambio FIX USD/MXN"
2012-09-20,"SF43718",12.9042,"Tipo de cambio FIX USD/MXN"
2012-09-21,"SF43718",12.8376,"Tipo de cambio FIX USD/MXN"
2012-09-24,"SF43718",12.9123,"Tipo de cambio FIX USD/MXN"
2012-09-25,"SF43718",12.8233,"Tipo de cambio FIX USD/MXN"
2012-09-26,"SF43718",12.917,"Tipo de cambio FIX USD/MXN"
2012-09-27,"SF43718",12.8521,"Tipo de cambio FIX USD/MXN"
2012-09-28,"SF43718",12.8695,"Tipo de cambio FIX USD/MXN"
2012-10-01,"SF43718",12.8178,"Tipo de cambio FIX USD/MXN"
2012-10-02,"SF43718",12.8375,"Tipo de cambio FIX USD/MXN"
2012-10-03,"SF43718",12.8528,"Tipo de cambio FIX USD/MXN"
2012-10-04,"SF43718",12.7589,"Tipo de cambio FIX USD/MXN"
2012-10-05,"SF43718",12.6987,"Tipo de cambio FIX USD/MXN"
2012-10-08,"SF43718",12.8426,"Tipo de cambio FIX USD/MXN"
2012-10-09,"SF43718",12.868,"Tipo de cambio FIX USD/MXN"
2012-10-10,"SF43718",12.9119,"Tipo de cambio FIX USD/MXN"
2012-10-11,"SF43718",12.8792,"Tipo de cambio FIX USD/MXN"
2012-10-12,"SF43718",12.8901,"Tipo de cambio FIX USD/MXN"
2012-10-15,"SF43718",12.8188,"Tipo de cambio FIX USD/MXN"
2012-10-16,"SF43718",12.8077,"Tipo de cambio FIX USD/MXN"
2012-10-17,"SF43718",12.7981,"Tipo de cambio FIX USD/MXN"
2012-10-18,"SF43718",12.8299,"Tipo de cambio FIX USD/MXN"
2012-10-19,"SF43718",12.8551,"Tipo de cambio FIX USD/MXN"
2012-10-22,"SF43718",12.8571,"Tipo de cambio FIX USD/MXN"
2012-10-23,"SF43718",12.9759,"Tipo de cambio FIX USD/MXN"
2012-10-24,"SF43718",12.9839,"Tipo de cambio FIX USD/MXN"
2012-10-25,"SF43718",12.9669,"Tipo de cambio FIX USD/MXN"
2012-10-26,"SF43718",13.0112,"Tipo de cambio FIX USD/MXN"
2012-10-29,"SF43718",13.09,"Tipo de cambio FIX USD/MXN"
2012-10-30,"SF43718",13.0498,"Tipo de cambio FIX USD/MXN"
2012-10-31,"SF43718",13.0911,"Tipo de cambio FIX USD/MXN"
2012-11-01,"SF43718",13.0387,"Tipo de cambio FIX USD/MXN"
2012-11-05,"SF43718",13.0449,"Tipo de cambio FIX USD/MXN"
2012-11-06,"SF43718",12.9769,"Tipo de cambio FIX USD/MXN"
2012-11-07,"SF43718",13.0432,"Tipo de cambio FIX USD/MXN"
2012-11-08,"SF43718",13.1168,"Tipo de cambio FIX USD/MXN"
2012-11-09,"SF43718",13.1789,"Tipo de cambio FIX USD/MXN"
2012-11-12,"SF43718",13.1975,"Tipo de cambio FIX USD/MXN"
2012-11-13,"SF43718",13.2284,"Tipo de cambio FIX USD/MXN"
2012-11-14,"SF43718",13.2353,"Tipo de cambio FIX USD/MXN"
2012-11-15,"SF43718",13.2522,"Tipo de cambio FIX USD/MXN"
2012-11-16,"SF43718",13.2063,"Tipo de cambio FIX USD/MXN"
2012-11-20,"SF43718",13.0245,"Tipo de cambio FIX USD/MXN"
2012-11-21,"SF43718",13.0395,"Tipo de cambio FIX USD/MXN"
2012-11-22,"SF43718",13.0188,"Tipo de cambio FIX USD/MXN"
2012-11-23,"SF43718",12.9799,"Tipo de cambio FIX USD/MXN"
2012-11-26,"SF43718",12.9984,"Tipo de cambio FIX USD/MXN"
2012-11-27,"SF43718",12.9861,"Tipo de cambio FIX USD/MXN"
2012-11-28,"SF43718",13.0372,"Tipo de cambio FIX USD/MXN"
2012-11-29,"SF43718",12.9617,"Tipo de cambio FIX USD/MXN"
2012-11-30,"SF43718",12.9268,"Tipo de cambio FIX USD/MXN"
2012-12-03,"SF43718",12.9335,"Tipo de cambio FIX USD/MXN"
2012-12-04,"SF43718",12.96,"Tipo de cambio FIX USD/MXN"
2012-12-05,"SF43718",12.9284,"Tipo de cambio FIX USD/MXN"
2012-12-06,"SF43718",12.9102,"Tipo de cambio FIX USD/MXN"
2012-12-07,"SF43718",12.8469,"Tipo de cambio FIX USD/MXN"
2012-12-10,"SF43718",12.7964,"Tipo de cambio FIX USD/MXN"
2012-12-11,"SF43718",12.7584,"Tipo de cambio FIX USD/MXN"
2012-12-13,"SF43718",12.7869,"Tipo de cambio FIX USD/MXN"
2012-12-14,"SF43718",12.7768,"Tipo de cambio FIX USD/MXN"
2012-12-17,"SF43718",12.7624,"Tipo de cambio FIX USD/MXN"
2012-12-18,"SF43718",12.7236,"Tipo de cambio FIX USD/MXN"
2012-12-19,"SF43718",12.7327,"Tipo de cambio FIX USD/MXN"
2012-12-20,"SF43718",12.7777,"Tipo de cambio FIX USD/MXN"
2012-12-21,"SF43718",12.8991,"Tipo de cambio FIX USD/MXN"
2012-12-24,"SF43718",12.9764,"Tipo de cambio FIX USD/MXN"
2012-12-26,"SF43718",13.0058,"Tipo de cambio FIX USD/MXN"
2012-12-27,"SF43718",13.0101,"Tipo de cambio FIX USD/MXN"
2012-12-28,"SF43718",12.988,"Tipo de cambio FIX USD/MXN"
2012-12-31,"SF43718",12.9658,"Tipo de cambio FIX USD/MXN"
2013-01-02,"SF43718",12.7488,"Tipo de cambio FIX USD/MXN"
2013-01-03,"SF43718",12.743,"Tipo de cambio FIX USD/MXN"
2013-01-04,"SF43718",12.7597,"Tipo de cambio FIX USD/MXN"
2013-01-07,"SF43718",12.7679,"Tipo de cambio FIX USD/MXN"
2013-01-08,"SF43718",12.8015,"Tipo de cambio FIX USD/MXN"
2013-01-09,"SF43718",12.7503,"Tipo de cambio FIX USD/MXN"
2013-01-10,"SF43718",12.6555,"Tipo de cambio FIX USD/MXN"
2013-01-11,"SF43718",12.6478,"Tipo de cambio FIX USD/MXN"
2013-01-14,"SF43718",12.6533,"Tipo de cambio FIX USD/MXN"
2013-01-15,"SF43718",12.6526,"Tipo de cambio FIX USD/MXN"
2013-01-16,"SF43718",12.6305,"Tipo de cambio FIX USD/MXN"
2013-01-17,"SF43718",12.5868,"Tipo de cambio FIX USD/MXN"
2013-01-18,"SF43718",12.6555,"Tipo de cambio FIX USD/MXN"
2013-01-21,"SF43718",12.7098,"Tipo de cambio FIX USD/MXN"
2013-01-22,"SF43718",12.6817,"Tipo de cambio FIX USD/MXN"
2013-01-23,"SF43718",12.6616,"Tipo de cambio FIX USD/MXN"
2013-01-24,"SF43718",12.6286,"Tipo de cambio FIX USD/MXN"
2013-01-25,"SF43718",12.6993,"Tipo de cambio FIX USD/MXN"
2013-01-28,"SF43718",12.7802,"Tipo de cambio FIX USD/MXN"
2013-01-29,"SF43718",12.7134,"Tipo de cambio FIX USD/MXN"
2013-01-30,"SF43718",12.7408,"Tipo de cambio FIX USD/MXN"
2013-01-31,"SF43718",12.7094,"Tipo de cambio FIX USD/MXN"
2013-02-01,"SF43718",12.6377,"Tipo de cambio FIX USD/MXN"
2013-02-05,"SF43718",12.6294,"Tipo de cambio FIX USD/MXN"
2013-02-06,"SF43718",12.6664,"Tipo de cambio FIX USD/MXN"
2013-02-07,"SF43718",12.7105,"Tipo de cambio FIX USD/MXN"
2013-02-08,"SF43718",12.7307,"Tipo de cambio FIX USD/MXN"
2013-02-11,"SF43718",12.7706,"Tipo de cambio FIX USD/MXN"
2013-02-12,"SF43718",12.7364,"Tipo de cambio FIX USD/MXN"
2013-02-13,"SF43718",12.7116,"Tipo de cambio FIX USD/MXN"
2013-02-14,"SF43718",12.6982,"Tipo de cambio FIX USD/MXN"
2013-02-15,"SF43718",12.6866,"Tipo de cambio FIX USD/MXN"
2013-02-18,"SF43718",12.6959,"Tipo de cambio FIX USD/MXN"
2013-02-19,"SF43718",12.6873,"Tipo de cambio FIX USD/MXN"
2013-02-20,"SF43718",12.6694,"Tipo de cambio FIX USD/MXN"
2013-02-21,"SF43718",12.7699,"Tipo de cambio FIX USD/MXN"
2013-02-22,"SF43718",12.7517,"Tipo de cambio FIX USD/MXN"
2013-02-25,"SF43718",12.7028,"Tipo de cambio FIX USD/MXN"
2013-02-26,"SF43718",12.868,"Tipo de cambio FIX USD/MXN"
2013-02-27,"SF43718",12.8322,"Tipo de cambio FIX USD/MXN"
2013-02-28,"SF43718",12.7795,"Tipo de cambio FIX USD/MXN"
2013-03-01,"SF43718",12.8012,"Tipo de cambio FIX USD/MXN"
2013-03-04,"SF43718",12.7814,"Tipo de cambio FIX USD/MXN"
2013-03-05,"SF43718",12.7355,"Tipo de cambio FIX USD/MXN"
2013-03-06,"SF43718",12.7345,"Tipo de cambio FIX USD/MXN"
2013-03-07,"SF43718",12.7839,"Tipo de cambio FIX USD/MXN"
2013-03-08,"SF43718",12.6684,"Tipo de cambio FIX USD/MXN"
2013-03-11,"SF43718",12.5308,"Tipo de cambio FIX USD/MXN"
2013-03-12,"SF43718",12.4641,"Tipo de cambio FIX USD/MXN"
2013-03-13,"SF43718",12.3967,"Tipo de cambio FIX USD/MXN"
2013-03-14,"SF43718",12.4545,"Tipo de cambio FIX USD/MXN"
2013-03-15,"SF43718",12.439,"Tipo de cambio FIX USD/MXN"
2013-03-19,"SF43718",12.4339,"Tipo de cambio FIX USD/MXN"
2013-03-20,"SF43718",12.3909,"Tipo de cambio FIX USD/MXN"
2013-03-21,"SF43718",12.3841,"Tipo de cambio FIX USD/MXN"
2013-03-22,"SF43718",12.3724,"Tipo de cambio FIX USD/MXN"
2013-03-25,"SF43718",12.3579,"Tipo de cambio FIX USD/MXN"
2013-03-26,"SF43718",12.3546,"Tipo de cambio FIX USD/MXN"
2013-03-27,"SF43718",12.3612,"Tipo de cambio FIX USD/MXN"
2013-04-01,"SF43718",12.3438,"Tipo de cambio FIX USD/MXN"
2013-04-02,"SF43718",12.2728,"Tipo de cambio FIX USD/MXN"
2013-04-03,"SF43718",12.3266,"Tipo de cambio FIX USD/MXN"
2013-04-04,"SF43718",12.3197,"Tipo de cambio FIX USD/MXN"
2013-04-05,"SF43718",12.2383,"Tipo de cambio FIX USD/MXN"
2013-04-08,"SF43718",12.1588,"Tipo de cambio FIX USD/MXN"
2013-04-09,"SF43718",12.1304,"Tipo de cambio FIX USD/MXN"
2013-04-10,"SF43718",12.114,"Tipo de cambio FIX USD/MXN"
2013-04-11,"SF43718",12.0691,"Tipo de cambio FIX USD/MXN"
2013-04-12,"SF43718",12.0824,"Tipo de cambio FIX USD/MXN"
2013-04-15,"SF43718",12.1729,"Tipo de cambio FIX USD/MXN"
2013-04-16,"SF43718",12.1668,"Tipo de cambio FIX USD/MXN"
2013-04-17,"SF43718",12.237,"Tipo de cambio FIX USD/MXN"
2013-04-18,"SF43718",12.2479,"Tipo de cambio FIX USD/MXN"
2013-04-19,"SF43718",12.2254,"Tipo de cambio FIX USD/MXN"
2013-04-22,"SF43718",12.3227,"Tipo de cambio FIX USD/MXN"
2013-04-23,"SF43718",12.2492,"Tipo de cambio FIX USD/MXN"
2013-04-24,"SF43718",12.2768,"Tipo de cambio FIX USD/MXN"
2013-04-25,"SF43718",12.1231,"Tipo de cambio FIX USD/MXN"
2013-04-26,"SF43718",12.155,"Tipo de cambio FIX USD/MXN"
2013-04-29,"SF43718",12.1326,"Tipo de cambio FIX USD/MXN"
2013-04-30,"SF43718",12.1456,"Tipo de cambio FIX USD/MXN"
2013-05-02,"SF43718",12.1756,"Tipo de cambio FIX USD/MXN"
2013-05-03,"SF43718",12.0851,"Tipo de cambio FIX USD/MXN"
2013-05-06,"SF43718",12.1074,"Tipo de cambio FIX USD/MXN"
2013-05-07,"SF43718",12.0733,"Tipo de cambio FIX USD/MXN"
2013-05-08,"SF43718",12.0393,"Tipo de cambio FIX USD/MXN"
2013-05-09,"SF43718",11.9807,"Tipo de cambio FIX USD/MXN"
2013-05-10,"SF43718",12.1094,"Tipo de cambio FIX USD/MXN"
2013-05-13,"SF43718",12.1448,"Tipo de cambio FIX USD/MXN"
2013-05-14,"SF43718",12.1485,"Tipo de cambio FIX USD/MXN"
2013-05-15,"SF43718",12.2313,"Tipo de cambio FIX USD/MXN"
2013-05-16,"SF43718",12.2378,"Tipo de cambio FIX USD/MXN"
2013-05-17,"SF43718",12.3177,"Tipo de cambio FIX USD/MXN"
2013-05-20,"SF43718",12.3258,"Tipo de cambio FIX USD/MXN"
2013-05-21,"SF43718",12.3414,"Tipo de cambio FIX USD/MXN"
2013-05-22,"SF43718",12.3113,"Tipo de cambio FIX USD/MXN"
2013-05-23,"SF43718",12.4764,"Tipo de cambio FIX USD/MXN"
2013-05-24,"SF43718",12.5219,"Tipo de cambio FIX USD/MXN"
2013-05-27,"SF43718",12.4831,"Tipo de cambio FIX USD/MXN"
2013-05-28,"SF43718",12.5275,"Tipo de cambio FIX USD/MXN"
2013-05-29,"SF43718",12.6328,"Tipo de cambio FIX USD/MXN"
2013-05-30,"SF43718",12.7781,"Tipo de cambio FIX USD/MXN"
2013-05-31,"SF43718",12.8035,"Tipo de cambio FIX USD/MXN"
2013-06-03,"SF43718",12.7882,"Tipo de cambio FIX USD/MXN"
2013-06-04,"SF43718",12.7317,"Tipo de cambio FIX USD/MXN"
2013-06-05,"SF43718",12.8167,"Tipo de cambio FIX USD/MXN"
2013-06-06,"SF43718",12.9079,"Tipo de cambio FIX USD/MXN"
2013-06-07,"SF43718",12.7173,"Tipo de cambio FIX USD/MXN"
2013-06-10,"SF43718",12.8572,"Tipo de cambio FIX USD/MXN"
2013-06-11,"SF43718",12.8846,"Tipo de cambio FIX USD/MXN"
2013-06-12,"SF43718",12.8442,"Tipo de cambio FIX USD/MXN"
2013-06-13,"SF43718",12.7812,"Tipo de cambio FIX USD/MXN"
2013-06-14,"SF43718",12.6916,"Tipo de cambio FIX USD/MXN"
2013-06-17,"SF43718",12.737,"Tipo de cambio FIX USD/MXN"
2013-06-18,"SF43718",12.88,"Tipo de cambio FIX USD/MXN"
2013-06-19,"SF43718",12.8695,"Tipo de cambio FIX USD/MXN"
2013-06-20,"SF43718",13.4015,"Tipo de cambio FIX USD/MXN"
2013-06-21,"SF43718",13.4041,"Tipo de cambio FIX USD/MXN"
2013-06-24,"SF43718",13.3966,"Tipo de cambio FIX USD/MXN"
2013-06-25,"SF43718",13.2424,"Tipo de cambio FIX USD/MXN"
2013-06-26,"SF43718",13.1884,"Tipo de cambio FIX USD/MXN"
2013-06-27,"SF43718",13.0235,"Tipo de cambio FIX USD/MXN"
2013-06-28,"SF43718",13.0279,"Tipo de cambio FIX USD/MXN"
2013-07-01,"SF43718",12.9131,"Tipo de cambio FIX USD/MXN"
2013-07-02,"SF43718",12.985,"Tipo de cambio FIX USD/MXN"
2013-07-03,"SF43718",13.0377,"Tipo de cambio FIX USD/MXN"
2013-07-04,"SF43718",12.8902,"Tipo de cambio FIX USD/MXN"
2013-07-05,"SF43718",13.0567,"Tipo de cambio FIX USD/MXN"
2013-07-08,"SF43718",12.9267,"Tipo de cambio FIX USD/MXN"
2013-07-09,"SF43718",12.8654,"Tipo de cambio FIX USD/MXN"
2013-07-10,"SF43718",12.9494,"Tipo de cambio FIX USD/MXN"
2013-07-11,"SF43718",12.8599,"Tipo de cambio FIX USD/MXN"
2013-07-12,"SF43718",12.8234,"Tipo de cambio FIX USD/MXN"
2013-07-15,"SF43718",12.7387,"Tipo de cambio FIX USD/MXN"
2013-07-16,"SF43718",12.6299,"Tipo de cambio FIX USD/MXN"
2013-07-17,"SF43718",12.5455,"Tipo de cambio FIX USD/MXN"
2013-07-18,"SF43718",12.4976,"Tipo de cambio FIX USD/MXN"
2013-07-19,"SF43718",12.5499,"Tipo de cambio FIX USD/MXN"
2013-07-22,"SF43718",12.5054,"Tipo de cambio FIX USD/MXN"
2013-07-23,"SF43718",12.5093,"Tipo de cambio FIX USD/MXN"
2013-07-24,"SF43718",12.633,"Tipo de cambio FIX USD/MXN"
2013-07-25,"SF43718",12.6468,"Tipo de cambio FIX USD/MXN"
2013-07-26,"SF43718",12.7091,"Tipo de cambio FIX USD/MXN"
2013-07-29,"SF43718",12.7321,"Tipo de cambio FIX USD/MXN"
2013-07-30,"SF43718",12.7635,"Tipo de cambio FIX USD/MXN"
2013-07-31,"SF43718",12.8464,"Tipo de cambio FIX USD/MXN"
2013-08-01,"SF43718",12.8068,"Tipo de cambio FIX USD/MXN"
2013-08-02,"SF43718",12.6904,"Tipo de cambio FIX USD/MXN"
2013-08-05,"SF43718",12.6759,"Tipo de cambio FIX USD/MXN"
2013-08-06,"SF43718",12.6445,"Tipo de cambio FIX USD/MXN"
2013-08-07,"SF43718",12.6989,"Tipo de cambio FIX USD/MXN"
2013-08-08,"SF43718",12.646,"Tipo de cambio FIX USD/MXN"
2013-08-09,"SF43718",12.5889,"Tipo de cambio FIX USD/MXN"
2013-08-12,"SF43718",12.5666,"Tipo de cambio FIX USD/MXN"
2013-08-13,"SF43718",12.7545,"Tipo de cambio FIX USD/MXN"
2013-08-14,"SF43718",12.7255,"Tipo de cambio FIX USD/MXN"
2013-08-15,"SF43718",12.8625,"Tipo de cambio FIX USD/MXN"
2013-08-16,"SF43718",12.8722,"Tipo de cambio FIX USD/MXN"
2013-08-19,"SF43718",13.0124,"Tipo de cambio FIX USD/MXN"
2013-08-20,"SF43718",13.0064,"Tipo de cambio FIX USD/MXN"
2013-08-21,"SF43718",13.1424,"Tipo de cambio FIX USD/MXN"
2013-08-22,"SF43718",13.1486,"Tipo de cambio FIX USD/MXN"
2013-08-23,"SF43718",12.9979,"Tipo de cambio FIX USD/MXN"
2013-08-26,"SF43718",13.109,"Tipo de cambio FIX USD/MXN"
2013-08-27,"SF43718",13.3366,"Tipo de cambio FIX USD/MXN"
2013-08-28,"SF43718",13.2539,"Tipo de cambio FIX USD/MXN"
2013-08-29,"SF43718",13.3104,"Tipo de cambio FIX USD/MXN"
2013-08-30,"SF43718",13.3415,"Tipo de cambio FIX USD/MXN"
2013-09-02,"SF43718",13.307,"Tipo de cambio FIX USD/MXN"
2013-09-03,"SF43718",13.4394,"Tipo de cambio FIX USD/MXN"
2013-09-04,"SF43718",13.3065,"Tipo de cambio FIX USD/MXN"
2013-09-05,"SF43718",13.4079,"Tipo de cambio FIX USD/MXN"
2013-09-06,"SF43718",13.2413,"Tipo de cambio FIX USD/MXN"
2013-09-09,"SF43718",13.1471,"Tipo de cambio FIX USD/MXN"
2013-09-10,"SF43718",13.1119,"Tipo de cambio FIX USD/MXN"
2013-09-11,"SF43718",13.0938,"Tipo de cambio FIX USD/MXN"
2013-09-12,"SF43718",13.0854,"Tipo de cambio FIX USD/MXN"
2013-09-13,"SF43718",13.054,"Tipo de cambio FIX USD/MXN"
2013-09-17,"SF43718",12.9241,"Tipo de cambio FIX USD/MXN"
2013-09-18,"SF43718",12.9687,"Tipo de cambio FIX USD/MXN"
2013-09-19,"SF43718",12.7179,"Tipo de cambio FIX USD/MXN"
2013-09-20,"SF43718",12.7685,"Tipo de cambio FIX USD/MXN"
2013-09-23,"SF43718",12.7846,"Tipo de cambio FIX USD/MXN"
2013-09-24,"SF43718",12.8754,"Tipo de cambio FIX USD/MXN"
2013-09-25,"SF43718",12.953,"Tipo de cambio FIX USD/MXN"
2013-09-26,"SF43718",13.0119,"Tipo de cambio FIX USD/MXN"
2013-09-27,"SF43718",13.145,"Tipo de cambio FIX USD/MXN"
2013-09-30,"SF43718",13.1747,"Tipo de cambio FIX USD/MXN"
2013-10-01,"SF43718",13.1294,"Tipo de cambio FIX USD/MXN"
2013-10-02,"SF43718",13.1593,"Tipo de cambio FIX USD/MXN"
2013-10-03,"SF43718",13.2663,"Tipo de cambio FIX USD/MXN"
2013-10-04,"SF43718",13.0976,"Tipo de cambio FIX USD/MXN"
2013-10-07,"SF43718",13.0959,"Tipo de cambio FIX USD/MXN"
2013-10-08,"SF43718",13.1417,"Tipo de cambio FIX USD/MXN"
2013-10-09,"SF43718",13.2126,"Tipo de cambio FIX USD/MXN"
2013-10-10,"SF43718",13.0913,"Tipo de cambio FIX USD/MXN"
2013-10-11,"SF43718",13.0514,"Tipo de cambio FIX USD/MXN"
2013-10-14,"SF43718",13.0492,"Tipo de cambio FIX USD/MXN"
2013-10-15,"SF43718",12.9725,"Tipo de cambio FIX USD/MXN"
2013-10-16,"SF43718",12.8816,"Tipo de cambio FIX USD/MXN"
2013-10-17,"SF43718",12.7717,"Tipo de cambio FIX USD/MXN"
2013-10-18,"SF43718",12.7988,"Tipo de cambio FIX USD/MXN"
2013-10-21,"SF43718",12.9314,"Tipo de cambio FIX USD/MXN"
2013-10-22,"SF43718",12.8713,"Tipo de cambio FIX USD/MXN"
2013-10-23,"SF43718",12.9433,"Tipo de cambio FIX USD/MXN"
2013-10-24,"SF43718",12.9916,"Tipo de cambio FIX USD/MXN"
2013-10-25,"SF43718",12.8693,"Tipo de cambio FIX USD/MXN"
2013-10-28,"SF43718",12.8948,"Tipo de cambio FIX USD/MXN"
2013-10-29,"SF43718",12.8903,"Tipo de cambio FIX USD/MXN"
2013-10-30,"SF43718",12.864,"Tipo de cambio FIX USD/MXN"
2013-10-31,"SF43718",13.0067,"Tipo de cambio FIX USD/MXN"
2013-11-01,"SF43718",13.0789,"Tipo de cambio FIX USD/MXN"
2013-11-04,"SF43718",12.9869,"Tipo de cambio FIX USD/MXN"
2013-11-05,"SF43718",13.1341,"Tipo de cambio FIX USD/MXN"
2013-11-06,"SF43718",13.1388,"Tipo de cambio FIX USD/MXN"
2013-11-07,"SF43718",13.1912,"Tipo de cambio FIX USD/MXN"
2013-11-08,"SF43718",13.2412,"Tipo de cambio FIX USD/MXN"
2013-11-11,"SF43718",13.2314,"Tipo de cambio FIX USD/MXN"
2013-11-12,"SF43718",13.1879,"Tipo de cambio FIX USD/MXN"
2013-11-13,"SF43718",13.103,"Tipo de cambio FIX USD/MXN"
2013-11-14,"SF43718",13.0173,"Tipo de cambio FIX USD/MXN"
2013-11-15,"SF43718",12.9524,"Tipo de cambio FIX USD/MXN"
2013-11-19,"SF43718",12.8869,"Tipo de cambio FIX USD/MXN"
2013-11-20,"SF43718",12.9697,"Tipo de cambio FIX USD/MXN"
2013-11-21,"SF43718",13.0617,"Tipo de cambio FIX USD/MXN"
2013-11-22,"SF43718",13.0223,"Tipo de cambio FIX USD/MXN"
2013-11-25,"SF43718",13.0267,"Tipo de cambio FIX USD/MXN"
2013-11-26,"SF43718",13.0745,"Tipo de cambio FIX USD/MXN"
2013-11-27,"SF43718",13.0925,"Tipo de cambio FIX USD/MXN"
2013-11-28,"SF43718",13.0836,"Tipo de cambio FIX USD/MXN"
2013-11-29,"SF43718",13.1101,"Tipo de cambio FIX USD/MXN"
2013-12-02,"SF43718",13.2041,"Tipo de cambio FIX USD/MXN"
2013-12-03,"SF43718",13.2372,"Tipo de cambio FIX USD/MXN"
2013-12-04,"SF43718",13.0826,"Tipo de cambio FIX USD/MXN"
2013-12-05,"SF43718",13.0057,"Tipo de cambio FIX USD/MXN"
2013-12-06,"SF43718",12.9299,"Tipo de cambio FIX USD/MXN"
2013-12-09,"SF43718",12.8612,"Tipo de cambio FIX USD/MXN"
2013-12-10,"SF43718",12.8574,"Tipo de cambio FIX USD/MXN"
2013-12-11,"SF43718",12.9342,"Tipo de cambio FIX USD/MXN"
2013-12-13,"SF43718",12.9515,"Tipo de cambio FIX USD/MXN"
2013-12-16,"SF43718",12.9439,"Tipo de cambio FIX USD/MXN"
2013-12-17,"SF43718",12.9575,"Tipo de cambio FIX USD/MXN"
2013-12-18,"SF43718",12.9937,"Tipo de cambio FIX USD/MXN"
2013-12-19,"SF43718",12.973,"Tipo de cambio FIX USD/MXN"
2013-12-20,"SF43718",12.9574,"Tipo de cambio FIX USD/MXN"
2013-12-23,"SF43718",12.961,"Tipo de cambio FIX USD/MXN"
2013-12-24,"SF43718",13.02,"Tipo de cambio FIX USD/MXN"
2013-12-26,"SF43718",13.0547,"Tipo de cambio FIX USD/MXN"
2013-12-27,"SF43718",13.0765,"Tipo de cambio FIX USD/MXN"
2013-12-30,"SF43718",13.0652,"Tipo de cambio FIX USD/MXN"
2013-12-31,"SF43718",13.0843,"Tipo de cambio FIX USD/MXN"
2014-01-02,"SF43718",13.1011,"Tipo de cambio FIX USD/MXN"
2014-01-03,"SF43718",13.0911,"Tipo de cambio FIX USD/MXN"
2014-01-06,"SF43718",13.0905,"Tipo de cambio FIX USD/MXN"
2014-01-07,"SF43718",13.0337,"Tipo de cambio FIX USD/MXN"
2014-01-08,"SF43718",13.0846,"Tipo de cambio FIX USD/MXN"
2014-01-09,"SF43718",13.1403,"Tipo de cambio FIX USD/MXN"
2014-01-10,"SF43718",13.0065,"Tipo de cambio FIX USD/MXN"
2014-01-13,"SF43718",12.9889,"Tipo de cambio FIX USD/MXN"
2014-01-14,"SF43718",13.0956,"Tipo de cambio FIX USD/MXN"
2014-01-15,"SF43718",13.1689,"Tipo de cambio FIX USD/MXN"
2014-01-16,"SF43718",13.2907,"Tipo de cambio FIX USD/MXN"
2014-01-17,"SF43718",13.2737,"Tipo de cambio FIX USD/MXN"
2014-01-20,"SF43718",13.242,"Tipo de cambio FIX USD/MXN"
2014-01-21,"SF43718",13.2984,"Tipo de cambio FIX USD/MXN"
2014-01-22,"SF43718",13.3194,"Tipo de cambio FIX USD/MXN"
2014-01-23,"SF43718",13.3722,"Tipo de cambio FIX USD/MXN"
2014-01-24,"SF43718",13.493,"Tipo de cambio FIX USD/MXN"
2014-01-27,"SF43718",13.4408,"Tipo de cambio FIX USD/MXN"
2014-01-28,"SF43718",13.3104,"Tipo de cambio FIX USD/MXN"
2014-01-29,"SF43718",13.3671,"Tipo de cambio FIX USD/MXN"
2014-01-30,"SF43718",13.3207,"Tipo de cambio FIX USD/MXN"
2014-01-31,"SF43718",13.3769,"Tipo de cambio FIX USD/MXN"
2014-02-04,"SF43718",13.3928,"Tipo de cambio FIX USD/MXN"
2014-02-05,"SF43718",13.3705,"Tipo de cambio FIX USD/MXN"
2014-02-06,"SF43718",13.2211,"Tipo de cambio FIX USD/MXN"
2014-02-07,"SF43718",13.3285,"Tipo de cambio FIX USD/MXN"
2014-02-10,"SF43718",13.3134,"Tipo de cambio FIX USD/MXN"
2014-02-11,"SF43718",13.2916,"Tipo de cambio FIX USD/MXN"
2014-02-12,"SF43718",13.3056,"Tipo de cambio FIX USD/MXN"
2014-02-13,"SF43718",13.332,"Tipo de cambio FIX USD/MXN"
2014-02-14,"SF43718",13.2477,"Tipo de cambio FIX USD/MXN"
2014-02-17,"SF43718",13.1949,"Tipo de cambio FIX USD/MXN"
2014-02-18,"SF43718",13.2261,"Tipo de cambio FIX USD/MXN"
2014-02-19,"SF43718",13.2714,"Tipo de cambio FIX USD/MXN"
2014-02-20,"SF43718",13.2913,"Tipo de cambio FIX USD/MXN"
2014-02-21,"SF43718",13.2704,"Tipo de cambio FIX USD/MXN"
2014-02-24,"SF43718",13.209,"Tipo de cambio FIX USD/MXN"
2014-02-25,"SF43718",13.2248,"Tipo de cambio FIX USD/MXN"
2014-02-26,"SF43718",13.2992,"Tipo de cambio FIX USD/MXN"
2014-02-27,"SF43718",13.3066,"Tipo de cambio FIX USD/MXN"
2014-02-28,"SF43718",13.2379,"Tipo de cambio FIX USD/MXN"
2014-03-03,"SF43718",13.3201,"Tipo de cambio FIX USD/MXN"
2014-03-04,"SF43718",13.2752,"Tipo de cambio FIX USD/MXN"
2014-03-05,"SF43718",13.2519,"Tipo de cambio FIX USD/MXN"
2014-03-06,"SF43718",13.1476,"Tipo de cambio FIX USD/MXN"
2014-03-07,"SF43718",13.1795,"Tipo de cambio FIX USD/MXN"
2014-03-10,"SF43718",13.2248,"Tipo de cambio FIX USD/MXN"
2014-03-11,"SF43718",13.243,"Tipo de cambio FIX USD/MXN"
2014-03-12,"SF43718",13.2659,"Tipo de cambio FIX USD/MXN"
2014-03-13,"SF43718",13.2456,"Tipo de cambio FIX USD/MXN"
2014-03-14,"SF43718",13.234,"Tipo de cambio FIX USD/MXN"
2014-03-18,"SF43718",13.1675,"Tipo de cambio FIX USD/MXN"
2014-03-19,"SF43718",13.1695,"Tipo de cambio FIX USD/MXN"
2014-03-20,"SF43718",13.2703,"Tipo de cambio FIX USD/MXN"
2014-03-21,"SF43718",13.22,"Tipo de cambio FIX USD/MXN"
2014-03-24,"SF43718",13.2019,"Tipo de cambio FIX USD/MXN"
2014-03-25,"SF43718",13.1349,"Tipo de cambio FIX USD/MXN"
2014-03-26,"SF43718",13.1273,"Tipo de cambio FIX USD/MXN"
2014-03-27,"SF43718",13.0837,"Tipo de cambio FIX USD/MXN"
2014-03-28,"SF43718",13.0841,"Tipo de cambio FIX USD/MXN"
2014-03-31,"SF43718",13.0549,"Tipo de cambio FIX USD/MXN"
2014-04-01,"SF43718",13.0313,"Tipo de cambio FIX USD/MXN"
2014-04-02,"SF43718",13.0991,"Tipo de cambio FIX USD/MXN"
2014-04-03,"SF43718",13.1324,"Tipo de cambio FIX USD/MXN"
2014-04-04,"SF43718",13.0345,"Tipo de cambio FIX USD/MXN"
2014-04-07,"SF43718",13.0179,"Tipo de cambio FIX USD/MXN"
2014-04-08,"SF43718",12.9642,"Tipo de cambio FIX USD/MXN"
2014-04-09,"SF43718",13.0604,"Tipo de cambio FIX USD/MXN"
2014-04-10,"SF43718",13.0453,"Tipo de cambio FIX USD/MXN"
2014-04-11,"SF43718",13.0788,"Tipo de cambio FIX USD/MXN"
2014-04-14,"SF43718",13.0493,"Tipo de cambio FIX USD/MXN"
2014-04-15,"SF43718",13.0986,"Tipo de cambio FIX USD/MXN"
2014-04-16,"SF43718",13.0603,"Tipo de cambio FIX USD/MXN"
2014-04-21,"SF43718",13.0413,"Tipo de cambio FIX USD/MXN"
2014-04-22,"SF43718",13.0448,"Tipo de cambio FIX USD/MXN"
2014-04-23,"SF43718",13.0908,"Tipo de cambio FIX USD/MXN"
2014-04-24,"SF43718",13.101,"Tipo de cambio FIX USD/MXN"
2014-04-25,"SF43718",13.1371,"Tipo de cambio FIX USD/MXN"
2014-04-28,"SF43718",13.1356,"Tipo de cambio FIX USD/MXN"
2014-04-29,"SF43718",13.1039,"Tipo de cambio FIX USD/MXN"
2014-04-30,"SF43718",13.0901,"Tipo de cambio FIX USD/MXN"
2014-05-02,"SF43718",12.9981,"Tipo de cambio FIX USD/MXN"
2014-05-05,"SF43718",13.0102,"Tipo de cambio FIX USD/MXN"
2014-05-06,"SF43718",13.0129,"Tipo de cambio FIX USD/MXN"
2014-05-07,"SF43718",12.9876,"Tipo de cambio FIX USD/MXN"
2014-05-08,"SF43718",12.9477,"Tipo de cambio FIX USD/MXN"
2014-05-09,"SF43718",12.9843,"Tipo de cambio FIX USD/MXN"
2014-05-12,"SF43718",12.9534,"Tipo de cambio FIX USD/MXN"
2014-05-13,"SF43718",12.9234,"Tipo de cambio FIX USD/MXN"
2014-05-14,"SF43718",12.8993,"Tipo de cambio FIX USD/MXN"
2014-05-15,"SF43718",12.9755,"Tipo de cambio FIX USD/MXN"
2014-05-16,"SF43718",12.9193,"Tipo de cambio FIX USD/MXN"
2014-05-19,"SF43718",12.8944,"Tipo de cambio FIX USD/MXN"
2014-05-20,"SF43718",12.9425,"Tipo de cambio FIX USD/MXN"
2014-05-21,"SF43718",12.9132,"Tipo de cambio FIX USD/MXN"
2014-05-22,"SF43718",12.8801,"Tipo de cambio FIX USD/MXN"
2014-05-23,"SF43718",12.8656,"Tipo de cambio FIX USD/MXN"
2014-05-26,"SF43718",12.8616,"Tipo de cambio FIX USD/MXN"
2014-05-27,"SF43718",12.8772,"Tipo de cambio FIX USD/MXN"
2014-05-28,"SF43718",12.866,"Tipo de cambio FIX USD/MXN"
2014-05-29,"SF43718",12.8462,"Tipo de cambio FIX USD/MXN"
2014-05-30,"SF43718",12.8609,"Tipo de cambio FIX USD/MXN"
2014-06-02,"SF43718",12.9108,"Tipo de cambio FIX USD/MXN"
2014-06-03,"SF43718",12.9447,"Tipo de cambio FIX USD/MXN"
2014-06-04,"SF43718",12.9527,"Tipo de cambio FIX USD/MXN"
2014-06-05,"SF43718",12.8868,"Tipo de cambio FIX USD/MXN"
2014-06-06,"SF43718",12.8981,"Tipo de cambio FIX USD/MXN"
2014-06-09,"SF43718",12.9912,"Tipo de cambio FIX USD/MXN"
2014-06-10,"SF43718",13.0486,"Tipo de cambio FIX USD/MXN"
2014-06-11,"SF43718",13.0306,"Tipo de cambio FIX USD/MXN"
2014-06-12,"SF43718",12.9815,"Tipo de cambio FIX USD/MXN"
2014-06-13,"SF43718",13.0164,"Tipo de cambio FIX USD/MXN"
2014-06-16,"SF43718",13.0323,"Tipo de cambio FIX USD/MXN"
2014-06-17,"SF43718",13.1007,"Tipo de cambio FIX USD/MXN"
2014-06-18,"SF43718",13.0672,"Tipo de cambio FIX USD/MXN"
2014-06-19,"SF43718",12.9885,"Tipo de cambio FIX USD/MXN"
2014-06-20,"SF43718",13.0124,"Tipo de cambio FIX USD/MXN"
2014-06-23,"SF43718",13.0056,"Tipo de cambio FIX USD/MXN"
2014-06-24,"SF43718",13.0218,"Tipo de cambio FIX USD/MXN"
2014-06-25,"SF43718",13.0174,"Tipo de cambio FIX USD/MXN"
2014-06-26,"SF43718",13.0323,"Tipo de cambio FIX USD/MXN"
2014-06-27,"SF43718",13.0002,"Tipo de cambio FIX USD/MXN"
2014-06-30,"SF43718",12.9712,"Tipo de cambio FIX USD/MXN"
2014-07-01,"SF43718",12.9605,"Tipo de cambio FIX USD/MXN"
2014-07-02,"SF43718",12.9673,"Tipo de cambio FIX USD/MXN"
2014-07-03,"SF43718",12.9829,"Tipo de cambio FIX USD/MXN"
2014-07-04,"SF43718",12.9768,"Tipo de cambio FIX USD/MXN"
2014-07-07,"SF43718",12.9949,"Tipo de cambio FIX USD/MXN"
2014-07-08,"SF43718",13.0006,"Tipo de cambio FIX USD/MXN"
2014-07-09,"SF43718",12.978,"Tipo de cambio FIX USD/MXN"
2014-07-10,"SF43718",13.0015,"Tipo de cambio FIX USD/MXN"
2014-07-11,"SF43718",12.985,"Tipo de cambio FIX USD/MXN"
2014-07-14,"SF43718",12.9755,"Tipo de cambio FIX USD/MXN"
2014-07-15,"SF43718",12.9611,"Tipo de cambio FIX USD/MXN"
2014-07-16,"SF43718",12.939,"Tipo de cambio FIX USD/MXN"
2014-07-17,"SF43718",12.9454,"Tipo de cambio FIX USD/MXN"
2014-07-18,"SF43718",12.9588,"Tipo de cambio FIX USD/MXN"
2014-07-21,"SF43718",12.9751,"Tipo de cambio FIX USD/MXN"
2014-07-22,"SF43718",12.9393,"Tipo de cambio FIX USD/MXN"
2014-07-23,"SF43718",12.9286,"Tipo de cambio FIX USD/MXN"
2014-07-24,"SF43718",12.9572,"Tipo de cambio FIX USD/MXN"
2014-07-25,"SF43718",12.9445,"Tipo de cambio FIX USD/MXN"
2014-07-28,"SF43718",12.9878,"Tipo de cambio FIX USD/MXN"
2014-07-29,"SF43718",13.0578,"Tipo de cambio FIX USD/MXN"
2014-07-30,"SF43718",13.1357,"Tipo de cambio FIX USD/MXN"
2014-07-31,"SF43718",13.2269,"Tipo de cambio FIX USD/MXN"
2014-08-01,"SF43718",13.1932,"Tipo de cambio FIX USD/MXN"
2014-08-04,"SF43718",13.1962,"Tipo de cambio FIX USD/MXN"
2014-08-05,"SF43718",13.2716,"Tipo de cambio FIX USD/MXN"
2014-08-06,"SF43718",13.258,"Tipo de cambio FIX USD/MXN"
2014-08-07,"SF43718",13.2551,"Tipo de cambio FIX USD/MXN"
2014-08-08,"SF43718",13.236,"Tipo de cambio FIX USD/MXN"
2014-08-11,"SF43718",13.1998,"Tipo de cambio FIX USD/MXN"
2014-08-12,"SF43718",13.159,"Tipo de cambio FIX USD/MXN"
2014-08-13,"SF43718",13.1113,"Tipo de cambio FIX USD/MXN"
2014-08-14,"SF43718",13.0717,"Tipo de cambio FIX USD/MXN"
2014-08-15,"SF43718",13.0748,"Tipo de cambio FIX USD/MXN"
2014-08-18,"SF43718",13.0505,"Tipo de cambio FIX USD/MXN"
2014-08-19,"SF43718",13.0532,"Tipo de cambio FIX USD/MXN"
2014-08-20,"SF43718",13.0814,"Tipo de cambio FIX USD/MXN"
2014-08-21,"SF43718",13.0963,"Tipo de cambio FIX USD/MXN"
2014-08-22,"SF43718",13.1328,"Tipo de cambio FIX USD/MXN"
2014-08-25,"SF43718",13.1383,"Tipo de cambio FIX USD/MXN"
2014-08-26,"SF43718",13.1059,"Tipo de cambio FIX USD/MXN"
2014-08-27,"SF43718",13.0811,"Tipo de cambio FIX USD/MXN"
2014-08-28,"SF43718",13.1109,"Tipo de cambio FIX USD/MXN"
2014-08-29,"SF43718",13.0763,"Tipo de cambio FIX USD/MXN"
2014-09-01,"SF43718",13.0833,"Tipo de cambio FIX USD/MXN"
2014-09-02,"SF43718",13.1299,"Tipo de cambio FIX USD/MXN"
2014-09-03,"SF43718",13.0892,"Tipo de cambio FIX USD/MXN"
2014-09-04,"SF43718",13.0959,"Tipo de cambio FIX USD/MXN"
2014-09-05,"SF43718",13.0788,"Tipo de cambio FIX USD/MXN"
2014-09-08,"SF43718",13.0813,"Tipo de cambio FIX USD/MXN"
2014-09-09,"SF43718",13.2162,"Tipo de cambio FIX USD/MXN"
2014-09-10,"SF43718",13.2144,"Tipo de cambio FIX USD/MXN"
2014-09-11,"SF43718",13.2144,"Tipo de cambio FIX USD/MXN"
2014-09-12,"SF43718",13.2644,"Tipo de cambio FIX USD/MXN"
2014-09-15,"SF43718",13.2223,"Tipo de cambio FIX USD/MXN"
2014-09-17,"SF43718",13.1762,"Tipo de cambio FIX USD/MXN"
2014-09-18,"SF43718",13.2402,"Tipo de cambio FIX USD/MXN"
2014-09-19,"SF43718",13.2369,"Tipo de cambio FIX USD/MXN"
2014-09-22,"SF43718",13.2566,"Tipo de cambio FIX USD/MXN"
2014-09-23,"SF43718",13.2768,"Tipo de cambio FIX USD/MXN"
2014-09-24,"SF43718",13.3015,"Tipo de cambio FIX USD/MXN"
2014-09-25,"SF43718",13.3848,"Tipo de cambio FIX USD/MXN"
2014-09-26,"SF43718",13.4541,"Tipo de cambio FIX USD/MXN"
2014-09-29,"SF43718",13.4891,"Tipo de cambio FIX USD/MXN"
2014-09-30,"SF43718",13.433,"Tipo de cambio FIX USD/MXN"
2014-10-01,"SF43718",13.4455,"Tipo de cambio FIX USD/MXN"
2014-10-02,"SF43718",13.4026,"Tipo de cambio FIX USD/MXN"
2014-10-03,"SF43718",13.4835,"Tipo de cambio FIX USD/MXN"
2014-10-06,"SF43718",13.4089,"Tipo de cambio FIX USD/MXN"
2014-10-07,"SF43718",13.4332,"Tipo de cambio FIX USD/MXN"
2014-10-08,"SF43718",13.4786,"Tipo de cambio FIX USD/MXN"
2014-10-09,"SF43718",13.3789,"Tipo de cambio FIX USD/MXN"
2014-10-10,"SF43718",13.4331,"Tipo de cambio FIX USD/MXN"
2014-10-13,"SF43718",13.4203,"Tipo de cambio FIX USD/MXN"
2014-10-14,"SF43718",13.4094,"Tipo de cambio FIX USD/MXN"
2014-10-15,"SF43718",13.5423,"Tipo de cambio FIX USD/MXN"
2014-10-16,"SF43718",13.5616,"Tipo de cambio FIX USD/MXN"
2014-10-17,"SF43718",13.5231,"Tipo de cambio FIX USD/MXN"
2014-10-20,"SF43718",13.5357,"Tipo de cambio FIX USD/MXN"
2014-10-21,"SF43718",13.4989,"Tipo de cambio FIX USD/MXN"
2014-10-22,"SF43718",13.5559,"Tipo de cambio FIX USD/MXN"
2014-10-23,"SF43718",13.5288,"Tipo de cambio FIX USD/MXN"
2014-10-24,"SF43718",13.5263,"Tipo de cambio FIX USD/MXN"
2014-10-27,"SF43718",13.5701,"Tipo de cambio FIX USD/MXN"
2014-10-28,"SF43718",13.4843,"Tipo de cambio FIX USD/MXN"
2014-10-29,"SF43718",13.4239,"Tipo de cambio FIX USD/MXN"
2014-10-30,"SF43718",13.4316,"Tipo de cambio FIX USD/MXN"
2014-10-31,"SF43718",13.4773,"Tipo de cambio FIX USD/MXN"
2014-11-03,"SF43718",13.5503,"Tipo de cambio FIX USD/MXN"
2014-11-04,"SF43718",13.5925,"Tipo de cambio FIX USD/MXN"
2014-11-05,"SF43718",13.607,"Tipo de cambio FIX USD/MXN"
2014-11-06,"SF43718",13.6173,"Tipo de cambio FIX USD/MXN"
2014-11-07,"SF43718",13.5573,"Tipo de cambio FIX USD/MXN"
2014-11-10,"SF43718",13.5528,"Tipo de cambio FIX USD/MXN"
2014-11-11,"SF43718",13.5874,"Tipo de cambio FIX USD/MXN"
2014-11-12,"SF43718",13.5613,"Tipo de cambio FIX USD/MXN"
2014-11-13,"SF43718",13.5995,"Tipo de cambio FIX USD/MXN"
2014-11-14,"SF43718",13.5348,"Tipo de cambio FIX USD/MXN"
2014-11-18,"SF43718",13.5445,"Tipo de cambio FIX USD/MXN"
2014-11-19,"SF43718",13.6146,"Tipo de cambio FIX USD/MXN"
2014-11-20,"SF43718",13.6115,"Tipo de cambio FIX USD/MXN"
2014-11-21,"SF43718",13.6152,"Tipo de cambio FIX USD/MXN"
2014-11-24,"SF43718",13.6374,"Tipo de cambio FIX USD/MXN"
2014-11-25,"SF43718",13.642,"Tipo de cambio FIX USD/MXN"
2014-11-26,"SF43718",13.7219,"Tipo de cambio FIX USD/MXN"
2014-11-27,"SF43718",13.7667,"Tipo de cambio FIX USD/MXN"
2014-11-28,"SF43718",13.8965,"Tipo de cambio FIX USD/MXN"
2014-12-01,"SF43718",13.9262,"Tipo de cambio FIX USD/MXN"
2014-12-02,"SF43718",14.076,"Tipo de cambio FIX USD/MXN"
2014-12-03,"SF43718",14.0918,"Tipo de cambio FIX USD/MXN"
2014-12-04,"SF43718",14.1165,"Tipo de cambio FIX USD/MXN"
2014-12-05,"SF43718",14.3045,"Tipo de cambio FIX USD/MXN"
2014-12-08,"SF43718",14.4042,"Tipo de cambio FIX USD/MXN"
2014-12-09,"SF43718",14.3674,"Tipo de cambio FIX USD/MXN"
2014-12-10,"SF43718",14.5181,"Tipo de cambio FIX USD/MXN"
2014-12-11,"SF43718",14.6648,"Tipo de cambio FIX USD/MXN"
2014-12-15,"SF43718",14.7853,"Tipo de cambio FIX USD/MXN"
2014-12-16,"SF43718",14.7499,"Tipo de cambio FIX USD/MXN"
2014-12-17,"SF43718",14.6028,"Tipo de cambio FIX USD/MXN"
2014-12-18,"SF43718",14.5562,"Tipo de cambio FIX USD/MXN"
2014-12-19,"SF43718",14.6378,"Tipo de cambio FIX USD/MXN"
2014-12-22,"SF43718",14.6359,"Tipo de cambio FIX USD/MXN"
2014-12-23,"SF43718",14.7008,"Tipo de cambio FIX USD/MXN"
2014-12-24,"SF43718",14.7429,"Tipo de cambio FIX USD/MXN"
2014-12-26,"SF43718",14.6955,"Tipo de cambio FIX USD/MXN"
2014-12-29,"SF43718",14.718,"Tipo de cambio FIX USD/MXN"
2014-12-30,"SF43718",14.7348,"Tipo de cambio FIX USD/MXN"
2014-12-31,"SF43718",14.7414,"Tipo de cambio FIX USD/MXN"
2015-01-02,"SF43718",14.829,"Tipo de cambio FIX USD/MXN"
2015-01-05,"SF43718",14.9469,"Tipo de cambio FIX USD/MXN"
2015-01-06,"SF43718",14.8479,"Tipo de cambio FIX USD/MXN"
2015-01-07,"SF43718",14.7936,"Tipo de cambio FIX USD/MXN"
2015-01-08,"SF43718",14.6274,"Tipo de cambio FIX USD/MXN"
2015-01-09,"SF43718",14.5804,"Tipo de cambio FIX USD/MXN"
2015-01-12,"SF43718",14.6398,"Tipo de cambio FIX USD/MXN"
2015-01-13,"SF43718",14.5559,"Tipo de cambio FIX USD/MXN"
2015-01-14,"SF43718",14.5644,"Tipo de cambio FIX USD/MXN"
2015-01-15,"SF43718",14.5821,"Tipo de cambio FIX USD/MXN"
2015-01-16,"SF43718",14.6223,"Tipo de cambio FIX USD/MXN"
2015-01-19,"SF43718",14.6524,"Tipo de cambio FIX USD/MXN"
2015-01-20,"SF43718",14.6484,"Tipo de cambio FIX USD/MXN"
2015-01-21,"SF43718",14.6983,"Tipo de cambio FIX USD/MXN"
2015-01-22,"SF43718",14.612,"Tipo de cambio FIX USD/MXN"
2015-01-23,"SF43718",14.6499,"Tipo de cambio FIX USD/MXN"
2015-01-26,"SF43718",14.5887,"Tipo de cambio FIX USD/MXN"
2015-01-27,"SF43718",14.5872,"Tipo de cambio FIX USD/MXN"
2015-01-28,"SF43718",14.6878,"Tipo de cambio FIX USD/MXN"
2015-01-29,"SF43718",14.8414,"Tipo de cambio FIX USD/MXN"
2015-01-30,"SF43718",14.9885,"Tipo de cambio FIX USD/MXN"
2015-02-03,"SF43718",14.7566,"Tipo de cambio FIX USD/MXN"
2015-02-04,"SF43718",14.8011,"Tipo de cambio FIX USD/MXN"
2015-02-05,"SF43718",14.7548,"Tipo de cambio FIX USD/MXN"
2015-02-06,"SF43718",14.9024,"Tipo de cambio FIX USD/MXN"
2015-02-09,"SF43718",14.8014,"Tipo de cambio FIX USD/MXN"
2015-02-10,"SF43718",14.9309,"Tipo de cambio FIX USD/MXN"
2015-02-11,"SF43718",15.1099,"Tipo de cambio FIX USD/MXN"
2015-02-12,"SF43718",14.9167,"Tipo de cambio FIX USD/MXN"
2015-02-13,"SF43718",14.8605,"Tipo de cambio FIX USD/MXN"
2015-02-16,"SF43718",14.8979,"Tipo de cambio FIX USD/MXN"
2015-02-17,"SF43718",14.8971,"Tipo de cambio FIX USD/MXN"
2015-02-18,"SF43718",14.9473,"Tipo de cambio FIX USD/MXN"
2015-02-19,"SF43718",14.9583,"Tipo de cambio FIX USD/MXN"
2015-02-20,"SF43718",15.0757,"Tipo de cambio FIX USD/MXN"
2015-02-23,"SF43718",15.0832,"Tipo de cambio FIX USD/MXN"
2015-02-24,"SF43718",14.9712,"Tipo de cambio FIX USD/MXN"
2015-02-25,"SF43718",14.9228,"Tipo de cambio FIX USD/MXN"
2015-02-26,"SF43718",14.9624,"Tipo de cambio FIX USD/MXN"
2015-02-27,"SF43718",14.9553,"Tipo de cambio FIX USD/MXN"
2015-03-02,"SF43718",14.9862,"Tipo de cambio FIX USD/MXN"
2015-03-03,"SF43718",14.9544,"Tipo de cambio FIX USD/MXN"
2015-03-04,"SF43718",15.0756,"Tipo de cambio FIX USD/MXN"
2015-03-05,"SF43718",15.1686,"Tipo de cambio FIX USD/MXN"
2015-03-06,"SF43718",15.4445,"Tipo de cambio FIX USD/MXN"
2015-03-09,"SF43718",15.4544,"Tipo de cambio FIX USD/MXN"
2015-03-10,"SF43718",15.5837,"Tipo de cambio FIX USD/MXN"
2015-03-11,"SF43718",15.4455,"Tipo de cambio FIX USD/MXN"
2015-03-12,"SF43718",15.4003,"Tipo de cambio FIX USD/MXN"
2015-03-13,"SF43718",15.4892,"Tipo de cambio FIX USD/MXN"
2015-03-17,"SF43718",15.4271,"Tipo de cambio FIX USD/MXN"
2015-03-18,"SF43718",15.4192,"Tipo de cambio FIX USD/MXN"
2015-03-19,"SF43718",15.296,"Tipo de cambio FIX USD/MXN"
2015-03-20,"SF43718",15.0317,"Tipo de cambio FIX USD/MXN"
2015-03-23,"SF43718",14.9644,"Tipo de cambio FIX USD/MXN"
2015-03-24,"SF43718",14.9347,"Tipo de cambio FIX USD/MXN"
2015-03-25,"SF43718",14.9524,"Tipo de cambio FIX USD/MXN"
2015-03-26,"SF43718",15.1056,"Tipo de cambio FIX USD/MXN"
2015-03-27,"SF43718",15.1542,"Tipo de cambio FIX USD/MXN"
2015-03-30,"SF43718",15.2427,"Tipo de cambio FIX USD/MXN"
2015-03-31,"SF43718",15.2647,"Tipo de cambio FIX USD/MXN"
2015-04-01,"SF43718",15.1206,"Tipo de cambio FIX USD/MXN"
2015-04-06,"SF43718",14.8003,"Tipo de cambio FIX USD/MXN"
2015-04-07,"SF43718",14.9039,"Tipo de cambio FIX USD/MXN"
2015-04-08,"SF43718",14.9072,"Tipo de cambio FIX USD/MXN"
2015-04-09,"SF43718",15.0554,"Tipo de cambio FIX USD/MXN"
2015-04-10,"SF43718",15.1706,"Tipo de cambio FIX USD/MXN"
2015-04-13,"SF43718",15.2947,"Tipo de cambio FIX USD/MXN"
2015-04-14,"SF43718",15.2339,"Tipo de cambio FIX USD/MXN"
2015-04-15,"SF43718",15.3891,"Tipo de cambio FIX USD/MXN"
2015-04-16,"SF43718",15.2455,"Tipo de cambio FIX USD/MXN"
2015-04-17,"SF43718",15.3128,"Tipo de cambio FIX USD/MXN"
2015-04-20,"SF43718",15.3973,"Tipo de cambio FIX USD/MXN"
2015-04-21,"SF43718",15.3837,"Tipo de cambio FIX USD/MXN"
2015-04-22,"SF43718",15.4518,"Tipo de cambio FIX USD/MXN"
2015-04-23,"SF43718",15.3539,"Tipo de cambio FIX USD/MXN"
2015-04-24,"SF43718",15.3834,"Tipo de cambio FIX USD/MXN"
2015-04-27,"SF43718",15.3213,"Tipo de cambio FIX USD/MXN"
2015-04-28,"SF43718",15.2225,"Tipo de cambio FIX USD/MXN"
2015-04-29,"SF43718",15.2043,"Tipo de cambio FIX USD/MXN"
2015-04-30,"SF43718",15.3714,"Tipo de cambio FIX USD/MXN"
2015-05-04,"SF43718",15.494,"Tipo de cambio FIX USD/MXN"
2015-05-05,"SF43718",15.3225,"Tipo de cambio FIX USD/MXN"
2015-05-06,"SF43718",15.2825,"Tipo de cambio FIX USD/MXN"
2015-05-07,"SF43718",15.3397,"Tipo de cambio FIX USD/MXN"
2015-05-08,"SF43718",15.1424,"Tipo de cambio FIX USD/MXN"
2015-05-11,"SF43718",15.2624,"Tipo de cambio FIX USD/MXN"
2015-05-12,"SF43718",15.3211,"Tipo de cambio FIX USD/MXN"
2015-05-13,"SF43718",15.2213,"Tipo de cambio FIX USD/MXN"
2015-05-14,"SF43718",15.1235,"Tipo de cambio FIX USD/MXN"
2015-05-15,"SF43718",15.0225,"Tipo de cambio FIX USD/MXN"
2015-05-18,"SF43718",15.12,"Tipo de cambio FIX USD/MXN"
2015-05-19,"SF43718",15.2008,"Tipo de cambio FIX USD/MXN"
2015-05-20,"SF43718",15.212,"Tipo de cambio FIX USD/MXN"
2015-05-21,"SF43718",15.2326,"Tipo de cambio FIX USD/MXN"
2015-05-22,"SF43718",15.2918,"Tipo de cambio FIX USD/MXN"
2015-05-25,"SF43718",15.2635,"Tipo de cambio FIX USD/MXN"
2015-05-26,"SF43718",15.3235,"Tipo de cambio FIX USD/MXN"
2015-05-27,"SF43718",15.3581,"Tipo de cambio FIX USD/MXN"
2015-05-28,"SF43718",15.3737,"Tipo de cambio FIX USD/MXN"
2015-05-29,"SF43718",15.3815,"Tipo de cambio FIX USD/MXN"
2015-06-01,"SF43718",15.4845,"Tipo de cambio FIX USD/MXN"
2015-06-02,"SF43718",15.4128,"Tipo de cambio FIX USD/MXN"
2015-06-03,"SF43718",15.4833,"Tipo de cambio FIX USD/MXN"
2015-06-04,"SF43718",15.5347,"Tipo de cambio FIX USD/MXN"
2015-06-05,"SF43718",15.6958,"Tipo de cambio FIX USD/MXN"
2015-06-08,"SF43718",15.6715,"Tipo de cambio FIX USD/MXN"
2015-06-09,"SF43718",15.5645,"Tipo de cambio FIX USD/MXN"
2015-06-10,"SF43718",15.4779,"Tipo de cambio FIX USD/MXN"
2015-06-11,"SF43718",15.4409,"Tipo de cambio FIX USD/MXN"
2015-06-12,"SF43718",15.4129,"Tipo de cambio FIX USD/MXN"
2015-06-15,"SF43718",15.4327,"Tipo de cambio FIX USD/MXN"
2015-06-16,"SF43718",15.4192,"Tipo de cambio FIX USD/MXN"
2015-06-17,"SF43718",15.4199,"Tipo de cambio FIX USD/MXN"
2015-06-18,"SF43718",15.2828,"Tipo de cambio FIX USD/MXN"
2015-06-19,"SF43718",15.3274,"Tipo de cambio FIX USD/MXN"
2015-06-22,"SF43718",15.3072,"Tipo de cambio FIX USD/MXN"
2015-06-23,"SF43718",15.4088,"Tipo de cambio FIX USD/MXN"
2015-06-24,"SF43718",15.4555,"Tipo de cambio FIX USD/MXN"
2015-06-25,"SF43718",15.4816,"Tipo de cambio FIX USD/MXN"
2015-06-26,"SF43718",15.5676,"Tipo de cambio FIX USD/MXN"
2015-06-29,"SF43718",15.6599,"Tipo de cambio FIX USD/MXN"
2015-06-30,"SF43718",15.6854,"Tipo de cambio FIX USD/MXN"
2015-07-01,"SF43718",15.7829,"Tipo de cambio FIX USD/MXN"
2015-07-02,"SF43718",15.6821,"Tipo de cambio FIX USD/MXN"
2015-07-03,"SF43718",15.6918,"Tipo de cambio FIX USD/MXN"
2015-07-06,"SF43718",15.753,"Tipo de cambio FIX USD/MXN"
2015-07-07,"SF43718",15.8281,"Tipo de cambio FIX USD/MXN"
2015-07-08,"SF43718",15.8174,"Tipo de cambio FIX USD/MXN"
2015-07-09,"SF43718",15.7856,"Tipo de cambio FIX USD/MXN"
2015-07-10,"SF43718",15.7329,"Tipo de cambio FIX USD/MXN"
2015-07-13,"SF43718",15.7404,"Tipo de cambio FIX USD/MXN"
2015-07-14,"SF43718",15.6728,"Tipo de cambio FIX USD/MXN"
2015-07-15,"SF43718",15.747,"Tipo de cambio FIX USD/MXN"
2015-07-16,"SF43718",15.8014,"Tipo de cambio FIX USD/MXN"
2015-07-17,"SF43718",15.9121,"Tipo de cambio FIX USD/MXN"
2015-07-20,"SF43718",15.9856,"Tipo de cambio FIX USD/MXN"
2015-07-21,"SF43718",15.9728,"Tipo de cambio FIX USD/MXN"
2015-07-22,"SF43718",16.095,"Tipo de cambio FIX USD/MXN"
2015-07-23,"SF43718",16.0988,"Tipo de cambio FIX USD/MXN"
2015-07-24,"SF43718",16.2364,"Tipo de cambio FIX USD/MXN"
2015-07-27,"SF43718",16.2681,"Tipo de cambio FIX USD/MXN"
2015-07-28,"SF43718",16.2638,"Tipo de cambio FIX USD/MXN"
2015-07-29,"SF43718",16.214,"Tipo de cambio FIX USD/MXN"
2015-07-30,"SF43718",16.4512,"Tipo de cambio FIX USD/MXN"
2015-07-31,"SF43718",16.0772,"Tipo de cambio FIX USD/MXN"
2015-08-03,"SF43718",16.1129,"Tipo de cambio FIX USD/MXN"
2015-08-04,"SF43718",16.1736,"Tipo de cambio FIX USD/MXN"
2015-08-05,"SF43718",16.3762,"Tipo de cambio FIX USD/MXN"
2015-08-06,"SF43718",16.3533,"Tipo de cambio FIX USD/MXN"
2015-08-07,"SF43718",16.1645,"Tipo de cambio FIX USD/MXN"
2015-08-10,"SF43718",16.1652,"Tipo de cambio FIX USD/MXN"
2015-08-11,"SF43718",16.3241,"Tipo de cambio FIX USD/MXN"
2015-08-12,"SF43718",16.2976,"Tipo de cambio FIX USD/MXN"
2015-08-13,"SF43718",16.3541,"Tipo de cambio FIX USD/MXN"
2015-08-14,"SF43718",16.3658,"Tipo de cambio FIX USD/MXN"
2015-08-17,"SF43718",16.3993,"Tipo de cambio FIX USD/MXN"
2015-08-18,"SF43718",16.4317,"Tipo de cambio FIX USD/MXN"
2015-08-19,"SF43718",16.4908,"Tipo de cambio FIX USD/MXN"
2015-08-20,"SF43718",16.7182,"Tipo de cambio FIX USD/MXN"
2015-08-21,"SF43718",16.9171,"Tipo de cambio FIX USD/MXN"
2015-08-24,"SF43718",17.0975,"Tipo de cambio FIX USD/MXN"
2015-08-25,"SF43718",16.9859,"Tipo de cambio FIX USD/MXN"
2015-08-26,"SF43718",17.1065,"Tipo de cambio FIX USD/MXN"
2015-08-27,"SF43718",16.8863,"Tipo de cambio FIX USD/MXN"
2015-08-28,"SF43718",16.7684,"Tipo de cambio FIX USD/MXN"
2015-08-31,"SF43718",16.7829,"Tipo de cambio FIX USD/MXN"
2015-09-01,"SF43718",16.8692,"Tipo de cambio FIX USD/MXN"
2015-09-02,"SF43718",16.9444,"Tipo de cambio FIX USD/MXN"
2015-09-03,"SF43718",16.7918,"Tipo de cambio FIX USD/MXN"
2015-09-04,"SF43718",16.8454,"Tipo de cambio FIX USD/MXN"
2015-09-07,"SF43718",16.988,"Tipo de cambio FIX USD/MXN"
2015-09-08,"SF43718",16.7979,"Tipo de cambio FIX USD/MXN"
2015-09-09,"SF43718",16.7773,"Tipo de cambio FIX USD/MXN"
2015-09-10,"SF43718",16.8103,"Tipo de cambio FIX USD/MXN"
2015-09-11,"SF43718",16.8261,"Tipo de cambio FIX USD/MXN"
2015-09-14,"SF43718",16.8168,"Tipo de cambio FIX USD/MXN"
2015-09-15,"SF43718",16.7716,"Tipo de cambio FIX USD/MXN"
2015-09-17,"SF43718",16.568,"Tipo de cambio FIX USD/MXN"
2015-09-18,"SF43718",16.539,"Tipo de cambio FIX USD/MXN"
2015-09-21,"SF43718",16.6865,"Tipo de cambio FIX USD/MXN"
2015-09-22,"SF43718",16.8713,"Tipo de cambio FIX USD/MXN"
2015-09-23,"SF43718",17.0453,"Tipo de cambio FIX USD/MXN"
2015-09-24,"SF43718",17.1149,"Tipo de cambio FIX USD/MXN"
2015-09-25,"SF43718",16.9595,"Tipo de cambio FIX USD/MXN"
2015-09-28,"SF43718",17.0073,"Tipo de cambio FIX USD/MXN"
2015-09-29,"SF43718",17.0771,"Tipo de cambio FIX USD/MXN"
2015-09-30,"SF43718",16.9053,"Tipo de cambio FIX USD/MXN"
2015-10-01,"SF43718",16.8566,"Tipo de cambio FIX USD/MXN"
2015-10-02,"SF43718",16.8162,"Tipo de cambio FIX USD/MXN"
2015-10-05,"SF43718",16.6941,"Tipo de cambio FIX USD/MXN"
2015-10-06,"SF43718",16.6878,"Tipo de cambio FIX USD/MXN"
2015-10-07,"SF43718",16.5762,"Tipo de cambio FIX USD/MXN"
2015-10-08,"SF43718",16.5464,"Tipo de cambio FIX USD/MXN"
2015-10-09,"SF43718",16.418,"Tipo de cambio FIX USD/MXN"
2015-10-12,"SF43718",16.4219,"Tipo de cambio FIX USD/MXN"
2015-10-13,"SF43718",16.5848,"Tipo de cambio FIX USD/MXN"
2015-10-14,"SF43718",16.5804,"Tipo de cambio FIX USD/MXN"
2015-10-15,"SF43718",16.425,"Tipo de cambio FIX USD/MXN"
2015-10-16,"SF43718",16.3959,"Tipo de cambio FIX USD/MXN"
2015-10-19,"SF43718",16.4899,"Tipo de cambio FIX USD/MXN"
2015-10-20,"SF43718",16.5618,"Tipo de cambio FIX USD/MXN"
2015-10-21,"SF43718",16.66,"Tipo de cambio FIX USD/MXN"
2015-10-22,"SF43718",16.5284,"Tipo de cambio FIX USD/MXN"
2015-10-23,"SF43718",16.5138,"Tipo de cambio FIX USD/MXN"
2015-10-26,"SF43718",16.4998,"Tipo de cambio FIX USD/MXN"
2015-10-27,"SF43718",16.5545,"Tipo de cambio FIX USD/MXN"
2015-10-28,"SF43718",16.4503,"Tipo de cambio FIX USD/MXN"
2015-10-29,"SF43718",16.6219,"Tipo de cambio FIX USD/MXN"
2015-10-30,"SF43718",16.5244,"Tipo de cambio FIX USD/MXN"
2015-11-03,"SF43718",16.4196,"Tipo de cambio FIX USD/MXN"
2015-11-04,"SF43718",16.5147,"Tipo de cambio FIX USD/MXN"
2015-11-05,"SF43718",16.5959,"Tipo de cambio FIX USD/MXN"
2015-11-06,"SF43718",16.8382,"Tipo de cambio FIX USD/MXN"
2015-11-09,"SF43718",16.87,"Tipo de cambio FIX USD/MXN"
2015-11-10,"SF43718",16.7658,"Tipo de cambio FIX USD/MXN"
2015-11-11,"SF43718",16.7173,"Tipo de cambio FIX USD/MXN"
2015-11-12,"SF43718",16.7406,"Tipo de cambio FIX USD/MXN"
2015-11-13,"SF43718",16.7395,"Tipo de cambio FIX USD/MXN"
2015-11-17,"SF43718",16.757,"Tipo de cambio FIX USD/MXN"
2015-11-18,"SF43718",16.7636,"Tipo de cambio FIX USD/MXN"
2015-11-19,"SF43718",16.5748,"Tipo de cambio FIX USD/MXN"
2015-11-20,"SF43718",16.512,"Tipo de cambio FIX USD/MXN"
2015-11-23,"SF43718",16.5306,"Tipo de cambio FIX USD/MXN"
2015-11-24,"SF43718",16.4705,"Tipo de cambio FIX USD/MXN"
2015-11-25,"SF43718",16.5548,"Tipo de cambio FIX USD/MXN"
2015-11-26,"SF43718",16.5492,"Tipo de cambio FIX USD/MXN"
2015-11-27,"SF43718",16.5784,"Tipo de cambio FIX USD/MXN"
2015-11-30,"SF43718",16.5856,"Tipo de cambio FIX USD/MXN"
2015-12-01,"SF43718",16.5104,"Tipo de cambio FIX USD/MXN"
2015-12-02,"SF43718",16.5933,"Tipo de cambio FIX USD/MXN"
2015-12-03,"SF43718",16.7095,"Tipo de cambio FIX USD/MXN"
2015-12-04,"SF43718",16.6757,"Tipo de cambio FIX USD/MXN"
2015-12-07,"SF43718",16.9044,"Tipo de cambio FIX USD/MXN"
2015-12-08,"SF43718",17.0164,"Tipo de cambio FIX USD/MXN"
2015-12-09,"SF43718",17.016,"Tipo de cambio FIX USD/MXN"
2015-12-10,"SF43718",17.075,"Tipo de cambio FIX USD/MXN"
2015-12-11,"SF43718",17.3592,"Tipo de cambio FIX USD/MXN"
2015-12-14,"SF43718",17.3776,"Tipo de cambio FIX USD/MXN"
2015-12-15,"SF43718",17.1529,"Tipo de cambio FIX USD/MXN"
2015-12-16,"SF43718",17.136,"Tipo de cambio FIX USD/MXN"
2015-12-17,"SF43718",17.1,"Tipo de cambio FIX USD/MXN"
2015-12-18,"SF43718",17.0139,"Tipo de cambio FIX USD/MXN"
2015-12-21,"SF43718",17.1034,"Tipo de cambio FIX USD/MXN"
2015-12-22,"SF43718",17.1847,"Tipo de cambio FIX USD/MXN"
2015-12-23,"SF43718",17.1953,"Tipo de cambio FIX USD/MXN"
2015-12-24,"SF43718",17.276,"Tipo de cambio FIX USD/MXN"
2015-12-28,"SF43718",17.271,"Tipo de cambio FIX USD/MXN"
2015-12-29,"SF43718",17.2065,"Tipo de cambio FIX USD/MXN"
2015-12-30,"SF43718",17.3398,"Tipo de cambio FIX USD/MXN"
2015-12-31,"SF43718",17.2487,"Tipo de cambio FIX USD/MXN"
2016-01-04,"SF43718",17.3529,"Tipo de cambio FIX USD/MXN"
2016-01-05,"SF43718",17.3456,"Tipo de cambio FIX USD/MXN"
2016-01-06,"SF43718",17.4411,"Tipo de cambio FIX USD/MXN"
2016-01-07,"SF43718",17.6568,"Tipo de cambio FIX USD/MXN"
2016-01-08,"SF43718",17.9283,"Tipo de cambio FIX USD/MXN"
2016-01-11,"SF43718",17.9304,"Tipo de cambio FIX USD/MXN"
2016-01-12,"SF43718",17.9119,"Tipo de cambio FIX USD/MXN"
2016-01-13,"SF43718",17.85,"Tipo de cambio FIX USD/MXN"
2016-01-14,"SF43718",17.9121,"Tipo de cambio FIX USD/MXN"
2016-01-15,"SF43718",18.2108,"Tipo de cambio FIX USD/MXN"
2016-01-18,"SF43718",18.2327,"Tipo de cambio FIX USD/MXN"
2016-01-19,"SF43718",18.1947,"Tipo de cambio FIX USD/MXN"
2016-01-20,"SF43718",18.608,"Tipo de cambio FIX USD/MXN"
2016-01-21,"SF43718",18.5084,"Tipo de cambio FIX USD/MXN"
2016-01-22,"SF43718",18.428,"Tipo de cambio FIX USD/MXN"
2016-01-25,"SF43718",18.5352,"Tipo de cambio FIX USD/MXN"
2016-01-26,"SF43718",18.4715,"Tipo de cambio FIX USD/MXN"
2016-01-27,"SF43718",18.453,"Tipo de cambio FIX USD/MXN"
2016-01-28,"SF43718",18.2906,"Tipo de cambio FIX USD/MXN"
2016-01-29,"SF43718",18.1935,"Tipo de cambio FIX USD/MXN"
2016-02-02,"SF43718",18.4902,"Tipo de cambio FIX USD/MXN"
2016-02-03,"SF43718",18.4537,"Tipo de cambio FIX USD/MXN"
2016-02-04,"SF43718",18.1891,"Tipo de cambio FIX USD/MXN"
2016-02-05,"SF43718",18.3748,"Tipo de cambio FIX USD/MXN"
2016-02-08,"SF43718",18.6959,"Tipo de cambio FIX USD/MXN"
2016-02-09,"SF43718",18.7818,"Tipo de cambio FIX USD/MXN"
2016-02-10,"SF43718",18.8089,"Tipo de cambio FIX USD/MXN"
2016-02-11,"SF43718",19.1754,"Tipo de cambio FIX USD/MXN"
2016-02-12,"SF43718",19.0392,"Tipo de cambio FIX USD/MXN"
2016-02-15,"SF43718",18.8471,"Tipo de cambio FIX USD/MXN"
2016-02-16,"SF43718",18.8148,"Tipo de cambio FIX USD/MXN"
2016-02-17,"SF43718",18.3895,"Tipo de cambio FIX USD/MXN"
2016-02-18,"SF43718",18.1439,"Tipo de cambio FIX USD/MXN"
2016-02-19,"SF43718",18.2762,"Tipo de cambio FIX USD/MXN"
2016-02-22,"SF43718",18.0568,"Tipo de cambio FIX USD/MXN"
2016-02-23,"SF43718",18.1948,"Tipo de cambio FIX USD/MXN"
2016-02-24,"SF43718",18.2893,"Tipo de cambio FIX USD/MXN"
2016-02-25,"SF43718",18.168,"Tipo de cambio FIX USD/MXN"
2016-02-26,"SF43718",18.1706,"Tipo de cambio FIX USD/MXN"
2016-02-29,"SF43718",18.102,"Tipo de cambio FIX USD/MXN"
2016-03-01,"SF43718",17.9432,"Tipo de cambio FIX USD/MXN"
2016-03-02,"SF43718",17.8561,"Tipo de cambio FIX USD/MXN"
2016-03-03,"SF43718",17.8971,"Tipo de cambio FIX USD/MXN"
2016-03-04,"SF43718",17.7723,"Tipo de cambio FIX USD/MXN"
2016-03-07,"SF43718",17.7526,"Tipo de cambio FIX USD/MXN"
2016-03-08,"SF43718",17.9044,"Tipo de cambio FIX USD/MXN"
2016-03-09,"SF43718",17.7523,"Tipo de cambio FIX USD/MXN"
2016-03-10,"SF43718",17.8601,"Tipo de cambio FIX USD/MXN"
2016-03-11,"SF43718",17.7002,"Tipo de cambio FIX USD/MXN"
2016-03-14,"SF43718",17.7691,"Tipo de cambio FIX USD/MXN"
2016-03-15,"SF43718",17.926,"Tipo de cambio FIX USD/MXN"
2016-03-16,"SF43718",17.9308,"Tipo de cambio FIX USD/MXN"
2016-03-17,"SF43718",17.4034,"Tipo de cambio FIX USD/MXN"
2016-03-18,"SF43718",17.2995,"Tipo de cambio FIX USD/MXN"
2016-03-22,"SF43718",17.3361,"Tipo de cambio FIX USD/MXN"
2016-03-23,"SF43718",17.5273,"Tipo de cambio FIX USD/MXN"
2016-03-28,"SF43718",17.461,"Tipo de cambio FIX USD/MXN"
2016-03-29,"SF43718",17.4015,"Tipo de cambio FIX USD/MXN"
2016-03-30,"SF43718",17.2509,"Tipo de cambio FIX USD/MXN"
2016-03-31,"SF43718",17.237,"Tipo de cambio FIX USD/MXN"
2016-04-01,"SF43718",17.3338,"Tipo de cambio FIX USD/MXN"
2016-04-04,"SF43718",17.4484,"Tipo de cambio FIX USD/MXN"
2016-04-05,"SF43718",17.7252,"Tipo de cambio FIX USD/MXN"
2016-04-06,"SF43718",17.7286,"Tipo de cambio FIX USD/MXN"
2016-04-07,"SF43718",17.893,"Tipo de cambio FIX USD/MXN"
2016-04-08,"SF43718",17.7391,"Tipo de cambio FIX USD/MXN"
2016-04-11,"SF43718",17.6452,"Tipo de cambio FIX USD/MXN"
2016-04-12,"SF43718",17.5719,"Tipo de cambio FIX USD/MXN"
2016-04-13,"SF43718",17.49,"Tipo de cambio FIX USD/MXN"
2016-04-14,"SF43718",17.388,"Tipo de cambio FIX USD/MXN"
2016-04-15,"SF43718",17.5669,"Tipo de cambio FIX USD/MXN"
2016-04-18,"SF43718",17.4598,"Tipo de cambio FIX USD/MXN"
2016-04-19,"SF43718",17.2825,"Tipo de cambio FIX USD/MXN"
2016-04-20,"SF43718",17.3078,"Tipo de cambio FIX USD/MXN"
2016-04-21,"SF43718",17.4202,"Tipo de cambio FIX USD/MXN"
2016-04-22,"SF43718",17.4359,"Tipo de cambio FIX USD/MXN"
2016-04-25,"SF43718",17.5866,"Tipo de cambio FIX USD/MXN"
2016-04-26,"SF43718",17.4298,"Tipo de cambio FIX USD/MXN"
2016-04-27,"SF43718",17.3993,"Tipo de cambio FIX USD/MXN"
2016-04-28,"SF43718",17.2125,"Tipo de cambio FIX USD/MXN"
2016-04-29,"SF43718",17.1767,"Tipo de cambio FIX USD/MXN"
2016-05-02,"SF43718",17.2279,"Tipo de cambio FIX USD/MXN"
2016-05-03,"SF43718",17.5234,"Tipo de cambio FIX USD/MXN"
2016-05-04,"SF43718",17.7358,"Tipo de cambio FIX USD/MXN"
2016-05-05,"SF43718",17.7866,"Tipo de cambio FIX USD/MXN"
2016-05-06,"SF43718",17.9204,"Tipo de cambio FIX USD/MXN"
2016-05-09,"SF43718",18.1033,"Tipo de cambio FIX USD/MXN"
2016-05-10,"SF43718",18.0205,"Tipo de cambio FIX USD/MXN"
2016-05-11,"SF43718",17.9549,"Tipo de cambio FIX USD/MXN"
2016-05-12,"SF43718",17.9915,"Tipo de cambio FIX USD/MXN"
2016-05-13,"SF43718",18.1562,"Tipo de cambio FIX USD/MXN"
2016-05-16,"SF43718",18.1795,"Tipo de cambio FIX USD/MXN"
2016-05-17,"SF43718",18.3217,"Tipo de cambio FIX USD/MXN"
2016-05-18,"SF43718",18.3761,"Tipo de cambio FIX USD/MXN"
2016-05-19,"SF43718",18.5465,"Tipo de cambio FIX USD/MXN"
2016-05-20,"SF43718",18.3826,"Tipo de cambio FIX USD/MXN"
2016-05-23,"SF43718",18.4444,"Tipo de cambio FIX USD/MXN"
2016-05-24,"SF43718",18.4694,"Tipo de cambio FIX USD/MXN"
2016-05-25,"SF43718",18.452,"Tipo de cambio FIX USD/MXN"
2016-05-26,"SF43718",18.4572,"Tipo de cambio FIX USD/MXN"
2016-05-27,"SF43718",18.4527,"Tipo de cambio FIX USD/MXN"
2016-05-30,"SF43718",18.4777,"Tipo de cambio FIX USD/MXN"
2016-05-31,"SF43718",18.4118,"Tipo de cambio FIX USD/MXN"
2016-06-01,"SF43718",18.5299,"Tipo de cambio FIX USD/MXN"
2016-06-02,"SF43718",18.6097,"Tipo de cambio FIX USD/MXN"
2016-06-03,"SF43718",18.6283,"Tipo de cambio FIX USD/MXN"
2016-06-06,"SF43718",18.5889,"Tipo de cambio FIX USD/MXN"
2016-06-07,"SF43718",18.5067,"Tipo de cambio FIX USD/MXN"
2016-06-08,"SF43718",18.1491,"Tipo de cambio FIX USD/MXN"
2016-06-09,"SF43718",18.2742,"Tipo de cambio FIX USD/MXN"
2016-06-10,"SF43718",18.5046,"Tipo de cambio FIX USD/MXN"
2016-06-13,"SF43718",18.7915,"Tipo de cambio FIX USD/MXN"
2016-06-14,"SF43718",18.9814,"Tipo de cambio FIX USD/MXN"
2016-06-15,"SF43718",18.8672,"Tipo de cambio FIX USD/MXN"
2016-06-16,"SF43718",18.9968,"Tipo de cambio FIX USD/MXN"
2016-06-17,"SF43718",18.8527,"Tipo de cambio FIX USD/MXN"
2016-06-20,"SF43718",18.6559,"Tipo de cambio FIX USD/MXN"
2016-06-21,"SF43718",18.6444,"Tipo de cambio FIX USD/MXN"
2016-06-22,"SF43718",18.5325,"Tipo de cambio FIX USD/MXN"
2016-06-23,"SF43718",18.3207,"Tipo de cambio FIX USD/MXN"
2016-06-24,"SF43718",18.8716,"Tipo de cambio FIX USD/MXN"
2016-06-27,"SF43718",19.1283,"Tipo de cambio FIX USD/MXN"
2016-06-28,"SF43718",18.9113,"Tipo de cambio FIX USD/MXN"
2016-06-29,"SF43718",18.555,"Tipo de cambio FIX USD/MXN"
2016-06-30,"SF43718",18.4646,"Tipo de cambio FIX USD/MXN"
2016-07-01,"SF43718",18.309,"Tipo de cambio FIX USD/MXN"
2016-07-04,"SF43718",18.3858,"Tipo de cambio FIX USD/MXN"
2016-07-05,"SF43718",18.7536,"Tipo de cambio FIX USD/MXN"
2016-07-06,"SF43718",18.8161,"Tipo de cambio FIX USD/MXN"
2016-07-07,"SF43718",18.8607,"Tipo de cambio FIX USD/MXN"
2016-07-08,"SF43718",18.5991,"Tipo de cambio FIX USD/MXN"
2016-07-11,"SF43718",18.4597,"Tipo de cambio FIX USD/MXN"
2016-07-12,"SF43718",18.3006,"Tipo de cambio FIX USD/MXN"
2016-07-13,"SF43718",18.3937,"Tipo de cambio FIX USD/MXN"
2016-07-14,"SF43718",18.3061,"Tipo de cambio FIX USD/MXN"
2016-07-15,"SF43718",18.492,"Tipo de cambio FIX USD/MXN"
2016-07-18,"SF43718",18.4879,"Tipo de cambio FIX USD/MXN"
2016-07-19,"SF43718",18.5719,"Tipo de cambio FIX USD/MXN"
2016-07-20,"SF43718",18.5729,"Tipo de cambio FIX USD/MXN"
2016-07-21,"SF43718",18.6022,"Tipo de cambio FIX USD/MXN"
2016-07-22,"SF43718",18.6089,"Tipo de cambio FIX USD/MXN"
2016-07-25,"SF43718",18.7569,"Tipo de cambio FIX USD/MXN"
2016-07-26,"SF43718",18.8114,"Tipo de cambio FIX USD/MXN"
2016-07-27,"SF43718",18.8602,"Tipo de cambio FIX USD/MXN"
2016-07-28,"SF43718",18.8979,"Tipo de cambio FIX USD/MXN"
2016-07-29,"SF43718",18.7837,"Tipo de cambio FIX USD/MXN"
2016-08-01,"SF43718",18.8504,"Tipo de cambio FIX USD/MXN"
2016-08-02,"SF43718",18.8966,"Tipo de cambio FIX USD/MXN"
2016-08-03,"SF43718",18.9117,"Tipo de cambio FIX USD/MXN"
2016-08-04,"SF43718",18.8612,"Tipo de cambio FIX USD/MXN"
2016-08-05,"SF43718",18.8691,"Tipo de cambio FIX USD/MXN"
2016-08-08,"SF43718",18.5716,"Tipo de cambio FIX USD/MXN"
2016-08-09,"SF43718",18.3842,"Tipo de cambio FIX USD/MXN"
2016-08-10,"SF43718",18.3479,"Tipo de cambio FIX USD/MXN"
2016-08-11,"SF43718",18.2678,"Tipo de cambio FIX USD/MXN"
2016-08-12,"SF43718",18.2455,"Tipo de cambio FIX USD/MXN"
2016-08-15,"SF43718",18.0363,"Tipo de cambio FIX USD/MXN"
2016-08-16,"SF43718",17.9869,"Tipo de cambio FIX USD/MXN"
2016-08-17,"SF43718",18.2598,"Tipo de cambio FIX USD/MXN"
2016-08-18,"SF43718",18.0832,"Tipo de cambio FIX USD/MXN"
2016-08-19,"SF43718",18.2674,"Tipo de cambio FIX USD/MXN"
2016-08-22,"SF43718",18.3023,"Tipo de cambio FIX USD/MXN"
2016-08-23,"SF43718",18.3202,"Tipo de cambio FIX USD/MXN"
2016-08-24,"SF43718",18.4971,"Tipo de cambio FIX USD/MXN"
2016-08-25,"SF43718",18.446,"Tipo de cambio FIX USD/MXN"
2016-08-26,"SF43718",18.283,"Tipo de cambio FIX USD/MXN"
2016-08-29,"SF43718",18.5773,"Tipo de cambio FIX USD/MXN"
2016-08-30,"SF43718",18.7953,"Tipo de cambio FIX USD/MXN"
2016-08-31,"SF43718",18.8611,"Tipo de cambio FIX USD/MXN"
2016-09-01,"SF43718",18.8523,"Tipo de cambio FIX USD/MXN"
2016-09-02,"SF43718",18.6589,"Tipo de cambio FIX USD/MXN"
2016-09-05,"SF43718",18.5581,"Tipo de cambio FIX USD/MXN"
2016-09-06,"SF43718",18.3524,"Tipo de cambio FIX USD/MXN"
2016-09-07,"SF43718",18.3689,"Tipo de cambio FIX USD/MXN"
2016-09-08,"SF43718",18.5427,"Tipo de cambio FIX USD/MXN"
2016-09-09,"SF43718",18.8451,"Tipo de cambio FIX USD/MXN"
2016-09-12,"SF43718",19.0646,"Tipo de cambio FIX USD/MXN"
2016-09-13,"SF43718",19.152,"Tipo de cambio FIX USD/MXN"
2016-09-14,"SF43718",19.2275,"Tipo de cambio FIX USD/MXN"
2016-09-15,"SF43718",19.2514,"Tipo de cambio FIX USD/MXN"
2016-09-19,"SF43718",19.6097,"Tipo de cambio FIX USD/MXN"
2016-09-20,"SF43718",19.777,"Tipo de cambio FIX USD/MXN"
2016-09-21,"SF43718",19.8394,"Tipo de cambio FIX USD/MXN"
2016-09-22,"SF43718",19.5965,"Tipo de cambio FIX USD/MXN"
2016-09-23,"SF43718",19.7211,"Tipo de cambio FIX USD/MXN"
2016-09-26,"SF43718",19.8322,"Tipo de cambio FIX USD/MXN"
2016-09-27,"SF43718",19.5044,"Tipo de cambio FIX USD/MXN"
2016-09-28,"SF43718",19.5002,"Tipo de cambio FIX USD/MXN"
2016-09-29,"SF43718",19.4086,"Tipo de cambio FIX USD/MXN"
2016-09-30,"SF43718",19.3776,"Tipo de cambio FIX USD/MXN"
2016-10-03,"SF43718",19.3211,"Tipo de cambio FIX USD/MXN"
2016-10-04,"SF43718",19.2138,"Tipo de cambio FIX USD/MXN"
2016-10-05,"SF43718",19.2554,"Tipo de cambio FIX USD/MXN"
2016-10-06,"SF43718",19.2433,"Tipo de cambio FIX USD/MXN"
2016-10-07,"SF43718",19.2994,"Tipo de cambio FIX USD/MXN"
2016-10-10,"SF43718",18.8786,"Tipo de cambio FIX USD/MXN"
2016-10-11,"SF43718",18.9531,"Tipo de cambio FIX USD/MXN"
2016-10-12,"SF43718",18.9622,"Tipo de cambio FIX USD/MXN"
2016-10-13,"SF43718",19.0399,"Tipo de cambio FIX USD/MXN"
2016-10-14,"SF43718",19.0046,"Tipo de cambio FIX USD/MXN"
2016-10-17,"SF43718",18.8723,"Tipo de cambio FIX USD/MXN"
2016-10-18,"SF43718",18.6726,"Tipo de cambio FIX USD/MXN"
2016-10-19,"SF43718",18.5894,"Tipo de cambio FIX USD/MXN"
2016-10-20,"SF43718",18.5945,"Tipo de cambio FIX USD/MXN"
2016-10-21,"SF43718",18.6481,"Tipo de cambio FIX USD/MXN"
2016-10-24,"SF43718",18.5658,"Tipo de cambio FIX USD/MXN"
2016-10-25,"SF43718",18.5147,"Tipo de cambio FIX USD/MXN"
2016-10-26,"SF43718",18.6485,"Tipo de cambio FIX USD/MXN"
2016-10-27,"SF43718",18.8443,"Tipo de cambio FIX USD/MXN"
2016-10-28,"SF43718",18.7304,"Tipo de cambio FIX USD/MXN"
2016-10-31,"SF43718",18.8887,"Tipo de cambio FIX USD/MXN"
2016-11-01,"SF43718",19.1306,"Tipo de cambio FIX USD/MXN"
2016-11-03,"SF43718",19.2014,"Tipo de cambio FIX USD/MXN"
2016-11-04,"SF43718",19.0792,"Tipo de cambio FIX USD/MXN"
2016-11-07,"SF43718",18.6192,"Tipo de cambio FIX USD/MXN"
2016-11-08,"SF43718",18.5089,"Tipo de cambio FIX USD/MXN"
2016-11-09,"SF43718",19.925,"Tipo de cambio FIX USD/MXN"
2016-11-10,"SF43718",20.4812,"Tipo de cambio FIX USD/MXN"
2016-11-11,"SF43718",21.0511,"Tipo de cambio FIX USD/MXN"
2016-11-14,"SF43718",20.8729,"Tipo de cambio FIX USD/MXN"
2016-11-15,"SF43718",20.349,"Tipo de cambio FIX USD/MXN"
2016-11-16,"SF43718",20.2884,"Tipo de cambio FIX USD/MXN"
2016-11-17,"SF43718",20.1898,"Tipo de cambio FIX USD/MXN"
2016-11-18,"SF43718",20.4193,"Tipo de cambio FIX USD/MXN"
2016-11-22,"SF43718",20.5205,"Tipo de cambio FIX USD/MXN"
2016-11-23,"SF43718",20.6901,"Tipo de cambio FIX USD/MXN"
2016-11-24,"SF43718",20.7051,"Tipo de cambio FIX USD/MXN"
2016-11-25,"SF43718",20.6475,"Tipo de cambio FIX USD/MXN"
2016-11-28,"SF43718",20.5521,"Tipo de cambio FIX USD/MXN"
2016-11-29,"SF43718",20.6225,"Tipo de cambio FIX USD/MXN"
2016-11-30,"SF43718",20.5155,"Tipo de cambio FIX USD/MXN"
2016-12-01,"SF43718",20.7488,"Tipo de cambio FIX USD/MXN"
2016-12-02,"SF43718",20.6149,"Tipo de cambio FIX USD/MXN"
2016-12-05,"SF43718",20.5927,"Tipo de cambio FIX USD/MXN"
2016-12-06,"SF43718",20.3863,"Tipo de cambio FIX USD/MXN"
2016-12-07,"SF43718",20.2967,"Tipo de cambio FIX USD/MXN"
2016-12-08,"SF43718",20.4162,"Tipo de cambio FIX USD/MXN"
2016-12-09,"SF43718",20.3305,"Tipo de cambio FIX USD/MXN"
2016-12-13,"SF43718",20.2567,"Tipo de cambio FIX USD/MXN"
2016-12-14,"SF43718",20.2226,"Tipo de cambio FIX USD/MXN"
2016-12-15,"SF43718",20.5973,"Tipo de cambio FIX USD/MXN"
2016-12-16,"SF43718",20.428,"Tipo de cambio FIX USD/MXN"
2016-12-19,"SF43718",20.4098,"Tipo de cambio FIX USD/MXN"
2016-12-20,"SF43718",20.43,"Tipo de cambio FIX USD/MXN"
2016-12-21,"SF43718",20.4921,"Tipo de cambio FIX USD/MXN"
2016-12-22,"SF43718",20.7179,"Tipo de cambio FIX USD/MXN"
2016-12-23,"SF43718",20.6271,"Tipo de cambio FIX USD/MXN"
2016-12-26,"SF43718",20.6445,"Tipo de cambio FIX USD/MXN"
2016-12-27,"SF43718",20.7052,"Tipo de cambio FIX USD/MXN"
2016-12-28,"SF43718",20.7314,"Tipo de cambio FIX USD/MXN"
2016-12-29,"SF43718",20.664,"Tipo de cambio FIX USD/MXN"
2016-12-30,"SF43718",20.6194,"Tipo de cambio FIX USD/MXN"
2017-01-02,"SF43718",20.7323,"Tipo de cambio FIX USD/MXN"
2017-01-03,"SF43718",20.852,"Tipo de cambio FIX USD/MXN"
2017-01-04,"SF43718",21.3799,"Tipo de cambio FIX USD/MXN"
2017-01-05,"SF43718",21.3661,"Tipo de cambio FIX USD/MXN"
2017-01-06,"SF43718",21.3144,"Tipo de cambio FIX USD/MXN"
2017-01-09,"SF43718",21.3219,"Tipo de cambio FIX USD/MXN"
2017-01-10,"SF43718",21.6168,"Tipo de cambio FIX USD/MXN"
2017-01-11,"SF43718",21.9076,"Tipo de cambio FIX USD/MXN"
2017-01-12,"SF43718",21.7204,"Tipo de cambio FIX USD/MXN"
2017-01-13,"SF43718",21.633,"Tipo de cambio FIX USD/MXN"
2017-01-16,"SF43718",21.6643,"Tipo de cambio FIX USD/MXN"
2017-01-17,"SF43718",21.5738,"Tipo de cambio FIX USD/MXN"
2017-01-18,"SF43718",21.8514,"Tipo de cambio FIX USD/MXN"
2017-01-19,"SF43718",21.9044,"Tipo de cambio FIX USD/MXN"
2017-01-20,"SF43718",21.7002,"Tipo de cambio FIX USD/MXN"
2017-01-23,"SF43718",21.4512,"Tipo de cambio FIX USD/MXN"
2017-01-24,"SF43718",21.3692,"Tipo de cambio FIX USD/MXN"
2017-01-25,"SF43718",21.3439,"Tipo de cambio FIX USD/MXN"
2017-01-26,"SF43718",21.2024,"Tipo de cambio FIX USD/MXN"
2017-01-27,"SF43718",21.0212,"Tipo de cambio FIX USD/MXN"
2017-01-30,"SF43718",20.7588,"Tipo de cambio FIX USD/MXN"
2017-01-31,"SF43718",20.7908,"Tipo de cambio FIX USD/MXN"
2017-02-01,"SF43718",20.7752,"Tipo de cambio FIX USD/MXN"
2017-02-02,"SF43718",20.5757,"Tipo de cambio FIX USD/MXN"
2017-02-03,"SF43718",20.3439,"Tipo de cambio FIX USD/MXN"
2017-02-07,"SF43718",20.637,"Tipo de cambio FIX USD/MXN"
2017-02-08,"SF43718",20.4994,"Tipo de cambio FIX USD/MXN"
2017-02-09,"SF43718",20.4163,"Tipo de cambio FIX USD/MXN"
2017-02-10,"SF43718",20.3535,"Tipo de cambio FIX USD/MXN"
2017-02-13,"SF43718",20.328,"Tipo de cambio FIX USD/MXN"
2017-02-14,"SF43718",20.3507,"Tipo de cambio FIX USD/MXN"
2017-02-15,"SF43718",20.3254,"Tipo de cambio FIX USD/MXN"
2017-02-16,"SF43718",20.3325,"Tipo de cambio FIX USD/MXN"
2017-02-17,"SF43718",20.4526,"Tipo de cambio FIX USD/MXN"
2017-02-20,"SF43718",20.4059,"Tipo de cambio FIX USD/MXN"
2017-02-21,"SF43718",20.4489,"Tipo de cambio FIX USD/MXN"
2017-02-22,"SF43718",19.9127,"Tipo de cambio FIX USD/MXN"
2017-02-23,"SF43718",19.7011,"Tipo de cambio FIX USD/MXN"
2017-02-24,"SF43718",19.8335,"Tipo de cambio FIX USD/MXN"
2017-02-27,"SF43718",19.8322,"Tipo de cambio FIX USD/MXN"
2017-02-28,"SF43718",19.9957,"Tipo de cambio FIX USD/MXN"
2017-03-01,"SF43718",19.9007,"Tipo de cambio FIX USD/MXN"
2017-03-02,"SF43718",19.9373,"Tipo de cambio FIX USD/MXN"
2017-03-03,"SF43718",19.6147,"Tipo de cambio FIX USD/MXN"
2017-03-06,"SF43718",19.5538,"Tipo de cambio FIX USD/MXN"
2017-03-07,"SF43718",19.521,"Tipo de cambio FIX USD/MXN"
2017-03-08,"SF43718",19.6007,"Tipo de cambio FIX USD/MXN"
2017-03-09,"SF43718",19.7974,"Tipo de cambio FIX USD/MXN"
2017-03-10,"SF43718",19.6279,"Tipo de cambio FIX USD/MXN"
2017-03-13,"SF43718",19.5803,"Tipo de cambio FIX USD/MXN"
2017-03-14,"SF43718",19.6543,"Tipo de cambio FIX USD/MXN"
2017-03-15,"SF43718",19.4493,"Tipo de cambio FIX USD/MXN"
2017-03-16,"SF43718",19.173,"Tipo de cambio FIX USD/MXN"
2017-03-17,"SF43718",19.117,"Tipo de cambio FIX USD/MXN"
2017-03-21,"SF43718",19.107,"Tipo de cambio FIX USD/MXN"
2017-03-22,"SF43718",19.0837,"Tipo de cambio FIX USD/MXN"
2017-03-23,"SF43718",18.9877,"Tipo de cambio FIX USD/MXN"
2017-03-24,"SF43718",18.8528,"Tipo de cambio FIX USD/MXN"
2017-03-27,"SF43718",18.8661,"Tipo de cambio FIX USD/MXN"
2017-03-28,"SF43718",18.8853,"Tipo de cambio FIX USD/MXN"
2017-03-29,"SF43718",18.8092,"Tipo de cambio FIX USD/MXN"
2017-03-30,"SF43718",18.7079,"Tipo de cambio FIX USD/MXN"
2017-03-31,"SF43718",18.7955,"Tipo de cambio FIX USD/MXN"
2017-04-03,"SF43718",18.732,"Tipo de cambio FIX USD/MXN"
2017-04-04,"SF43718",18.8334,"Tipo de cambio FIX USD/MXN"
2017-04-05,"SF43718",18.7192,"Tipo de cambio FIX USD/MXN"
2017-04-06,"SF43718",18.7696,"Tipo de cambio FIX USD/MXN"
2017-04-07,"SF43718",18.656,"Tipo de cambio FIX USD/MXN"
2017-04-10,"SF43718",18.6923,"Tipo de cambio FIX USD/MXN"
2017-04-11,"SF43718",18.7646,"Tipo de cambio FIX USD/MXN"
2017-04-12,"SF43718",18.7528,"Tipo de cambio FIX USD/MXN"
2017-04-17,"SF43718",18.5582,"Tipo de cambio FIX USD/MXN"
2017-04-18,"SF43718",18.4863,"Tipo de cambio FIX USD/MXN"
2017-04-19,"SF43718",18.8374,"Tipo de cambio FIX USD/MXN"
2017-04-20,"SF43718",18.8187,"Tipo de cambio FIX USD/MXN"
2017-04-21,"SF43718",18.8413,"Tipo de cambio FIX USD/MXN"
2017-04-24,"SF43718",18.6521,"Tipo de cambio FIX USD/MXN"
2017-04-25,"SF43718",18.9225,"Tipo de cambio FIX USD/MXN"
2017-04-26,"SF43718",19.1119,"Tipo de cambio FIX USD/MXN"
2017-04-27,"SF43718",19.067,"Tipo de cambio FIX USD/MXN"
2017-04-28,"SF43718",18.9594,"Tipo de cambio FIX USD/MXN"
2017-05-02,"SF43718",18.7731,"Tipo de cambio FIX USD/MXN"
2017-05-03,"SF43718",18.8031,"Tipo de cambio FIX USD/MXN"
2017-05-04,"SF43718",19.0019,"Tipo de cambio FIX USD/MXN"
2017-05-05,"SF43718",19.0137,"Tipo de cambio FIX USD/MXN"
2017-05-08,"SF43718",19.1164,"Tipo de cambio FIX USD/MXN"
2017-05-09,"SF43718",19.1364,"Tipo de cambio FIX USD/MXN"
2017-05-10,"SF43718",18.9587,"Tipo de cambio FIX USD/MXN"
2017-05-11,"SF43718",18.9039,"Tipo de cambio FIX USD/MXN"
2017-05-12,"SF43718",18.7594,"Tipo de cambio FIX USD/MXN"
2017-05-15,"SF43718",18.67,"Tipo de cambio FIX USD/MXN"
2017-05-16,"SF43718",18.6183,"Tipo de cambio FIX USD/MXN"
2017-05-17,"SF43718",18.6761,"Tipo de cambio FIX USD/MXN"
2017-05-18,"SF43718",18.8898,"Tipo de cambio FIX USD/MXN"
2017-05-19,"SF43718",18.6859,"Tipo de cambio FIX USD/MXN"
2017-05-22,"SF43718",18.6633,"Tipo de cambio FIX USD/MXN"
2017-05-23,"SF43718",18.615,"Tipo de cambio FIX USD/MXN"
2017-05-24,"SF43718",18.5689,"Tipo de cambio FIX USD/MXN"
2017-05-25,"SF43718",18.4185,"Tipo de cambio FIX USD/MXN"
2017-05-26,"SF43718",18.4849,"Tipo de cambio FIX USD/MXN"
2017-05-29,"SF43718",18.5121,"Tipo de cambio FIX USD/MXN"
2017-05-30,"SF43718",18.6643,"Tipo de cambio FIX USD/MXN"
2017-05-31,"SF43718",18.6909,"Tipo de cambio FIX USD/MXN"
2017-06-01,"SF43718",18.5941,"Tipo de cambio FIX USD/MXN"
2017-06-02,"SF43718",18.6204,"Tipo de cambio FIX USD/MXN"
2017-06-05,"SF43718",18.3819,"Tipo de cambio FIX USD/MXN"
2017-06-06,"SF43718",18.2762,"Tipo de cambio FIX USD/MXN"
2017-06-07,"SF43718",18.2278,"Tipo de cambio FIX USD/MXN"
2017-06-08,"SF43718",18.1946,"Tipo de cambio FIX USD/MXN"
2017-06-09,"SF43718",18.1939,"Tipo de cambio FIX USD/MXN"
2017-06-12,"SF43718",18.1802,"Tipo de cambio FIX USD/MXN"
2017-06-13,"SF43718",18.0725,"Tipo de cambio FIX USD/MXN"
2017-06-14,"SF43718",17.9343,"Tipo de cambio FIX USD/MXN"
2017-06-15,"SF43718",18.1154,"Tipo de cambio FIX USD/MXN"
2017-06-16,"SF43718",17.9321,"Tipo de cambio FIX USD/MXN"
2017-06-19,"SF43718",17.9519,"Tipo de cambio FIX USD/MXN"
2017-06-20,"SF43718",18.1167,"Tipo de cambio FIX USD/MXN"
2017-06-21,"SF43718",18.157,"Tipo de cambio FIX USD/MXN"
2017-06-22,"SF43718",18.127,"Tipo de cambio FIX USD/MXN"
2017-06-23,"SF43718",17.99,"Tipo de cambio FIX USD/MXN"
2017-06-26,"SF43718",17.8775,"Tipo de cambio FIX USD/MXN"
2017-06-27,"SF43718",17.9862,"Tipo de cambio FIX USD/MXN"
2017-06-28,"SF43718",17.8973,"Tipo de cambio FIX USD/MXN"
2017-06-29,"SF43718",18.0279,"Tipo de cambio FIX USD/MXN"
2017-06-30,"SF43718",18.0626,"Tipo de cambio FIX USD/MXN"
2017-07-03,"SF43718",18.2064,"Tipo de cambio FIX USD/MXN"
2017-07-04,"SF43718",18.2036,"Tipo de cambio FIX USD/MXN"
2017-07-05,"SF43718",18.3556,"Tipo de cambio FIX USD/MXN"
2017-07-06,"SF43718",18.3227,"Tipo de cambio FIX USD/MXN"
2017-07-07,"SF43718",18.1394,"Tipo de cambio FIX USD/MXN"
2017-07-10,"SF43718",17.9751,"Tipo de cambio FIX USD/MXN"
2017-07-11,"SF43718",17.9482,"Tipo de cambio FIX USD/MXN"
2017-07-12,"SF43718",17.7708,"Tipo de cambio FIX USD/MXN"
2017-07-13,"SF43718",17.7422,"Tipo de cambio FIX USD/MXN"
2017-07-14,"SF43718",17.5613,"Tipo de cambio FIX USD/MXN"
2017-07-17,"SF43718",17.5836,"Tipo de cambio FIX USD/MXN"
2017-07-18,"SF43718",17.5134,"Tipo de cambio FIX USD/MXN"
2017-07-19,"SF43718",17.4937,"Tipo de cambio FIX USD/MXN"
2017-07-20,"SF43718",17.526,"Tipo de cambio FIX USD/MXN"
2017-07-21,"SF43718",17.5618,"Tipo de cambio FIX USD/MXN"
2017-07-24,"SF43718",17.6893,"Tipo de cambio FIX USD/MXN"
2017-07-25,"SF43718",17.7492,"Tipo de cambio FIX USD/MXN"
2017-07-26,"SF43718",17.7561,"Tipo de cambio FIX USD/MXN"
2017-07-27,"SF43718",17.6886,"Tipo de cambio FIX USD/MXN"
2017-07-28,"SF43718",17.7435,"Tipo de cambio FIX USD/MXN"
2017-07-31,"SF43718",17.8646,"Tipo de cambio FIX USD/MXN"
2017-08-01,"SF43718",17.8108,"Tipo de cambio FIX USD/MXN"
2017-08-02,"SF43718",17.8696,"Tipo de cambio FIX USD/MXN"
2017-08-03,"SF43718",17.8733,"Tipo de cambio FIX USD/MXN"
2017-08-04,"SF43718",17.8798,"Tipo de cambio FIX USD/MXN"
2017-08-07,"SF43718",17.9641,"Tipo de cambio FIX USD/MXN"
2017-08-08,"SF43718",17.916,"Tipo de cambio FIX USD/MXN"
2017-08-09,"SF43718",17.9671,"Tipo de cambio FIX USD/MXN"
2017-08-10,"SF43718",17.9073,"Tipo de cambio FIX USD/MXN"
2017-08-11,"SF43718",17.847,"Tipo de cambio FIX USD/MXN"
2017-08-14,"SF43718",17.7755,"Tipo de cambio FIX USD/MXN"
2017-08-15,"SF43718",17.8483,"Tipo de cambio FIX USD/MXN"
2017-08-16,"SF43718",17.716,"Tipo de cambio FIX USD/MXN"
2017-08-17,"SF43718",17.7324,"Tipo de cambio FIX USD/MXN"
2017-08-18,"SF43718",17.8584,"Tipo de cambio FIX USD/MXN"
2017-08-21,"SF43718",17.6501,"Tipo de cambio FIX USD/MXN"
2017-08-22,"SF43718",17.6458,"Tipo de cambio FIX USD/MXN"
2017-08-23,"SF43718",17.7113,"Tipo de cambio FIX USD/MXN"
2017-08-24,"SF43718",17.6977,"Tipo de cambio FIX USD/MXN"
2017-08-25,"SF43718",17.6205,"Tipo de cambio FIX USD/MXN"
2017-08-28,"SF43718",17.8049,"Tipo de cambio FIX USD/MXN"
2017-08-29,"SF43718",17.876,"Tipo de cambio FIX USD/MXN"
2017-08-30,"SF43718",17.7753,"Tipo de cambio FIX USD/MXN"
2017-08-31,"SF43718",17.8145,"Tipo de cambio FIX USD/MXN"
2017-09-01,"SF43718",17.7861,"Tipo de cambio FIX USD/MXN"
2017-09-04,"SF43718",17.8683,"Tipo de cambio FIX USD/MXN"
2017-09-05,"SF43718",17.836,"Tipo de cambio FIX USD/MXN"
2017-09-06,"SF43718",17.8136,"Tipo de cambio FIX USD/MXN"
2017-09-07,"SF43718",17.6965,"Tipo de cambio FIX USD/MXN"
2017-09-08,"SF43718",17.7331,"Tipo de cambio FIX USD/MXN"
2017-09-11,"SF43718",17.6443,"Tipo de cambio FIX USD/MXN"
2017-09-12,"SF43718",17.781,"Tipo de cambio FIX USD/MXN"
2017-09-13,"SF43718",17.7836,"Tipo de cambio FIX USD/MXN"
2017-09-14,"SF43718",17.7278,"Tipo de cambio FIX USD/MXN"
2017-09-15,"SF43718",17.6857,"Tipo de cambio FIX USD/MXN"
2017-09-18,"SF43718",17.761,"Tipo de cambio FIX USD/MXN"
2017-09-19,"SF43718",17.7643,"Tipo de cambio FIX USD/MXN"
2017-09-20,"SF43718",17.7009,"Tipo de cambio FIX USD/MXN"
2017-09-21,"SF43718",17.8545,"Tipo de cambio FIX USD/MXN"
2017-09-22,"SF43718",17.7487,"Tipo de cambio FIX USD/MXN"
2017-09-25,"SF43718",17.8831,"Tipo de cambio FIX USD/MXN"
2017-09-26,"SF43718",17.9933,"Tipo de cambio FIX USD/MXN"
2017-09-27,"SF43718",18.13,"Tipo de cambio FIX USD/MXN"
2017-09-28,"SF43718",18.1979,"Tipo de cambio FIX USD/MXN"
2017-09-29,"SF43718",18.159,"Tipo de cambio FIX USD/MXN"
2017-10-02,"SF43718",18.2337,"Tipo de cambio FIX USD/MXN"
2017-10-03,"SF43718",18.2113,"Tipo de cambio FIX USD/MXN"
2017-10-04,"SF43718",18.2282,"Tipo de cambio FIX USD/MXN"
2017-10-05,"SF43718",18.306,"Tipo de cambio FIX USD/MXN"
2017-10-06,"SF43718",18.5522,"Tipo de cambio FIX USD/MXN"
2017-10-09,"SF43718",18.6646,"Tipo de cambio FIX USD/MXN"
2017-10-10,"SF43718",18.6327,"Tipo de cambio FIX USD/MXN"
2017-10-11,"SF43718",18.718,"Tipo de cambio FIX USD/MXN"
2017-10-12,"SF43718",18.7631,"Tipo de cambio FIX USD/MXN"
2017-10-13,"SF43718",18.9008,"Tipo de cambio FIX USD/MXN"
2017-10-16,"SF43718",19.0753,"Tipo de cambio FIX USD/MXN"
2017-10-17,"SF43718",19.0117,"Tipo de cambio FIX USD/MXN"
2017-10-18,"SF43718",18.8869,"Tipo de cambio FIX USD/MXN"
2017-10-19,"SF43718",18.8248,"Tipo de cambio FIX USD/MXN"
2017-10-20,"SF43718",19.008,"Tipo de cambio FIX USD/MXN"
2017-10-23,"SF43718",19.0489,"Tipo de cambio FIX USD/MXN"
2017-10-24,"SF43718",19.2009,"Tipo de cambio FIX USD/MXN"
2017-10-25,"SF43718",19.077,"Tipo de cambio FIX USD/MXN"
2017-10-26,"SF43718",19.096,"Tipo de cambio FIX USD/MXN"
2017-10-27,"SF43718",19.1474,"Tipo de cambio FIX USD/MXN"
2017-10-30,"SF43718",19.2188,"Tipo de cambio FIX USD/MXN"
2017-10-31,"SF43718",19.1478,"Tipo de cambio FIX USD/MXN"
2017-11-01,"SF43718",19.1241,"Tipo de cambio FIX USD/MXN"
2017-11-03,"SF43718",19.185,"Tipo de cambio FIX USD/MXN"
2017-11-06,"SF43718",19.0814,"Tipo de cambio FIX USD/MXN"
2017-11-07,"SF43718",19.1349,"Tipo de cambio FIX USD/MXN"
2017-11-08,"SF43718",19.0718,"Tipo de cambio FIX USD/MXN"
2017-11-09,"SF43718",19.09,"Tipo de cambio FIX USD/MXN"
2017-11-10,"SF43718",19.0526,"Tipo de cambio FIX USD/MXN"
2017-11-13,"SF43718",19.168,"Tipo de cambio FIX USD/MXN"
2017-11-14,"SF43718",19.1334,"Tipo de cambio FIX USD/MXN"
2017-11-15,"SF43718",19.2268,"Tipo de cambio FIX USD/MXN"
2017-11-16,"SF43718",19.1224,"Tipo de cambio FIX USD/MXN"
2017-11-17,"SF43718",18.9724,"Tipo de cambio FIX USD/MXN"
2017-11-21,"SF43718",18.8242,"Tipo de cambio FIX USD/MXN"
2017-11-22,"SF43718",18.74,"Tipo de cambio FIX USD/MXN"
2017-11-23,"SF43718",18.6041,"Tipo de cambio FIX USD/MXN"
2017-11-24,"SF43718",18.5379,"Tipo de cambio FIX USD/MXN"
2017-11-27,"SF43718",18.52,"Tipo de cambio FIX USD/MXN"
2017-11-28,"SF43718",18.5848,"Tipo de cambio FIX USD/MXN"
2017-11-29,"SF43718",18.519,"Tipo de cambio FIX USD/MXN"
2017-11-30,"SF43718",18.6229,"Tipo de cambio FIX USD/MXN"
2017-12-01,"SF43718",18.6399,"Tipo de cambio FIX USD/MXN"
2017-12-04,"SF43718",18.642,"Tipo de cambio FIX USD/MXN"
2017-12-05,"SF43718",18.6958,"Tipo de cambio FIX USD/MXN"
2017-12-06,"SF43718",18.8897,"Tipo de cambio FIX USD/MXN"
2017-12-07,"SF43718",18.9315,"Tipo de cambio FIX USD/MXN"
2017-12-08,"SF43718",18.9445,"Tipo de cambio FIX USD/MXN"
2017-12-11,"SF43718",18.974,"Tipo de cambio FIX USD/MXN"
2017-12-13,"SF43718",19.1391,"Tipo de cambio FIX USD/MXN"
2017-12-14,"SF43718",19.1202,"Tipo de cambio FIX USD/MXN"
2017-12-15,"SF43718",19.1289,"Tipo de cambio FIX USD/MXN"
2017-12-18,"SF43718",19.0289,"Tipo de cambio FIX USD/MXN"
2017-12-19,"SF43718",19.1913,"Tipo de cambio FIX USD/MXN"
2017-12-20,"SF43718",19.2291,"Tipo de cambio FIX USD/MXN"
2017-12-21,"SF43718",19.3962,"Tipo de cambio FIX USD/MXN"
2017-12-22,"SF43718",19.5848,"Tipo de cambio FIX USD/MXN"
2017-12-26,"SF43718",19.7223,"Tipo de cambio FIX USD/MXN"
2017-12-27,"SF43718",19.7867,"Tipo de cambio FIX USD/MXN"
2017-12-28,"SF43718",19.7354,"Tipo de cambio FIX USD/MXN"
2017-12-29,"SF43718",19.6629,"Tipo de cambio FIX USD/MXN"
2018-01-02,"SF43718",19.4899,"Tipo de cambio FIX USD/MXN"
2018-01-03,"SF43718",19.3717,"Tipo de cambio FIX USD/MXN"
2018-01-04,"SF43718",19.2427,"Tipo de cambio FIX USD/MXN"
2018-01-05,"SF43718",19.2737,"Tipo de cambio FIX USD/MXN"
2018-01-08,"SF43718",19.2323,"Tipo de cambio FIX USD/MXN"
2018-01-09,"SF43718",19.3065,"Tipo de cambio FIX USD/MXN"
2018-01-10,"SF43718",19.2405,"Tipo de cambio FIX USD/MXN"
2018-01-11,"SF43718",19.3433,"Tipo de cambio FIX USD/MXN"
2018-01-12,"SF43718",19.0446,"Tipo de cambio FIX USD/MXN"
2018-01-15,"SF43718",18.8113,"Tipo de cambio FIX USD/MXN"
2018-01-16,"SF43718",18.8362,"Tipo de cambio FIX USD/MXN"
2018-01-17,"SF43718",18.655,"Tipo de cambio FIX USD/MXN"
2018-01-18,"SF43718",18.6361,"Tipo de cambio FIX USD/MXN"
2018-01-19,"SF43718",18.5813,"Tipo de cambio FIX USD/MXN"
2018-01-22,"SF43718",18.7118,"Tipo de cambio FIX USD/MXN"
2018-01-23,"SF43718",18.798,"Tipo de cambio FIX USD/MXN"
2018-01-24,"SF43718",18.5178,"Tipo de cambio FIX USD/MXN"
2018-01-25,"SF43718",18.478,"Tipo de cambio FIX USD/MXN"
2018-01-26,"SF43718",18.4672,"Tipo de cambio FIX USD/MXN"
2018-01-29,"SF43718",18.6196,"Tipo de cambio FIX USD/MXN"
2018-01-30,"SF43718",18.6982,"Tipo de cambio FIX USD/MXN"
2018-01-31,"SF43718",18.6069,"Tipo de cambio FIX USD/MXN"
2018-02-01,"SF43718",18.4004,"Tipo de cambio FIX USD/MXN"
2018-02-02,"SF43718",18.5248,"Tipo de cambio FIX USD/MXN"
2018-02-06,"SF43718",18.7009,"Tipo de cambio FIX USD/MXN"
2018-02-07,"SF43718",18.6492,"Tipo de cambio FIX USD/MXN"
2018-02-08,"SF43718",18.8815,"Tipo de cambio FIX USD/MXN"
2018-02-09,"SF43718",18.8623,"Tipo de cambio FIX USD/MXN"
2018-02-12,"SF43718",18.6703,"Tipo de cambio FIX USD/MXN"
2018-02-13,"SF43718",18.6269,"Tipo de cambio FIX USD/MXN"
2018-02-14,"SF43718",18.6025,"Tipo de cambio FIX USD/MXN"
2018-02-15,"SF43718",18.5159,"Tipo de cambio FIX USD/MXN"
2018-02-16,"SF43718",18.4797,"Tipo de cambio FIX USD/MXN"
2018-02-19,"SF43718",18.536,"Tipo de cambio FIX USD/MXN"
2018-02-20,"SF43718",18.6594,"Tipo de cambio FIX USD/MXN"
2018-02-21,"SF43718",18.6518,"Tipo de cambio FIX USD/MXN"
2018-02-22,"SF43718",18.6574,"Tipo de cambio FIX USD/MXN"
2018-02-23,"SF43718",18.5659,"Tipo de cambio FIX USD/MXN"
2018-02-26,"SF43718",18.6456,"Tipo de cambio FIX USD/MXN"
2018-02-27,"SF43718",18.7902,"Tipo de cambio FIX USD/MXN"
2018-02-28,"SF43718",18.8331,"Tipo de cambio FIX USD/MXN"
2018-03-01,"SF43718",18.861,"Tipo de cambio FIX USD/MXN"
2018-03-02,"SF43718",18.8909,"Tipo de cambio FIX USD/MXN"
2018-03-05,"SF43718",18.8838,"Tipo de cambio FIX USD/MXN"
2018-03-06,"SF43718",18.7246,"Tipo de cambio FIX USD/MXN"
2018-03-07,"SF43718",18.7922,"Tipo de cambio FIX USD/MXN"
2018-03-08,"SF43718",18.7148,"Tipo de cambio FIX USD/MXN"
2018-03-09,"SF43718",18.5812,"Tipo de cambio FIX USD/MXN"
2018-03-12,"SF43718",18.6199,"Tipo de cambio FIX USD/MXN"
2018-03-13,"SF43718",18.5604,"Tipo de cambio FIX USD/MXN"
2018-03-14,"SF43718",18.5854,"Tipo de cambio FIX USD/MXN"
2018-03-15,"SF43718",18.7023,"Tipo de cambio FIX USD/MXN"
2018-03-16,"SF43718",18.7216,"Tipo de cambio FIX USD/MXN"
2018-03-20,"SF43718",18.7614,"Tipo de cambio FIX USD/MXN"
2018-03-21,"SF43718",18.6001,"Tipo de cambio FIX USD/MXN"
2018-03-22,"SF43718",18.5078,"Tipo de cambio FIX USD/MXN"
2018-03-23,"SF43718",18.5364,"Tipo de cambio FIX USD/MXN"
2018-03-26,"SF43718",18.3268,"Tipo de cambio FIX USD/MXN"
2018-03-27,"SF43718",18.3445,"Tipo de cambio FIX USD/MXN"
2018-03-28,"SF43718",18.2709,"Tipo de cambio FIX USD/MXN"
2018-04-02,"SF43718",18.2967,"Tipo de cambio FIX USD/MXN"
2018-04-03,"SF43718",18.2044,"Tipo de cambio FIX USD/MXN"
2018-04-04,"SF43718",18.2244,"Tipo de cambio FIX USD/MXN"
2018-04-05,"SF43718",18.1081,"Tipo de cambio FIX USD/MXN"
2018-04-06,"SF43718",18.2888,"Tipo de cambio FIX USD/MXN"
2018-04-09,"SF43718",18.2753,"Tipo de cambio FIX USD/MXN"
2018-04-10,"SF43718",18.2882,"Tipo de cambio FIX USD/MXN"
2018-04-11,"SF43718",18.2018,"Tipo de cambio FIX USD/MXN"
2018-04-12,"SF43718",18.1353,"Tipo de cambio FIX USD/MXN"
2018-04-13,"SF43718",18.087,"Tipo de cambio FIX USD/MXN"
2018-04-16,"SF43718",18.0394,"Tipo de cambio FIX USD/MXN"
2018-04-17,"SF43718",17.9787,"Tipo de cambio FIX USD/MXN"
2018-04-18,"SF43718",18.0333,"Tipo de cambio FIX USD/MXN"
2018-04-19,"SF43718",18.2819,"Tipo de cambio FIX USD/MXN"
2018-04-20,"SF43718",18.621,"Tipo de cambio FIX USD/MXN"
2018-04-23,"SF43718",18.8628,"Tipo de cambio FIX USD/MXN"
2018-04-24,"SF43718",18.8139,"Tipo de cambio FIX USD/MXN"
2018-04-25,"SF43718",19.053,"Tipo de cambio FIX USD/MXN"
2018-04-26,"SF43718",18.8644,"Tipo de cambio FIX USD/MXN"
2018-04-27,"SF43718",18.6847,"Tipo de cambio FIX USD/MXN"
2018-04-30,"SF43718",18.7878,"Tipo de cambio FIX USD/MXN"
2018-05-02,"SF43718",19.0943,"Tipo de cambio FIX USD/MXN"
2018-05-03,"SF43718",19.1223,"Tipo de cambio FIX USD/MXN"
2018-05-04,"SF43718",19.2017,"Tipo de cambio FIX USD/MXN"
2018-05-07,"SF43718",19.4232,"Tipo de cambio FIX USD/MXN"
2018-05-08,"SF43718",19.5781,"Tipo de cambio FIX USD/MXN"
2018-05-09,"SF43718",19.5387,"Tipo de cambio FIX USD/MXN"
2018-05-10,"SF43718",19.2989,"Tipo de cambio FIX USD/MXN"
2018-05-11,"SF43718",19.3539,"Tipo de cambio FIX USD/MXN"
2018-05-14,"SF43718",19.5214,"Tipo de cambio FIX USD/MXN"
2018-05-15,"SF43718",19.7854,"Tipo de cambio FIX USD/MXN"
2018-05-16,"SF43718",19.7094,"Tipo de cambio FIX USD/MXN"
2018-05-17,"SF43718",19.7033,"Tipo de cambio FIX USD/MXN"
2018-05-18,"SF43718",19.9319,"Tipo de cambio FIX USD/MXN"
2018-05-21,"SF43718",19.9054,"Tipo de cambio FIX USD/MXN"
2018-05-22,"SF43718",19.7528,"Tipo de cambio FIX USD/MXN"
2018-05-23,"SF43718",19.7661,"Tipo de cambio FIX USD/MXN"
2018-05-24,"SF43718",19.7048,"Tipo de cambio FIX USD/MXN"
2018-05-25,"SF43718",19.5608,"Tipo de cambio FIX USD/MXN"
2018-05-28,"SF43718",19.5915,"Tipo de cambio FIX USD/MXN"
2018-05-29,"SF43718",19.7499,"Tipo de cambio FIX USD/MXN"
2018-05-30,"SF43718",19.7322,"Tipo de cambio FIX USD/MXN"
2018-05-31,"SF43718",19.9759,"Tipo de cambio FIX USD/MXN"
2018-06-01,"SF43718",19.8662,"Tipo de cambio FIX USD/MXN"
2018-06-04,"SF43718",19.9934,"Tipo de cambio FIX USD/MXN"
2018-06-05,"SF43718",20.3863,"Tipo de cambio FIX USD/MXN"
2018-06-06,"SF43718",20.3129,"Tipo de cambio FIX USD/MXN"
2018-06-07,"SF43718",20.46,"Tipo de cambio FIX USD/MXN"
2018-06-08,"SF43718",20.5281,"Tipo de cambio FIX USD/MXN"
2018-06-11,"SF43718",20.4722,"Tipo de cambio FIX USD/MXN"
2018-06-12,"SF43718",20.596,"Tipo de cambio FIX USD/MXN"
2018-06-13,"SF43718",20.6259,"Tipo de cambio FIX USD/MXN"
2018-06-14,"SF43718",20.6953,"Tipo de cambio FIX USD/MXN"
2018-06-15,"SF43718",20.716,"Tipo de cambio FIX USD/MXN"
2018-06-18,"SF43718",20.6968,"Tipo de cambio FIX USD/MXN"
2018-06-19,"SF43718",20.5531,"Tipo de cambio FIX USD/MXN"
2018-06-20,"SF43718",20.3937,"Tipo de cambio FIX USD/MXN"
2018-06-21,"SF43718",20.3689,"Tipo de cambio FIX USD/MXN"
2018-06-22,"SF43718",20.1264,"Tipo de cambio FIX USD/MXN"
2018-06-25,"SF43718",20.0908,"Tipo de cambio FIX USD/MXN"
2018-06-26,"SF43718",19.8754,"Tipo de cambio FIX USD/MXN"
2018-06-27,"SF43718",20.0553,"Tipo de cambio FIX USD/MXN"
2018-06-28,"SF43718",19.8633,"Tipo de cambio FIX USD/MXN"
2018-06-29,"SF43718",19.6912,"Tipo de cambio FIX USD/MXN"
2018-07-02,"SF43718",20.1453,"Tipo de cambio FIX USD/MXN"
2018-07-03,"SF43718",19.5974,"Tipo de cambio FIX USD/MXN"
2018-07-04,"SF43718",19.4284,"Tipo de cambio FIX USD/MXN"
2018-07-05,"SF43718",19.2513,"Tipo de cambio FIX USD/MXN"
2018-07-06,"SF43718",19.0719,"Tipo de cambio FIX USD/MXN"
2018-07-09,"SF43718",19.1563,"Tipo de cambio FIX USD/MXN"
2018-07-10,"SF43718",19.0559,"Tipo de cambio FIX USD/MXN"
2018-07-11,"SF43718",18.9632,"Tipo de cambio FIX USD/MXN"
2018-07-12,"SF43718",18.8241,"Tipo de cambio FIX USD/MXN"
2018-07-13,"SF43718",18.8854,"Tipo de cambio FIX USD/MXN"
2018-07-16,"SF43718",18.836,"Tipo de cambio FIX USD/MXN"
2018-07-17,"SF43718",18.8763,"Tipo de cambio FIX USD/MXN"
2018-07-18,"SF43718",18.91,"Tipo de cambio FIX USD/MXN"
2018-07-19,"SF43718",19.079,"Tipo de cambio FIX USD/MXN"
2018-07-20,"SF43718",19.0694,"Tipo de cambio FIX USD/MXN"
2018-07-23,"SF43718",19.0761,"Tipo de cambio FIX USD/MXN"
2018-07-24,"SF43718",18.8506,"Tipo de cambio FIX USD/MXN"
2018-07-25,"SF43718",18.7709,"Tipo de cambio FIX USD/MXN"
2018-07-26,"SF43718",18.6234,"Tipo de cambio FIX USD/MXN"
2018-07-27,"SF43718",18.5515,"Tipo de cambio FIX USD/MXN"
2018-07-30,"SF43718",18.5413,"Tipo de cambio FIX USD/MXN"
2018-07-31,"SF43718",18.6457,"Tipo de cambio FIX USD/MXN"
2018-08-01,"SF43718",18.5899,"Tipo de cambio FIX USD/MXN"
2018-08-02,"SF43718",18.6349,"Tipo de cambio FIX USD/MXN"
2018-08-03,"SF43718",18.5725,"Tipo de cambio FIX USD/MXN"
2018-08-06,"SF43718",18.5433,"Tipo de cambio FIX USD/MXN"
2018-08-07,"SF43718",18.4631,"Tipo de cambio FIX USD/MXN"
2018-08-08,"SF43718",18.4542,"Tipo de cambio FIX USD/MXN"
2018-08-09,"SF43718",18.6511,"Tipo de cambio FIX USD/MXN"
2018-08-10,"SF43718",18.9273,"Tipo de cambio FIX USD/MXN"
2018-08-13,"SF43718",19.1801,"Tipo de cambio FIX USD/MXN"
2018-08-14,"SF43718",18.9973,"Tipo de cambio FIX USD/MXN"
2018-08-15,"SF43718",19.2339,"Tipo de cambio FIX USD/MXN"
2018-08-16,"SF43718",19.01,"Tipo de cambio FIX USD/MXN"
2018-08-17,"SF43718",19.0615,"Tipo de cambio FIX USD/MXN"
2018-08-20,"SF43718",19.0305,"Tipo de cambio FIX USD/MXN"
2018-08-21,"SF43718",18.8784,"Tipo de cambio FIX USD/MXN"
2018-08-22,"SF43718",18.8176,"Tipo de cambio FIX USD/MXN"
2018-08-23,"SF43718",18.8672,"Tipo de cambio FIX USD/MXN"
2018-08-24,"SF43718",18.8339,"Tipo de cambio FIX USD/MXN"
2018-08-27,"SF43718",18.6697,"Tipo de cambio FIX USD/MXN"
2018-08-28,"SF43718",18.9354,"Tipo de cambio FIX USD/MXN"
2018-08-29,"SF43718",19.0659,"Tipo de cambio FIX USD/MXN"
2018-08-30,"SF43718",19.1258,"Tipo de cambio FIX USD/MXN"
2018-08-31,"SF43718",19.1792,"Tipo de cambio FIX USD/MXN"
2018-09-03,"SF43718",19.2137,"Tipo de cambio FIX USD/MXN"
2018-09-04,"SF43718",19.3609,"Tipo de cambio FIX USD/MXN"
2018-09-05,"SF43718",19.4433,"Tipo de cambio FIX USD/MXN"
2018-09-06,"SF43718",19.3546,"Tipo de cambio FIX USD/MXN"
2018-09-07,"SF43718",19.2394,"Tipo de cambio FIX USD/MXN"
2018-09-10,"SF43718",19.2989,"Tipo de cambio FIX USD/MXN"
2018-09-11,"SF43718",19.268,"Tipo de cambio FIX USD/MXN"
2018-09-12,"SF43718",19.0511,"Tipo de cambio FIX USD/MXN"
2018-09-13,"SF43718",18.8775,"Tipo de cambio FIX USD/MXN"
2018-09-14,"SF43718",18.8689,"Tipo de cambio FIX USD/MXN"
2018-09-17,"SF43718",18.8399,"Tipo de cambio FIX USD/MXN"
2018-09-18,"SF43718",18.7694,"Tipo de cambio FIX USD/MXN"
2018-09-19,"SF43718",18.7672,"Tipo de cambio FIX USD/MXN"
2018-09-20,"SF43718",18.8296,"Tipo de cambio FIX USD/MXN"
2018-09-21,"SF43718",18.8539,"Tipo de cambio FIX USD/MXN"
2018-09-24,"SF43718",18.8516,"Tipo de cambio FIX USD/MXN"
2018-09-25,"SF43718",18.987,"Tipo de cambio FIX USD/MXN"
2018-09-26,"SF43718",18.8986,"Tipo de cambio FIX USD/MXN"
2018-09-27,"SF43718",18.812,"Tipo de cambio FIX USD/MXN"
2018-09-28,"SF43718",18.7231,"Tipo de cambio FIX USD/MXN"
2018-10-01,"SF43718",18.6531,"Tipo de cambio FIX USD/MXN"
2018-10-02,"SF43718",18.7503,"Tipo de cambio FIX USD/MXN"
2018-10-03,"SF43718",18.8014,"Tipo de cambio FIX USD/MXN"
2018-10-04,"SF43718",19.1328,"Tipo de cambio FIX USD/MXN"
2018-10-05,"SF43718",18.9444,"Tipo de cambio FIX USD/MXN"
2018-10-08,"SF43718",18.9234,"Tipo de cambio FIX USD/MXN"
2018-10-09,"SF43718",19,"Tipo de cambio FIX USD/MXN"
2018-10-10,"SF43718",19.1183,"Tipo de cambio FIX USD/MXN"
2018-10-11,"SF43718",19.0217,"Tipo de cambio FIX USD/MXN"
2018-10-12,"SF43718",18.9202,"Tipo de cambio FIX USD/MXN"
2018-10-15,"SF43718",18.8096,"Tipo de cambio FIX USD/MXN"
2018-10-16,"SF43718",18.7693,"Tipo de cambio FIX USD/MXN"
2018-10-17,"SF43718",18.8012,"Tipo de cambio FIX USD/MXN"
2018-10-18,"SF43718",19.1018,"Tipo de cambio FIX USD/MXN"
2018-10-19,"SF43718",19.2183,"Tipo de cambio FIX USD/MXN"
2018-10-22,"SF43718",19.3669,"Tipo de cambio FIX USD/MXN"
2018-10-23,"SF43718",19.4169,"Tipo de cambio FIX USD/MXN"
2018-10-24,"SF43718",19.4623,"Tipo de cambio FIX USD/MXN"
2018-10-25,"SF43718",19.4383,"Tipo de cambio FIX USD/MXN"
2018-10-26,"SF43718",19.479,"Tipo de cambio FIX USD/MXN"
2018-10-29,"SF43718",19.8022,"Tipo de cambio FIX USD/MXN"
2018-10-30,"SF43718",20.0258,"Tipo de cambio FIX USD/MXN"
2018-10-31,"SF43718",20.3177,"Tipo de cambio FIX USD/MXN"
2018-11-01,"SF43718",20.1329,"Tipo de cambio FIX USD/MXN"
2018-11-05,"SF43718",19.9636,"Tipo de cambio FIX USD/MXN"
2018-11-06,"SF43718",19.8609,"Tipo de cambio FIX USD/MXN"
2018-11-07,"SF43718",19.8245,"Tipo de cambio FIX USD/MXN"
2018-11-08,"SF43718",20.0438,"Tipo de cambio FIX USD/MXN"
2018-11-09,"SF43718",20.3614,"Tipo de cambio FIX USD/MXN"
2018-11-12,"SF43718",20.3179,"Tipo de cambio FIX USD/MXN"
2018-11-13,"SF43718",20.5158,"Tipo de cambio FIX USD/MXN"
2018-11-14,"SF43718",20.3979,"Tipo de cambio FIX USD/MXN"
2018-11-15,"SF43718",20.3371,"Tipo de cambio FIX USD/MXN"
2018-11-16,"SF43718",20.155,"Tipo de cambio FIX USD/MXN"
2018-11-20,"SF43718",20.4123,"Tipo de cambio FIX USD/MXN"
2018-11-21,"SF43718",20.2023,"Tipo de cambio FIX USD/MXN"
2018-11-22,"SF43718",20.2984,"Tipo de cambio FIX USD/MXN"
2018-11-23,"SF43718",20.3935,"Tipo de cambio FIX USD/MXN"
2018-11-26,"SF43718",20.5304,"Tipo de cambio FIX USD/MXN"
2018-11-27,"SF43718",20.4977,"Tipo de cambio FIX USD/MXN"
2018-11-28,"SF43718",20.4108,"Tipo de cambio FIX USD/MXN"
2018-11-29,"SF43718",20.2217,"Tipo de cambio FIX USD/MXN"
2018-11-30,"SF43718",20.3455,"Tipo de cambio FIX USD/MXN"
2018-12-03,"SF43718",20.2346,"Tipo de cambio FIX USD/MXN"
2018-12-04,"SF43718",20.5123,"Tipo de cambio FIX USD/MXN"
2018-12-05,"SF43718",20.5672,"Tipo de cambio FIX USD/MXN"
2018-12-06,"SF43718",20.4705,"Tipo de cambio FIX USD/MXN"
2018-12-07,"SF43718",20.2609,"Tipo de cambio FIX USD/MXN"
2018-12-10,"SF43718",20.3621,"Tipo de cambio FIX USD/MXN"
2018-12-11,"SF43718",20.2889,"Tipo de cambio FIX USD/MXN"
2018-12-13,"SF43718",20.2566,"Tipo de cambio FIX USD/MXN"
2018-12-14,"SF43718",20.3337,"Tipo de cambio FIX USD/MXN"
2018-12-17,"SF43718",20.1126,"Tipo de cambio FIX USD/MXN"
2018-12-18,"SF43718",20.1277,"Tipo de cambio FIX USD/MXN"
2018-12-19,"SF43718",20.0293,"Tipo de cambio FIX USD/MXN"
2018-12-20,"SF43718",19.9082,"Tipo de cambio FIX USD/MXN"
2018-12-21,"SF43718",19.9275,"Tipo de cambio FIX USD/MXN"
2018-12-24,"SF43718",19.8473,"Tipo de cambio FIX USD/MXN"
2018-12-26,"SF43718",19.8823,"Tipo de cambio FIX USD/MXN"
2018-12-27,"SF43718",19.6829,"Tipo de cambio FIX USD/MXN"
2018-12-28,"SF43718",19.6566,"Tipo de cambio FIX USD/MXN"
2018-12-31,"SF43718",19.6512,"Tipo de cambio FIX USD/MXN"
2019-01-02,"SF43718",19.5878,"Tipo de cambio FIX USD/MXN"
2019-01-03,"SF43718",19.6073,"Tipo de cambio FIX USD/MXN"
2019-01-04,"SF43718",19.4902,"Tipo de cambio FIX USD/MXN"
2019-01-07,"SF43718",19.3208,"Tipo de cambio FIX USD/MXN"
2019-01-08,"SF43718",19.3479,"Tipo de cambio FIX USD/MXN"
2019-01-09,"SF43718",19.2456,"Tipo de cambio FIX USD/MXN"
2019-01-10,"SF43718",19.1714,"Tipo de cambio FIX USD/MXN"
2019-01-11,"SF43718",19.1236,"Tipo de cambio FIX USD/MXN"
2019-01-14,"SF43718",19.0064,"Tipo de cambio FIX USD/MXN"
2019-01-15,"SF43718",19.0457,"Tipo de cambio FIX USD/MXN"
2019-01-16,"SF43718",18.9908,"Tipo de cambio FIX USD/MXN"
2019-01-17,"SF43718",19.063,"Tipo de cambio FIX USD/MXN"
2019-01-18,"SF43718",19.0844,"Tipo de cambio FIX USD/MXN"
2019-01-21,"SF43718",19.1902,"Tipo de cambio FIX USD/MXN"
2019-01-22,"SF43718",19.1297,"Tipo de cambio FIX USD/MXN"
2019-01-23,"SF43718",19.0771,"Tipo de cambio FIX USD/MXN"
2019-01-24,"SF43718",18.9859,"Tipo de cambio FIX USD/MXN"
2019-01-25,"SF43718",18.928,"Tipo de cambio FIX USD/MXN"
2019-01-28,"SF43718",19.0381,"Tipo de cambio FIX USD/MXN"
2019-01-29,"SF43718",18.9972,"Tipo de cambio FIX USD/MXN"
2019-01-30,"SF43718",19.1623,"Tipo de cambio FIX USD/MXN"
2019-01-31,"SF43718",19.0388,"Tipo de cambio FIX USD/MXN"
2019-02-01,"SF43718",19.1098,"Tipo de cambio FIX USD/MXN"
2019-02-05,"SF43718",19.0824,"Tipo de cambio FIX USD/MXN"
2019-02-06,"SF43718",19.1058,"Tipo de cambio FIX USD/MXN"
2019-02-07,"SF43718",19.08,"Tipo de cambio FIX USD/MXN"
2019-02-08,"SF43718",19.0893,"Tipo de cambio FIX USD/MXN"
2019-02-11,"SF43718",19.2524,"Tipo de cambio FIX USD/MXN"
2019-02-12,"SF43718",19.2592,"Tipo de cambio FIX USD/MXN"
2019-02-13,"SF43718",19.4084,"Tipo de cambio FIX USD/MXN"
2019-02-14,"SF43718",19.3569,"Tipo de cambio FIX USD/MXN"
2019-02-15,"SF43718",19.3625,"Tipo de cambio FIX USD/MXN"
2019-02-18,"SF43718",19.2578,"Tipo de cambio FIX USD/MXN"
2019-02-19,"SF43718",19.1778,"Tipo de cambio FIX USD/MXN"
2019-02-20,"SF43718",19.1835,"Tipo de cambio FIX USD/MXN"
2019-02-21,"SF43718",19.2652,"Tipo de cambio FIX USD/MXN"
2019-02-22,"SF43718",19.1394,"Tipo de cambio FIX USD/MXN"
2019-02-25,"SF43718",19.1185,"Tipo de cambio FIX USD/MXN"
2019-02-26,"SF43718",19.163,"Tipo de cambio FIX USD/MXN"
2019-02-27,"SF43718",19.2201,"Tipo de cambio FIX USD/MXN"
2019-02-28,"SF43718",19.2607,"Tipo de cambio FIX USD/MXN"
2019-03-01,"SF43718",19.2978,"Tipo de cambio FIX USD/MXN"
2019-03-04,"SF43718",19.3039,"Tipo de cambio FIX USD/MXN"
2019-03-05,"SF43718",19.2597,"Tipo de cambio FIX USD/MXN"
2019-03-06,"SF43718",19.3708,"Tipo de cambio FIX USD/MXN"
2019-03-07,"SF43718",19.5225,"Tipo de cambio FIX USD/MXN"
2019-03-08,"SF43718",19.4902,"Tipo de cambio FIX USD/MXN"
2019-03-11,"SF43718",19.4243,"Tipo de cambio FIX USD/MXN"
2019-03-12,"SF43718",19.3049,"Tipo de cambio FIX USD/MXN"
2019-03-13,"SF43718",19.332,"Tipo de cambio FIX USD/MXN"
2019-03-14,"SF43718",19.3233,"Tipo de cambio FIX USD/MXN"
2019-03-15,"SF43718",19.2176,"Tipo de cambio FIX USD/MXN"
2019-03-19,"SF43718",19.0004,"Tipo de cambio FIX USD/MXN"
2019-03-20,"SF43718",18.9098,"Tipo de cambio FIX USD/MXN"
2019-03-21,"SF43718",18.8694,"Tipo de cambio FIX USD/MXN"
2019-03-22,"SF43718",19.1369,"Tipo de cambio FIX USD/MXN"
2019-03-25,"SF43718",19.0151,"Tipo de cambio FIX USD/MXN"
2019-03-26,"SF43718",19.0989,"Tipo de cambio FIX USD/MXN"
2019-03-27,"SF43718",19.3201,"Tipo de cambio FIX USD/MXN"
2019-03-28,"SF43718",19.3793,"Tipo de cambio FIX USD/MXN"
2019-03-29,"SF43718",19.3779,"Tipo de cambio FIX USD/MXN"
2019-04-01,"SF43718",19.2169,"Tipo de cambio FIX USD/MXN"
2019-04-02,"SF43718",19.2279,"Tipo de cambio FIX USD/MXN"
2019-04-03,"SF43718",19.1805,"Tipo de cambio FIX USD/MXN"
2019-04-04,"SF43718",19.1728,"Tipo de cambio FIX USD/MXN"
2019-04-05,"SF43718",19.0805,"Tipo de cambio FIX USD/MXN"
2019-04-08,"SF43718",18.9701,"Tipo de cambio FIX USD/MXN"
2019-04-09,"SF43718",18.9229,"Tipo de cambio FIX USD/MXN"
2019-04-10,"SF43718",18.836,"Tipo de cambio FIX USD/MXN"
2019-04-11,"SF43718",18.8432,"Tipo de cambio FIX USD/MXN"
2019-04-12,"SF43718",18.7719,"Tipo de cambio FIX USD/MXN"
2019-04-15,"SF43718",18.8489,"Tipo de cambio FIX USD/MXN"
2019-04-16,"SF43718",18.9516,"Tipo de cambio FIX USD/MXN"
2019-04-17,"SF43718",18.848,"Tipo de cambio FIX USD/MXN"
2019-04-22,"SF43718",18.8359,"Tipo de cambio FIX USD/MXN"
2019-04-23,"SF43718",18.9578,"Tipo de cambio FIX USD/MXN"
2019-04-24,"SF43718",19.0046,"Tipo de cambio FIX USD/MXN"
2019-04-25,"SF43718",19.0942,"Tipo de cambio FIX USD/MXN"
2019-04-26,"SF43718",18.9414,"Tipo de cambio FIX USD/MXN"
2019-04-29,"SF43718",19.012,"Tipo de cambio FIX USD/MXN"
2019-04-30,"SF43718",19.0099,"Tipo de cambio FIX USD/MXN"
2019-05-02,"SF43718",19.1014,"Tipo de cambio FIX USD/MXN"
2019-05-03,"SF43718",19.0012,"Tipo de cambio FIX USD/MXN"
2019-05-06,"SF43718",18.9781,"Tipo de cambio FIX USD/MXN"
2019-05-07,"SF43718",19.0499,"Tipo de cambio FIX USD/MXN"
2019-05-08,"SF43718",19.0837,"Tipo de cambio FIX USD/MXN"
2019-05-09,"SF43718",19.2623,"Tipo de cambio FIX USD/MXN"
2019-05-10,"SF43718",19.1374,"Tipo de cambio FIX USD/MXN"
2019-05-13,"SF43718",19.1928,"Tipo de cambio FIX USD/MXN"
2019-05-14,"SF43718",19.1427,"Tipo de cambio FIX USD/MXN"
2019-05-15,"SF43718",19.1236,"Tipo de cambio FIX USD/MXN"
2019-05-16,"SF43718",19.071,"Tipo de cambio FIX USD/MXN"
2019-05-17,"SF43718",19.1454,"Tipo de cambio FIX USD/MXN"
2019-05-20,"SF43718",19.0908,"Tipo de cambio FIX USD/MXN"
2019-05-21,"SF43718",19.0309,"Tipo de cambio FIX USD/MXN"
2019-05-22,"SF43718",18.9755,"Tipo de cambio FIX USD/MXN"
2019-05-23,"SF43718",19.0122,"Tipo de cambio FIX USD/MXN"
2019-05-24,"SF43718",19.0658,"Tipo de cambio FIX USD/MXN"
2019-05-27,"SF43718",19.0521,"Tipo de cambio FIX USD/MXN"
2019-05-28,"SF43718",19.1652,"Tipo de cambio FIX USD/MXN"
2019-05-29,"SF43718",19.2395,"Tipo de cambio FIX USD/MXN"
2019-05-30,"SF43718",19.0683,"Tipo de cambio FIX USD/MXN"
2019-05-31,"SF43718",19.6426,"Tipo de cambio FIX USD/MXN"
2019-06-03,"SF43718",19.7609,"Tipo de cambio FIX USD/MXN"
2019-06-04,"SF43718",19.6007,"Tipo de cambio FIX USD/MXN"
2019-06-05,"SF43718",19.5418,"Tipo de cambio FIX USD/MXN"
2019-06-06,"SF43718",19.7084,"Tipo de cambio FIX USD/MXN"
2019-06-07,"SF43718",19.6528,"Tipo de cambio FIX USD/MXN"
2019-06-10,"SF43718",19.204,"Tipo de cambio FIX USD/MXN"
2019-06-11,"SF43718",19.1222,"Tipo de cambio FIX USD/MXN"
2019-06-12,"SF43718",19.1383,"Tipo de cambio FIX USD/MXN"
2019-06-13,"SF43718",19.1645,"Tipo de cambio FIX USD/MXN"
2019-06-14,"SF43718",19.1487,"Tipo de cambio FIX USD/MXN"
2019-06-17,"SF43718",19.1924,"Tipo de cambio FIX USD/MXN"
2019-06-18,"SF43718",19.1011,"Tipo de cambio FIX USD/MXN"
2019-06-19,"SF43718",19.1753,"Tipo de cambio FIX USD/MXN"
2019-06-20,"SF43718",18.9804,"Tipo de cambio FIX USD/MXN"
2019-06-21,"SF43718",19.0661,"Tipo de cambio FIX USD/MXN"
2019-06-24,"SF43718",19.1833,"Tipo de cambio FIX USD/MXN"
2019-06-25,"SF43718",19.2271,"Tipo de cambio FIX USD/MXN"
2019-06-26,"SF43718",19.1442,"Tipo de cambio FIX USD/MXN"
2019-06-27,"SF43718",19.1685,"Tipo de cambio FIX USD/MXN"
2019-06-28,"SF43718",19.2087,"Tipo de cambio FIX USD/MXN"
2019-07-01,"SF43718",19.076,"Tipo de cambio FIX USD/MXN"
2019-07-02,"SF43718",19.0694,"Tipo de cambio FIX USD/MXN"
2019-07-03,"SF43718",19.0502,"Tipo de cambio FIX USD/MXN"
2019-07-04,"SF43718",18.9947,"Tipo de cambio FIX USD/MXN"
2019-07-05,"SF43718",19.0446,"Tipo de cambio FIX USD/MXN"
2019-07-08,"SF43718",18.9116,"Tipo de cambio FIX USD/MXN"
2019-07-09,"SF43718",19.0043,"Tipo de cambio FIX USD/MXN"
2019-07-10,"SF43718",19.2425,"Tipo de cambio FIX USD/MXN"
2019-07-11,"SF43718",19.1227,"Tipo de cambio FIX USD/MXN"
2019-07-12,"SF43718",19.0307,"Tipo de cambio FIX USD/MXN"
2019-07-15,"SF43718",18.9803,"Tipo de cambio FIX USD/MXN"
2019-07-16,"SF43718",19.0781,"Tipo de cambio FIX USD/MXN"
2019-07-17,"SF43718",19.0233,"Tipo de cambio FIX USD/MXN"
2019-07-18,"SF43718",19.0108,"Tipo de cambio FIX USD/MXN"
2019-07-19,"SF43718",19.0123,"Tipo de cambio FIX USD/MXN"
2019-07-22,"SF43718",19.0659,"Tipo de cambio FIX USD/MXN"
2019-07-23,"SF43718",19.1315,"Tipo de cambio FIX USD/MXN"
2019-07-24,"SF43718",19.0894,"Tipo de cambio FIX USD/MXN"
2019-07-25,"SF43718",19.0623,"Tipo de cambio FIX USD/MXN"
2019-07-26,"SF43718",19.0699,"Tipo de cambio FIX USD/MXN"
2019-07-29,"SF43718",19.09,"Tipo de cambio FIX USD/MXN"
2019-07-30,"SF43718",19.0747,"Tipo de cambio FIX USD/MXN"
2019-07-31,"SF43718",18.9929,"Tipo de cambio FIX USD/MXN"
2019-08-01,"SF43718",19.1627,"Tipo de cambio FIX USD/MXN"
2019-08-02,"SF43718",19.3116,"Tipo de cambio FIX USD/MXN"
2019-08-05,"SF43718",19.5731,"Tipo de cambio FIX USD/MXN"
2019-08-06,"SF43718",19.6291,"Tipo de cambio FIX USD/MXN"
2019-08-07,"SF43718",19.6953,"Tipo de cambio FIX USD/MXN"
2019-08-08,"SF43718",19.5118,"Tipo de cambio FIX USD/MXN"
2019-08-09,"SF43718",19.4283,"Tipo de cambio FIX USD/MXN"
2019-08-12,"SF43718",19.5803,"Tipo de cambio FIX USD/MXN"
2019-08-13,"SF43718",19.463,"Tipo de cambio FIX USD/MXN"
2019-08-14,"SF43718",19.5763,"Tipo de cambio FIX USD/MXN"
2019-08-15,"SF43718",19.6365,"Tipo de cambio FIX USD/MXN"
2019-08-16,"SF43718",19.5669,"Tipo de cambio FIX USD/MXN"
2019-08-19,"SF43718",19.8153,"Tipo de cambio FIX USD/MXN"
2019-08-20,"SF43718",19.7522,"Tipo de cambio FIX USD/MXN"
2019-08-21,"SF43718",19.6798,"Tipo de cambio FIX USD/MXN"
2019-08-22,"SF43718",19.7467,"Tipo de cambio FIX USD/MXN"
2019-08-23,"SF43718",19.8402,"Tipo de cambio FIX USD/MXN"
2019-08-26,"SF43718",19.9086,"Tipo de cambio FIX USD/MXN"
2019-08-27,"SF43718",19.9934,"Tipo de cambio FIX USD/MXN"
2019-08-28,"SF43718",20.0314,"Tipo de cambio FIX USD/MXN"
2019-08-29,"SF43718",20.0988,"Tipo de cambio FIX USD/MXN"
2019-08-30,"SF43718",20.0696,"Tipo de cambio FIX USD/MXN"
2019-09-02,"SF43718",20.1253,"Tipo de cambio FIX USD/MXN"
2019-09-03,"SF43718",20.0039,"Tipo de cambio FIX USD/MXN"
2019-09-04,"SF43718",19.7806,"Tipo de cambio FIX USD/MXN"
2019-09-05,"SF43718",19.6834,"Tipo de cambio FIX USD/MXN"
2019-09-06,"SF43718",19.5623,"Tipo de cambio FIX USD/MXN"
2019-09-09,"SF43718",19.5398,"Tipo de cambio FIX USD/MXN"
2019-09-10,"SF43718",19.5354,"Tipo de cambio FIX USD/MXN"
2019-09-11,"SF43718",19.5478,"Tipo de cambio FIX USD/MXN"
2019-09-12,"SF43718",19.4265,"Tipo de cambio FIX USD/MXN"
2019-09-13,"SF43718",19.3665,"Tipo de cambio FIX USD/MXN"
2019-09-17,"SF43718",19.4262,"Tipo de cambio FIX USD/MXN"
2019-09-18,"SF43718",19.3528,"Tipo de cambio FIX USD/MXN"
2019-09-19,"SF43718",19.3981,"Tipo de cambio FIX USD/MXN"
2019-09-20,"SF43718",19.4478,"Tipo de cambio FIX USD/MXN"
2019-09-23,"SF43718",19.4459,"Tipo de cambio FIX USD/MXN"
2019-09-24,"SF43718",19.4587,"Tipo de cambio FIX USD/MXN"
2019-09-25,"SF43718",19.5775,"Tipo de cambio FIX USD/MXN"
2019-09-26,"SF43718",19.6363,"Tipo de cambio FIX USD/MXN"
2019-09-27,"SF43718",19.6808,"Tipo de cambio FIX USD/MXN"
2019-09-30,"SF43718",19.7345,"Tipo de cambio FIX USD/MXN"
2019-10-01,"SF43718",19.7792,"Tipo de cambio FIX USD/MXN"
2019-10-02,"SF43718",19.7985,"Tipo de cambio FIX USD/MXN"
2019-10-03,"SF43718",19.7368,"Tipo de cambio FIX USD/MXN"
2019-10-04,"SF43718",19.5255,"Tipo de cambio FIX USD/MXN"
2019-10-07,"SF43718",19.5522,"Tipo de cambio FIX USD/MXN"
2019-10-08,"SF43718",19.584,"Tipo de cambio FIX USD/MXN"
2019-10-09,"SF43718",19.5689,"Tipo de cambio FIX USD/MXN"
2019-10-10,"SF43718",19.4764,"Tipo de cambio FIX USD/MXN"
2019-10-11,"SF43718",19.3217,"Tipo de cambio FIX USD/MXN"
2019-10-14,"SF43718",19.2652,"Tipo de cambio FIX USD/MXN"
2019-10-15,"SF43718",19.252,"Tipo de cambio FIX USD/MXN"
2019-10-16,"SF43718",19.2135,"Tipo de cambio FIX USD/MXN"
2019-10-17,"SF43718",19.1602,"Tipo de cambio FIX USD/MXN"
2019-10-18,"SF43718",19.1492,"Tipo de cambio FIX USD/MXN"
2019-10-21,"SF43718",19.1422,"Tipo de cambio FIX USD/MXN"
2019-10-22,"SF43718",19.105,"Tipo de cambio FIX USD/MXN"
2019-10-23,"SF43718",19.1258,"Tipo de cambio FIX USD/MXN"
2019-10-24,"SF43718",19.0878,"Tipo de cambio FIX USD/MXN"
2019-10-25,"SF43718",19.082,"Tipo de cambio FIX USD/MXN"
2019-10-28,"SF43718",19.0543,"Tipo de cambio FIX USD/MXN"
2019-10-29,"SF43718",19.1167,"Tipo de cambio FIX USD/MXN"
2019-10-30,"SF43718",19.1643,"Tipo de cambio FIX USD/MXN"
2019-10-31,"SF43718",19.1948,"Tipo de cambio FIX USD/MXN"
2019-11-01,"SF43718",19.1058,"Tipo de cambio FIX USD/MXN"
2019-11-04,"SF43718",19.1525,"Tipo de cambio FIX USD/MXN"
2019-11-05,"SF43718",19.2125,"Tipo de cambio FIX USD/MXN"
2019-11-06,"SF43718",19.1953,"Tipo de cambio FIX USD/MXN"
2019-11-07,"SF43718",19.1327,"Tipo de cambio FIX USD/MXN"
2019-11-08,"SF43718",19.1068,"Tipo de cambio FIX USD/MXN"
2019-11-11,"SF43718",19.109,"Tipo de cambio FIX USD/MXN"
2019-11-12,"SF43718",19.2178,"Tipo de cambio FIX USD/MXN"
2019-11-13,"SF43718",19.4543,"Tipo de cambio FIX USD/MXN"
2019-11-14,"SF43718",19.4228,"Tipo de cambio FIX USD/MXN"
2019-11-15,"SF43718",19.2063,"Tipo de cambio FIX USD/MXN"
2019-11-19,"SF43718",19.3687,"Tipo de cambio FIX USD/MXN"
2019-11-20,"SF43718",19.48,"Tipo de cambio FIX USD/MXN"
2019-11-21,"SF43718",19.4138,"Tipo de cambio FIX USD/MXN"
2019-11-22,"SF43718",19.3987,"Tipo de cambio FIX USD/MXN"
2019-11-25,"SF43718",19.4468,"Tipo de cambio FIX USD/MXN"
2019-11-26,"SF43718",19.5185,"Tipo de cambio FIX USD/MXN"
2019-11-27,"SF43718",19.5607,"Tipo de cambio FIX USD/MXN"
2019-11-28,"SF43718",19.6113,"Tipo de cambio FIX USD/MXN"
2019-11-29,"SF43718",19.5352,"Tipo de cambio FIX USD/MXN"
2019-12-02,"SF43718",19.5717,"Tipo de cambio FIX USD/MXN"
2019-12-03,"SF43718",19.5678,"Tipo de cambio FIX USD/MXN"
2019-12-04,"SF43718",19.4707,"Tipo de cambio FIX USD/MXN"
2019-12-05,"SF43718",19.3688,"Tipo de cambio FIX USD/MXN"
2019-12-06,"SF43718",19.3247,"Tipo de cambio FIX USD/MXN"
2019-12-09,"SF43718",19.2302,"Tipo de cambio FIX USD/MXN"
2019-12-10,"SF43718",19.2362,"Tipo de cambio FIX USD/MXN"
2019-12-11,"SF43718",19.1785,"Tipo de cambio FIX USD/MXN"
2019-12-13,"SF43718",19.0455,"Tipo de cambio FIX USD/MXN"
2019-12-16,"SF43718",18.9702,"Tipo de cambio FIX USD/MXN"
2019-12-17,"SF43718",18.9165,"Tipo de cambio FIX USD/MXN"
2019-12-18,"SF43718",18.9542,"Tipo de cambio FIX USD/MXN"
2019-12-19,"SF43718",18.964,"Tipo de cambio FIX USD/MXN"
2019-12-20,"SF43718",18.9133,"Tipo de cambio FIX USD/MXN"
2019-12-23,"SF43718",18.9385,"Tipo de cambio FIX USD/MXN"
2019-12-24,"SF43718",18.9643,"Tipo de cambio FIX USD/MXN"
2019-12-26,"SF43718",18.9445,"Tipo de cambio FIX USD/MXN"
2019-12-27,"SF43718",18.8452,"Tipo de cambio FIX USD/MXN"
2019-12-30,"SF43718",18.8727,"Tipo de cambio FIX USD/MXN"
2019-12-31,"SF43718",18.8642,"Tipo de cambio FIX USD/MXN"
2020-01-02,"SF43718",18.8817,"Tipo de cambio FIX USD/MXN"
2020-01-03,"SF43718",18.8673,"Tipo de cambio FIX USD/MXN"
2020-01-06,"SF43718",18.827,"Tipo de cambio FIX USD/MXN"
2020-01-07,"SF43718",18.8852,"Tipo de cambio FIX USD/MXN"
2020-01-08,"SF43718",18.798,"Tipo de cambio FIX USD/MXN"
2020-01-09,"SF43718",18.8453,"Tipo de cambio FIX USD/MXN"
2020-01-10,"SF43718",18.7732,"Tipo de cambio FIX USD/MXN"
2020-01-13,"SF43718",18.8215,"Tipo de cambio FIX USD/MXN"
2020-01-14,"SF43718",18.812,"Tipo de cambio FIX USD/MXN"
2020-01-15,"SF43718",18.8077,"Tipo de cambio FIX USD/MXN"
2020-01-16,"SF43718",18.793,"Tipo de cambio FIX USD/MXN"
2020-01-17,"SF43718",18.7388,"Tipo de cambio FIX USD/MXN"
2020-01-20,"SF43718",18.6725,"Tipo de cambio FIX USD/MXN"
2020-01-21,"SF43718",18.7007,"Tipo de cambio FIX USD/MXN"
2020-01-22,"SF43718",18.6883,"Tipo de cambio FIX USD/MXN"
2020-01-23,"SF43718",18.8018,"Tipo de cambio FIX USD/MXN"
2020-01-24,"SF43718",18.8313,"Tipo de cambio FIX USD/MXN"
2020-01-27,"SF43718",18.9407,"Tipo de cambio FIX USD/MXN"
2020-01-28,"SF43718",18.8022,"Tipo de cambio FIX USD/MXN"
2020-01-29,"SF43718",18.7067,"Tipo de cambio FIX USD/MXN"
2020-01-30,"SF43718",18.7853,"Tipo de cambio FIX USD/MXN"
2020-01-31,"SF43718",18.9082,"Tipo de cambio FIX USD/MXN"
2020-02-04,"SF43718",18.6797,"Tipo de cambio FIX USD/MXN"
2020-02-05,"SF43718",18.6245,"Tipo de cambio FIX USD/MXN"
2020-02-06,"SF43718",18.6645,"Tipo de cambio FIX USD/MXN"
2020-02-07,"SF43718",18.7763,"Tipo de cambio FIX USD/MXN"
2020-02-10,"SF43718",18.7653,"Tipo de cambio FIX USD/MXN"
2020-02-11,"SF43718",18.674,"Tipo de cambio FIX USD/MXN"
2020-02-12,"SF43718",18.6308,"Tipo de cambio FIX USD/MXN"
2020-02-13,"SF43718",18.6458,"Tipo de cambio FIX USD/MXN"
2020-02-14,"SF43718",18.5712,"Tipo de cambio FIX USD/MXN"
2020-02-17,"SF43718",18.5715,"Tipo de cambio FIX USD/MXN"
2020-02-18,"SF43718",18.5952,"Tipo de cambio FIX USD/MXN"
2020-02-19,"SF43718",18.591,"Tipo de cambio FIX USD/MXN"
2020-02-20,"SF43718",18.7992,"Tipo de cambio FIX USD/MXN"
2020-02-21,"SF43718",18.9138,"Tipo de cambio FIX USD/MXN"
2020-02-24,"SF43718",19.1197,"Tipo de cambio FIX USD/MXN"
2020-02-25,"SF43718",19.0878,"Tipo de cambio FIX USD/MXN"
2020-02-26,"SF43718",19.1585,"Tipo de cambio FIX USD/MXN"
2020-02-27,"SF43718",19.3973,"Tipo de cambio FIX USD/MXN"
2020-02-28,"SF43718",19.776,"Tipo de cambio FIX USD/MXN"
2020-03-02,"SF43718",19.6985,"Tipo de cambio FIX USD/MXN"
2020-03-03,"SF43718",19.2837,"Tipo de cambio FIX USD/MXN"
2020-03-04,"SF43718",19.5335,"Tipo de cambio FIX USD/MXN"
2020-03-05,"SF43718",19.8095,"Tipo de cambio FIX USD/MXN"
2020-03-06,"SF43718",20.1623,"Tipo de cambio FIX USD/MXN"
2020-03-09,"SF43718",21.1117,"Tipo de cambio FIX USD/MXN"
2020-03-10,"SF43718",21.0267,"Tipo de cambio FIX USD/MXN"
2020-03-11,"SF43718",21.213,"Tipo de cambio FIX USD/MXN"
2020-03-12,"SF43718",22.1518,"Tipo de cambio FIX USD/MXN"
2020-03-13,"SF43718",21.9288,"Tipo de cambio FIX USD/MXN"
2020-03-17,"SF43718",23.0573,"Tipo de cambio FIX USD/MXN"
2020-03-18,"SF43718",23.9008,"Tipo de cambio FIX USD/MXN"
2020-03-19,"SF43718",24.0868,"Tipo de cambio FIX USD/MXN"
2020-03-20,"SF43718",24.1113,"Tipo de cambio FIX USD/MXN"
2020-03-23,"SF43718",25.0782,"Tipo de cambio FIX USD/MXN"
2020-03-24,"SF43718",25.1185,"Tipo de cambio FIX USD/MXN"
2020-03-25,"SF43718",24.2948,"Tipo de cambio FIX USD/MXN"
2020-03-26,"SF43718",23.097,"Tipo de cambio FIX USD/MXN"
2020-03-27,"SF43718",23.5122,"Tipo de cambio FIX USD/MXN"
2020-03-30,"SF43718",24.2853,"Tipo de cambio FIX USD/MXN"
2020-03-31,"SF43718",23.4847,"Tipo de cambio FIX USD/MXN"
2020-04-01,"SF43718",24.4918,"Tipo de cambio FIX USD/MXN"
2020-04-02,"SF43718",24.1087,"Tipo de cambio FIX USD/MXN"
2020-04-03,"SF43718",24.6938,"Tipo de cambio FIX USD/MXN"
2020-04-06,"SF43718",24.6895,"Tipo de cambio FIX USD/MXN"
2020-04-07,"SF43718",24.0388,"Tipo de cambio FIX USD/MXN"
2020-04-08,"SF43718",24.0925,"Tipo de cambio FIX USD/MXN"
2020-04-13,"SF43718",23.7427,"Tipo de cambio FIX USD/MXN"
2020-04-14,"SF43718",23.5645,"Tipo de cambio FIX USD/MXN"
2020-04-15,"SF43718",24.1155,"Tipo de cambio FIX USD/MXN"
2020-04-16,"SF43718",24.2098,"Tipo de cambio FIX USD/MXN"
2020-04-17,"SF43718",23.9012,"Tipo de cambio FIX USD/MXN"
2020-04-20,"SF43718",24.0077,"Tipo de cambio FIX USD/MXN"
2020-04-21,"SF43718",24.4248,"Tipo de cambio FIX USD/MXN"
2020-04-22,"SF43718",24.5883,"Tipo de cambio FIX USD/MXN"
2020-04-23,"SF43718",24.623,"Tipo de cambio FIX USD/MXN"
2020-04-24,"SF43718",24.8583,"Tipo de cambio FIX USD/MXN"
2020-04-27,"SF43718",24.8492,"Tipo de cambio FIX USD/MXN"
2020-04-28,"SF43718",24.3882,"Tipo de cambio FIX USD/MXN"
2020-04-29,"SF43718",24.0002,"Tipo de cambio FIX USD/MXN"
2020-04-30,"SF43718",23.9283,"Tipo de cambio FIX USD/MXN"
2020-05-04,"SF43718",24.3812,"Tipo de cambio FIX USD/MXN"
2020-05-05,"SF43718",23.8343,"Tipo de cambio FIX USD/MXN"
2020-05-06,"SF43718",24.2942,"Tipo de cambio FIX USD/MXN"
2020-05-07,"SF43718",24.0563,"Tipo de cambio FIX USD/MXN"
2020-05-08,"SF43718",23.6805,"Tipo de cambio FIX USD/MXN"
2020-05-11,"SF43718",23.8693,"Tipo de cambio FIX USD/MXN"
2020-05-12,"SF43718",24.0487,"Tipo de cambio FIX USD/MXN"
2020-05-13,"SF43718",24.2113,"Tipo de cambio FIX USD/MXN"
2020-05-14,"SF43718",24.2708,"Tipo de cambio FIX USD/MXN"
2020-05-15,"SF43718",23.958,"Tipo de cambio FIX USD/MXN"
2020-05-18,"SF43718",23.6032,"Tipo de cambio FIX USD/MXN"
2020-05-19,"SF43718",23.6023,"Tipo de cambio FIX USD/MXN"
2020-05-20,"SF43718",23.2962,"Tipo de cambio FIX USD/MXN"
2020-05-21,"SF43718",22.96,"Tipo de cambio FIX USD/MXN"
2020-05-22,"SF43718",22.7928,"Tipo de cambio FIX USD/MXN"
2020-05-25,"SF43718",22.563,"Tipo de cambio FIX USD/MXN"
2020-05-26,"SF43718",22.2932,"Tipo de cambio FIX USD/MXN"
2020-05-27,"SF43718",22.3633,"Tipo de cambio FIX USD/MXN"
2020-05-28,"SF43718",22.204,"Tipo de cambio FIX USD/MXN"
2020-05-29,"SF43718",22.1778,"Tipo de cambio FIX USD/MXN"
2020-06-01,"SF43718",22.0168,"Tipo de cambio FIX USD/MXN"
2020-06-02,"SF43718",21.6827,"Tipo de cambio FIX USD/MXN"
2020-06-03,"SF43718",21.6043,"Tipo de cambio FIX USD/MXN"
2020-06-04,"SF43718",21.8388,"Tipo de cambio FIX USD/MXN"
2020-06-05,"SF43718",21.5837,"Tipo de cambio FIX USD/MXN"
2020-06-08,"SF43718",21.6552,"Tipo de cambio FIX USD/MXN"
2020-06-09,"SF43718",21.7252,"Tipo de cambio FIX USD/MXN"
2020-06-10,"SF43718",21.923,"Tipo de cambio FIX USD/MXN"
2020-06-11,"SF43718",22.4252,"Tipo de cambio FIX USD/MXN"
2020-06-12,"SF43718",22.3347,"Tipo de cambio FIX USD/MXN"
2020-06-15,"SF43718",22.5435,"Tipo de cambio FIX USD/MXN"
2020-06-16,"SF43718",22.2168,"Tipo de cambio FIX USD/MXN"
2020-06-17,"SF43718",22.2783,"Tipo de cambio FIX USD/MXN"
2020-06-18,"SF43718",22.6088,"Tipo de cambio FIX USD/MXN"
2020-06-19,"SF43718",22.63,"Tipo de cambio FIX USD/MXN"
2020-06-22,"SF43718",22.4413,"Tipo de cambio FIX USD/MXN"
2020-06-23,"SF43718",22.413,"Tipo de cambio FIX USD/MXN"
2020-06-24,"SF43718",22.6662,"Tipo de cambio FIX USD/MXN"
2020-06-25,"SF43718",22.7963,"Tipo de cambio FIX USD/MXN"
2020-06-26,"SF43718",22.9715,"Tipo de cambio FIX USD/MXN"
2020-06-29,"SF43718",23.1325,"Tipo de cambio FIX USD/MXN"
2020-06-30,"SF43718",23.0893,"Tipo de cambio FIX USD/MXN"
2020-07-01,"SF43718",22.8078,"Tipo de cambio FIX USD/MXN"
2020-07-02,"SF43718",22.5225,"Tipo de cambio FIX USD/MXN"
2020-07-03,"SF43718",22.4147,"Tipo de cambio FIX USD/MXN"
2020-07-06,"SF43718",22.2808,"Tipo de cambio FIX USD/MXN"
2020-07-07,"SF43718",22.6213,"Tipo de cambio FIX USD/MXN"
2020-07-08,"SF43718",22.8225,"Tipo de cambio FIX USD/MXN"
2020-07-09,"SF43718",22.6945,"Tipo de cambio FIX USD/MXN"
2020-07-10,"SF43718",22.5342,"Tipo de cambio FIX USD/MXN"
2020-07-13,"SF43718",22.4633,"Tipo de cambio FIX USD/MXN"
2020-07-14,"SF43718",22.6173,"Tipo de cambio FIX USD/MXN"
2020-07-15,"SF43718",22.3647,"Tipo de cambio FIX USD/MXN"
2020-07-16,"SF43718",22.3032,"Tipo de cambio FIX USD/MXN"
2020-07-17,"SF43718",22.4897,"Tipo de cambio FIX USD/MXN"
2020-07-20,"SF43718",22.6278,"Tipo de cambio FIX USD/MXN"
2020-07-21,"SF43718",22.3597,"Tipo de cambio FIX USD/MXN"
2020-07-22,"SF43718",22.251,"Tipo de cambio FIX USD/MXN"
2020-07-23,"SF43718",22.3627,"Tipo de cambio FIX USD/MXN"
2020-07-24,"SF43718",22.3842,"Tipo de cambio FIX USD/MXN"
2020-07-27,"SF43718",22.0275,"Tipo de cambio FIX USD/MXN"
2020-07-28,"SF43718",21.9615,"Tipo de cambio FIX USD/MXN"
2020-07-29,"SF43718",21.9907,"Tipo de cambio FIX USD/MXN"
2020-07-30,"SF43718",22.1727,"Tipo de cambio FIX USD/MXN"
2020-07-31,"SF43718",22.2012,"Tipo de cambio FIX USD/MXN"
2020-08-03,"SF43718",22.614,"Tipo de cambio FIX USD/MXN"
2020-08-04,"SF43718",22.7845,"Tipo de cambio FIX USD/MXN"
2020-08-05,"SF43718",22.4068,"Tipo de cambio FIX USD/MXN"
2020-08-06,"SF43718",22.3652,"Tipo de cambio FIX USD/MXN"
2020-08-07,"SF43718",22.4892,"Tipo de cambio FIX USD/MXN"
2020-08-10,"SF43718",22.485,"Tipo de cambio FIX USD/MXN"
2020-08-11,"SF43718",22.349,"Tipo de cambio FIX USD/MXN"
2020-08-12,"SF43718",22.3457,"Tipo de cambio FIX USD/MXN"
2020-08-13,"SF43718",22.2628,"Tipo de cambio FIX USD/MXN"
2020-08-14,"SF43718",22.0313,"Tipo de cambio FIX USD/MXN"
2020-08-17,"SF43718",22.057,"Tipo de cambio FIX USD/MXN"
2020-08-18,"SF43718",22.1535,"Tipo de cambio FIX USD/MXN"
2020-08-19,"SF43718",22.0527,"Tipo de cambio FIX USD/MXN"
2020-08-20,"SF43718",22.176,"Tipo de cambio FIX USD/MXN"
2020-08-21,"SF43718",22.0362,"Tipo de cambio FIX USD/MXN"
2020-08-24,"SF43718",21.984,"Tipo de cambio FIX USD/MXN"
2020-08-25,"SF43718",21.9723,"Tipo de cambio FIX USD/MXN"
2020-08-26,"SF43718",21.9202,"Tipo de cambio FIX USD/MXN"
2020-08-27,"SF43718",22.1168,"Tipo de cambio FIX USD/MXN"
2020-08-28,"SF43718",21.8602,"Tipo de cambio FIX USD/MXN"
2020-08-31,"SF43718",21.888,"Tipo de cambio FIX USD/MXN"
2020-09-01,"SF43718",21.7445,"Tipo de cambio FIX USD/MXN"
2020-09-02,"SF43718",21.8393,"Tipo de cambio FIX USD/MXN"
2020-09-03,"SF43718",21.6383,"Tipo de cambio FIX USD/MXN"
2020-09-04,"SF43718",21.6115,"Tipo de cambio FIX USD/MXN"
2020-09-07,"SF43718",21.5887,"Tipo de cambio FIX USD/MXN"
2020-09-08,"SF43718",21.7138,"Tipo de cambio FIX USD/MXN"
2020-09-09,"SF43718",21.5377,"Tipo de cambio FIX USD/MXN"
2020-09-10,"SF43718",21.2773,"Tipo de cambio FIX USD/MXN"
2020-09-11,"SF43718",21.321,"Tipo de cambio FIX USD/MXN"
2020-09-14,"SF43718",21.0728,"Tipo de cambio FIX USD/MXN"
2020-09-15,"SF43718",21.0692,"Tipo de cambio FIX USD/MXN"
2020-09-17,"SF43718",20.985,"Tipo de cambio FIX USD/MXN"
2020-09-18,"SF43718",20.9697,"Tipo de cambio FIX USD/MXN"
2020-09-21,"SF43718",21.505,"Tipo de cambio FIX USD/MXN"
2020-09-22,"SF43718",21.5682,"Tipo de cambio FIX USD/MXN"
2020-09-23,"SF43718",22.0897,"Tipo de cambio FIX USD/MXN"
2020-09-24,"SF43718",22.3678,"Tipo de cambio FIX USD/MXN"
2020-09-25,"SF43718",22.4402,"Tipo de cambio FIX USD/MXN"
2020-09-28,"SF43718",22.4573,"Tipo de cambio FIX USD/MXN"
2020-09-29,"SF43718",22.3598,"Tipo de cambio FIX USD/MXN"
2020-09-30,"SF43718",22.1438,"Tipo de cambio FIX USD/MXN"
2020-10-01,"SF43718",21.9562,"Tipo de cambio FIX USD/MXN"
2020-10-02,"SF43718",21.7025,"Tipo de cambio FIX USD/MXN"
2020-10-05,"SF43718",21.396,"Tipo de cambio FIX USD/MXN"
2020-10-06,"SF43718",21.4507,"Tipo de cambio FIX USD/MXN"
2020-10-07,"SF43718",21.493,"Tipo de cambio FIX USD/MXN"
2020-10-08,"SF43718",21.4318,"Tipo de cambio FIX USD/MXN"
2020-10-09,"SF43718",21.1822,"Tipo de cambio FIX USD/MXN"
2020-10-12,"SF43718",21.2183,"Tipo de cambio FIX USD/MXN"
2020-10-13,"SF43718",21.3677,"Tipo de cambio FIX USD/MXN"
2020-10-14,"SF43718",21.2998,"Tipo de cambio FIX USD/MXN"
2020-10-15,"SF43718",21.3832,"Tipo de cambio FIX USD/MXN"
2020-10-16,"SF43718",21.1765,"Tipo de cambio FIX USD/MXN"
2020-10-19,"SF43718",21.1342,"Tipo de cambio FIX USD/MXN"
2020-10-20,"SF43718",21.0902,"Tipo de cambio FIX USD/MXN"
2020-10-21,"SF43718",21.064,"Tipo de cambio FIX USD/MXN"
2020-10-22,"SF43718",21.03,"Tipo de cambio FIX USD/MXN"
2020-10-23,"SF43718",20.9205,"Tipo de cambio FIX USD/MXN"
2020-10-26,"SF43718",20.9818,"Tipo de cambio FIX USD/MXN"
2020-10-27,"SF43718",20.8798,"Tipo de cambio FIX USD/MXN"
2020-10-28,"SF43718",21.1648,"Tipo de cambio FIX USD/MXN"
2020-10-29,"SF43718",21.377,"Tipo de cambio FIX USD/MXN"
2020-10-30,"SF43718",21.2508,"Tipo de cambio FIX USD/MXN"
2020-11-03,"SF43718",21.1555,"Tipo de cambio FIX USD/MXN"
2020-11-04,"SF43718",21.0345,"Tipo de cambio FIX USD/MXN"
2020-11-05,"SF43718",20.7612,"Tipo de cambio FIX USD/MXN"
2020-11-06,"SF43718",20.62,"Tipo de cambio FIX USD/MXN"
2020-11-09,"SF43718",20.36,"Tipo de cambio FIX USD/MXN"
2020-11-10,"SF43718",20.4018,"Tipo de cambio FIX USD/MXN"
2020-11-11,"SF43718",20.5772,"Tipo de cambio FIX USD/MXN"
2020-11-12,"SF43718",20.5303,"Tipo de cambio FIX USD/MXN"
2020-11-13,"SF43718",20.4833,"Tipo de cambio FIX USD/MXN"
2020-11-17,"SF43718",20.3212,"Tipo de cambio FIX USD/MXN"
2020-11-18,"SF43718",20.2388,"Tipo de cambio FIX USD/MXN"
2020-11-19,"SF43718",20.1858,"Tipo de cambio FIX USD/MXN"
2020-11-20,"SF43718",20.1172,"Tipo de cambio FIX USD/MXN"
2020-11-23,"SF43718",20.1012,"Tipo de cambio FIX USD/MXN"
2020-11-24,"SF43718",20.0577,"Tipo de cambio FIX USD/MXN"
2020-11-25,"SF43718",20.0465,"Tipo de cambio FIX USD/MXN"
2020-11-26,"SF43718",20.0467,"Tipo de cambio FIX USD/MXN"
2020-11-27,"SF43718",20.0777,"Tipo de cambio FIX USD/MXN"
2020-11-30,"SF43718",20.1398,"Tipo de cambio FIX USD/MXN"
2020-12-01,"SF43718",20.0508,"Tipo de cambio FIX USD/MXN"
2020-12-02,"SF43718",20.0497,"Tipo de cambio FIX USD/MXN"
2020-12-03,"SF43718",19.9083,"Tipo de cambio FIX USD/MXN"
2020-12-04,"SF43718",19.7838,"Tipo de cambio FIX USD/MXN"
2020-12-07,"SF43718",19.8213,"Tipo de cambio FIX USD/MXN"
2020-12-08,"SF43718",19.7537,"Tipo de cambio FIX USD/MXN"
2020-12-09,"SF43718",19.8368,"Tipo de cambio FIX USD/MXN"
2020-12-10,"SF43718",19.9572,"Tipo de cambio FIX USD/MXN"
2020-12-11,"SF43718",20.1075,"Tipo de cambio FIX USD/MXN"
2020-12-14,"SF43718",20.1778,"Tipo de cambio FIX USD/MXN"
2020-12-15,"SF43718",20.1113,"Tipo de cambio FIX USD/MXN"
2020-12-16,"SF43718",19.9513,"Tipo de cambio FIX USD/MXN"
2020-12-17,"SF43718",19.8173,"Tipo de cambio FIX USD/MXN"
2020-12-18,"SF43718",19.9487,"Tipo de cambio FIX USD/MXN"
2020-12-21,"SF43718",20.0905,"Tipo de cambio FIX USD/MXN"
2020-12-22,"SF43718",20.0562,"Tipo de cambio FIX USD/MXN"
2020-12-23,"SF43718",20.1175,"Tipo de cambio FIX USD/MXN"
2020-12-24,"SF43718",19.8517,"Tipo de cambio FIX USD/MXN"
2020-12-28,"SF43718",20.0477,"Tipo de cambio FIX USD/MXN"
2020-12-29,"SF43718",19.9487,"Tipo de cambio FIX USD/MXN"
2020-12-30,"SF43718",19.9352,"Tipo de cambio FIX USD/MXN"
2020-12-31,"SF43718",19.9087,"Tipo de cambio FIX USD/MXN"
2021-01-04,"SF43718",19.8457,"Tipo de cambio FIX USD/MXN"
2021-01-05,"SF43718",19.9437,"Tipo de cambio FIX USD/MXN"
2021-01-06,"SF43718",19.725,"Tipo de cambio FIX USD/MXN"
2021-01-07,"SF43718",19.91,"Tipo de cambio FIX USD/MXN"
2021-01-08,"SF43718",19.9705,"Tipo de cambio FIX USD/MXN"
2021-01-11,"SF43718",20.113,"Tipo de cambio FIX USD/MXN"
2021-01-12,"SF43718",19.9373,"Tipo de cambio FIX USD/MXN"
2021-01-13,"SF43718",19.7935,"Tipo de cambio FIX USD/MXN"
2021-01-14,"SF43718",19.7793,"Tipo de cambio FIX USD/MXN"
2021-01-15,"SF43718",19.7875,"Tipo de cambio FIX USD/MXN"
2021-01-18,"SF43718",19.757,"Tipo de cambio FIX USD/MXN"
2021-01-19,"SF43718",19.6788,"Tipo de cambio FIX USD/MXN"
2021-01-20,"SF43718",19.5793,"Tipo de cambio FIX USD/MXN"
2021-01-21,"SF43718",19.7393,"Tipo de cambio FIX USD/MXN"
2021-01-22,"SF43718",19.9833,"Tipo de cambio FIX USD/MXN"
2021-01-25,"SF43718",20.1598,"Tipo de cambio FIX USD/MXN"
2021-01-26,"SF43718",20.0152,"Tipo de cambio FIX USD/MXN"
2021-01-27,"SF43718",20.2168,"Tipo de cambio FIX USD/MXN"
2021-01-28,"SF43718",20.2697,"Tipo de cambio FIX USD/MXN"
2021-01-29,"SF43718",20.2248,"Tipo de cambio FIX USD/MXN"
2021-02-02,"SF43718",20.1722,"Tipo de cambio FIX USD/MXN"
2021-02-03,"SF43718",20.1953,"Tipo de cambio FIX USD/MXN"
2021-02-04,"SF43718",20.4435,"Tipo de cambio FIX USD/MXN"
2021-02-05,"SF43718",20.1388,"Tipo de cambio FIX USD/MXN"
2021-02-08,"SF43718",20.1227,"Tipo de cambio FIX USD/MXN"
2021-02-09,"SF43718",20.0913,"Tipo de cambio FIX USD/MXN"
2021-02-10,"SF43718",20.0588,"Tipo de cambio FIX USD/MXN"
2021-02-11,"SF43718",19.9535,"Tipo de cambio FIX USD/MXN"
2021-02-12,"SF43718",19.9622,"Tipo de cambio FIX USD/MXN"
2021-02-15,"SF43718",19.9518,"Tipo de cambio FIX USD/MXN"
2021-02-16,"SF43718",20.2023,"Tipo de cambio FIX USD/MXN"
2021-02-17,"SF43718",20.2257,"Tipo de cambio FIX USD/MXN"
2021-02-18,"SF43718",20.4165,"Tipo de cambio FIX USD/MXN"
2021-02-19,"SF43718",20.4222,"Tipo de cambio FIX USD/MXN"
2021-02-22,"SF43718",20.6783,"Tipo de cambio FIX USD/MXN"
2021-02-23,"SF43718",20.5833,"Tipo de cambio FIX USD/MXN"
2021-02-24,"SF43718",20.4752,"Tipo de cambio FIX USD/MXN"
2021-02-25,"SF43718",20.8523,"Tipo de cambio FIX USD/MXN"
2021-02-26,"SF43718",20.939,"Tipo de cambio FIX USD/MXN"
2021-03-01,"SF43718",20.6123,"Tipo de cambio FIX USD/MXN"
2021-03-02,"SF43718",20.6903,"Tipo de cambio FIX USD/MXN"
2021-03-03,"SF43718",20.8957,"Tipo de cambio FIX USD/MXN"
2021-03-04,"SF43718",20.8498,"Tipo de cambio FIX USD/MXN"
2021-03-05,"SF43718",21.2635,"Tipo de cambio FIX USD/MXN"
2021-03-08,"SF43718",21.4177,"Tipo de cambio FIX USD/MXN"
2021-03-09,"SF43718",21.2575,"Tipo de cambio FIX USD/MXN"
2021-03-10,"SF43718",20.9853,"Tipo de cambio FIX USD/MXN"
2021-03-11,"SF43718",20.7133,"Tipo de cambio FIX USD/MXN"
2021-03-12,"SF43718",20.7637,"Tipo de cambio FIX USD/MXN"
2021-03-16,"SF43718",20.5753,"Tipo de cambio FIX USD/MXN"
2021-03-17,"SF43718",20.6828,"Tipo de cambio FIX USD/MXN"
2021-03-18,"SF43718",20.4415,"Tipo de cambio FIX USD/MXN"
2021-03-19,"SF43718",20.4823,"Tipo de cambio FIX USD/MXN"
2021-03-22,"SF43718",20.5788,"Tipo de cambio FIX USD/MXN"
2021-03-23,"SF43718",20.6408,"Tipo de cambio FIX USD/MXN"
2021-03-24,"SF43718",20.7882,"Tipo de cambio FIX USD/MXN"
2021-03-25,"SF43718",20.7662,"Tipo de cambio FIX USD/MXN"
2021-03-26,"SF43718",20.5677,"Tipo de cambio FIX USD/MXN"
2021-03-29,"SF43718",20.6047,"Tipo de cambio FIX USD/MXN"
2021-03-30,"SF43718",20.6025,"Tipo de cambio FIX USD/MXN"
2021-03-31,"SF43718",20.44,"Tipo de cambio FIX USD/MXN"
2021-04-05,"SF43718",20.2483,"Tipo de cambio FIX USD/MXN"
2021-04-06,"SF43718",20.1612,"Tipo de cambio FIX USD/MXN"
2021-04-07,"SF43718",20.1765,"Tipo de cambio FIX USD/MXN"
2021-04-08,"SF43718",20.089,"Tipo de cambio FIX USD/MXN"
2021-04-09,"SF43718",20.163,"Tipo de cambio FIX USD/MXN"
2021-04-12,"SF43718",20.095,"Tipo de cambio FIX USD/MXN"
2021-04-13,"SF43718",20.0735,"Tipo de cambio FIX USD/MXN"
2021-04-14,"SF43718",20.0583,"Tipo de cambio FIX USD/MXN"
2021-04-15,"SF43718",19.927,"Tipo de cambio FIX USD/MXN"
2021-04-16,"SF43718",19.9158,"Tipo de cambio FIX USD/MXN"
2021-04-19,"SF43718",19.8145,"Tipo de cambio FIX USD/MXN"
2021-04-20,"SF43718",19.8877,"Tipo de cambio FIX USD/MXN"
2021-04-21,"SF43718",19.874,"Tipo de cambio FIX USD/MXN"
2021-04-22,"SF43718",19.8865,"Tipo de cambio FIX USD/MXN"
2021-04-23,"SF43718",19.8695,"Tipo de cambio FIX USD/MXN"
2021-04-26,"SF43718",19.8362,"Tipo de cambio FIX USD/MXN"
2021-04-27,"SF43718",19.9785,"Tipo de cambio FIX USD/MXN"
2021-04-28,"SF43718",19.9712,"Tipo de cambio FIX USD/MXN"
2021-04-29,"SF43718",20.0978,"Tipo de cambio FIX USD/MXN"
2021-04-30,"SF43718",20.1822,"Tipo de cambio FIX USD/MXN"
2021-05-03,"SF43718",20.1902,"Tipo de cambio FIX USD/MXN"
2021-05-04,"SF43718",20.2235,"Tipo de cambio FIX USD/MXN"
2021-05-05,"SF43718",20.2077,"Tipo de cambio FIX USD/MXN"
2021-05-06,"SF43718",20.1838,"Tipo de cambio FIX USD/MXN"
2021-05-07,"SF43718",19.9223,"Tipo de cambio FIX USD/MXN"
2021-05-10,"SF43718",19.886,"Tipo de cambio FIX USD/MXN"
2021-05-11,"SF43718",19.8848,"Tipo de cambio FIX USD/MXN"
2021-05-12,"SF43718",20.094,"Tipo de cambio FIX USD/MXN"
2021-05-13,"SF43718",20.0495,"Tipo de cambio FIX USD/MXN"
2021-05-14,"SF43718",19.8487,"Tipo de cambio FIX USD/MXN"
2021-05-17,"SF43718",19.8028,"Tipo de cambio FIX USD/MXN"
2021-05-18,"SF43718",19.8313,"Tipo de cambio FIX USD/MXN"
2021-05-19,"SF43718",19.8143,"Tipo de cambio FIX USD/MXN"
2021-05-20,"SF43718",19.881,"Tipo de cambio FIX USD/MXN"
2021-05-21,"SF43718",19.951,"Tipo de cambio FIX USD/MXN"
2021-05-24,"SF43718",19.872,"Tipo de cambio FIX USD/MXN"
2021-05-25,"SF43718",19.8903,"Tipo de cambio FIX USD/MXN"
2021-05-26,"SF43718",19.8783,"Tipo de cambio FIX USD/MXN"
2021-05-27,"SF43718",19.9487,"Tipo de cambio FIX USD/MXN"
2021-05-28,"SF43718",19.9442,"Tipo de cambio FIX USD/MXN"
2021-05-31,"SF43718",19.9213,"Tipo de cambio FIX USD/MXN"
2021-06-01,"SF43718",19.8927,"Tipo de cambio FIX USD/MXN"
2021-06-02,"SF43718",19.9277,"Tipo de cambio FIX USD/MXN"
2021-06-03,"SF43718",20.0605,"Tipo de cambio FIX USD/MXN"
2021-06-04,"SF43718",19.9328,"Tipo de cambio FIX USD/MXN"
2021-06-07,"SF43718",19.797,"Tipo de cambio FIX USD/MXN"
2021-06-08,"SF43718",19.7728,"Tipo de cambio FIX USD/MXN"
2021-06-09,"SF43718",19.6897,"Tipo de cambio FIX USD/MXN"
2021-06-10,"SF43718",19.7002,"Tipo de cambio FIX USD/MXN"
2021-06-11,"SF43718",19.8823,"Tipo de cambio FIX USD/MXN"
2021-06-14,"SF43718",19.9065,"Tipo de cambio FIX USD/MXN"
2021-06-15,"SF43718",20.1235,"Tipo de cambio FIX USD/MXN"
2021-06-16,"SF43718",20.0588,"Tipo de cambio FIX USD/MXN"
2021-06-17,"SF43718",20.4292,"Tipo de cambio FIX USD/MXN"
2021-06-18,"SF43718",20.7002,"Tipo de cambio FIX USD/MXN"
2021-06-21,"SF43718",20.6,"Tipo de cambio FIX USD/MXN"
2021-06-22,"SF43718",20.5712,"Tipo de cambio FIX USD/MXN"
2021-06-23,"SF43718",20.2505,"Tipo de cambio FIX USD/MXN"
2021-06-24,"SF43718",20.0483,"Tipo de cambio FIX USD/MXN"
2021-06-25,"SF43718",19.793,"Tipo de cambio FIX USD/MXN"
2021-06-28,"SF43718",19.8027,"Tipo de cambio FIX USD/MXN"
2021-06-29,"SF43718",19.8157,"Tipo de cambio FIX USD/MXN"
2021-06-30,"SF43718",19.9062,"Tipo de cambio FIX USD/MXN"
2021-07-01,"SF43718",20.0368,"Tipo de cambio FIX USD/MXN"
2021-07-02,"SF43718",19.8817,"Tipo de cambio FIX USD/MXN"
2021-07-05,"SF43718",19.8532,"Tipo de cambio FIX USD/MXN"
2021-07-06,"SF43718",19.9658,"Tipo de cambio FIX USD/MXN"
2021-07-07,"SF43718",19.9915,"Tipo de cambio FIX USD/MXN"
2021-07-08,"SF43718",20.007,"Tipo de cambio FIX USD/MXN"
2021-07-09,"SF43718",19.88,"Tipo de cambio FIX USD/MXN"
2021-07-12,"SF43718",19.8577,"Tipo de cambio FIX USD/MXN"
2021-07-13,"SF43718",19.9988,"Tipo de cambio FIX USD/MXN"
2021-07-14,"SF43718",19.8992,"Tipo de cambio FIX USD/MXN"
2021-07-15,"SF43718",19.9412,"Tipo de cambio FIX USD/MXN"
2021-07-16,"SF43718",19.8537,"Tipo de cambio FIX USD/MXN"
2021-07-19,"SF43718",20,"Tipo de cambio FIX USD/MXN"
2021-07-20,"SF43718",20.1348,"Tipo de cambio FIX USD/MXN"
2021-07-21,"SF43718",20.1907,"Tipo de cambio FIX USD/MXN"
2021-07-22,"SF43718",20.1812,"Tipo de cambio FIX USD/MXN"
2021-07-23,"SF43718",20.0238,"Tipo de cambio FIX USD/MXN"
2021-07-26,"SF43718",20.0245,"Tipo de cambio FIX USD/MXN"
2021-07-27,"SF43718",19.977,"Tipo de cambio FIX USD/MXN"
2021-07-28,"SF43718",19.9535,"Tipo de cambio FIX USD/MXN"
2021-07-29,"SF43718",19.8448,"Tipo de cambio FIX USD/MXN"
2021-07-30,"SF43718",19.8455,"Tipo de cambio FIX USD/MXN"
2021-08-02,"SF43718",19.852,"Tipo de cambio FIX USD/MXN"
2021-08-03,"SF43718",19.892,"Tipo de cambio FIX USD/MXN"
2021-08-04,"SF43718",19.9547,"Tipo de cambio FIX USD/MXN"
2021-08-05,"SF43718",19.9293,"Tipo de cambio FIX USD/MXN"
2021-08-06,"SF43718",20.0037,"Tipo de cambio FIX USD/MXN"
2021-08-09,"SF43718",20.0648,"Tipo de cambio FIX USD/MXN"
2021-08-10,"SF43718",20.1038,"Tipo de cambio FIX USD/MXN"
2021-08-11,"SF43718",19.953,"Tipo de cambio FIX USD/MXN"
2021-08-12,"SF43718",19.8907,"Tipo de cambio FIX USD/MXN"
2021-08-13,"SF43718",19.8603,"Tipo de cambio FIX USD/MXN"
2021-08-16,"SF43718",19.8863,"Tipo de cambio FIX USD/MXN"
2021-08-17,"SF43718",19.9912,"Tipo de cambio FIX USD/MXN"
2021-08-18,"SF43718",20.0107,"Tipo de cambio FIX USD/MXN"
2021-08-19,"SF43718",20.1175,"Tipo de cambio FIX USD/MXN"
2021-08-20,"SF43718",20.402,"Tipo de cambio FIX USD/MXN"
2021-08-23,"SF43718",20.3907,"Tipo de cambio FIX USD/MXN"
2021-08-24,"SF43718",20.2967,"Tipo de cambio FIX USD/MXN"
2021-08-25,"SF43718",20.2933,"Tipo de cambio FIX USD/MXN"
2021-08-26,"SF43718",20.3522,"Tipo de cambio FIX USD/MXN"
2021-08-27,"SF43718",20.2293,"Tipo de cambio FIX USD/MXN"
2021-08-30,"SF43718",20.1403,"Tipo de cambio FIX USD/MXN"
2021-08-31,"SF43718",20.0605,"Tipo de cambio FIX USD/MXN"
2021-09-01,"SF43718",19.9615,"Tipo de cambio FIX USD/MXN"
2021-09-02,"SF43718",19.9703,"Tipo de cambio FIX USD/MXN"
2021-09-03,"SF43718",19.8992,"Tipo de cambio FIX USD/MXN"
2021-09-06,"SF43718",19.8878,"Tipo de cambio FIX USD/MXN"
2021-09-07,"SF43718",19.944,"Tipo de cambio FIX USD/MXN"
2021-09-08,"SF43718",19.9383,"Tipo de cambio FIX USD/MXN"
2021-09-09,"SF43718",19.9318,"Tipo de cambio FIX USD/MXN"
2021-09-10,"SF43718",19.8717,"Tipo de cambio FIX USD/MXN"
2021-09-13,"SF43718",19.8677,"Tipo de cambio FIX USD/MXN"
2021-09-14,"SF43718",19.9035,"Tipo de cambio FIX USD/MXN"
2021-09-15,"SF43718",19.9003,"Tipo de cambio FIX USD/MXN"
2021-09-17,"SF43718",19.9853,"Tipo de cambio FIX USD/MXN"
2021-09-20,"SF43718",20.1735,"Tipo de cambio FIX USD/MXN"
2021-09-21,"SF43718",20.1438,"Tipo de cambio FIX USD/MXN"
2021-09-22,"SF43718",20.0328,"Tipo de cambio FIX USD/MXN"
2021-09-23,"SF43718",20.028,"Tipo de cambio FIX USD/MXN"
2021-09-24,"SF43718",20.1118,"Tipo de cambio FIX USD/MXN"
2021-09-27,"SF43718",20.1052,"Tipo de cambio FIX USD/MXN"
2021-09-28,"SF43718",20.306,"Tipo de cambio FIX USD/MXN"
2021-09-29,"SF43718",20.4977,"Tipo de cambio FIX USD/MXN"
2021-09-30,"SF43718",20.5623,"Tipo de cambio FIX USD/MXN"
2021-10-01,"SF43718",20.5103,"Tipo de cambio FIX USD/MXN"
2021-10-04,"SF43718",20.5747,"Tipo de cambio FIX USD/MXN"
2021-10-05,"SF43718",20.5818,"Tipo de cambio FIX USD/MXN"
2021-10-06,"SF43718",20.6947,"Tipo de cambio FIX USD/MXN"
2021-10-07,"SF43718",20.604,"Tipo de cambio FIX USD/MXN"
2021-10-08,"SF43718",20.7293,"Tipo de cambio FIX USD/MXN"
2021-10-11,"SF43718",20.8017,"Tipo de cambio FIX USD/MXN"
2021-10-12,"SF43718",20.7767,"Tipo de cambio FIX USD/MXN"
2021-10-13,"SF43718",20.6827,"Tipo de cambio FIX USD/MXN"
2021-10-14,"SF43718",20.6075,"Tipo de cambio FIX USD/MXN"
2021-10-15,"SF43718",20.4672,"Tipo de cambio FIX USD/MXN"
2021-10-18,"SF43718",20.3587,"Tipo de cambio FIX USD/MXN"
2021-10-19,"SF43718",20.2647,"Tipo de cambio FIX USD/MXN"
2021-10-20,"SF43718",20.185,"Tipo de cambio FIX USD/MXN"
2021-10-21,"SF43718",20.2643,"Tipo de cambio FIX USD/MXN"
2021-10-22,"SF43718",20.1837,"Tipo de cambio FIX USD/MXN"
2021-10-25,"SF43718",20.1897,"Tipo de cambio FIX USD/MXN"
2021-10-26,"SF43718",20.1888,"Tipo de cambio FIX USD/MXN"
2021-10-27,"SF43718",20.193,"Tipo de cambio FIX USD/MXN"
2021-10-28,"SF43718",20.3255,"Tipo de cambio FIX USD/MXN"
2021-10-29,"SF43718",20.5297,"Tipo de cambio FIX USD/MXN"
2021-11-01,"SF43718",20.8598,"Tipo de cambio FIX USD/MXN"
2021-11-03,"SF43718",20.8352,"Tipo de cambio FIX USD/MXN"
2021-11-04,"SF43718",20.6242,"Tipo de cambio FIX USD/MXN"
2021-11-05,"SF43718",20.3925,"Tipo de cambio FIX USD/MXN"
2021-11-08,"SF43718",20.3265,"Tipo de cambio FIX USD/MXN"
2021-11-09,"SF43718",20.2833,"Tipo de cambio FIX USD/MXN"
2021-11-10,"SF43718",20.4702,"Tipo de cambio FIX USD/MXN"
2021-11-11,"SF43718",20.4652,"Tipo de cambio FIX USD/MXN"
2021-11-12,"SF43718",20.5072,"Tipo de cambio FIX USD/MXN"
2021-11-16,"SF43718",20.8092,"Tipo de cambio FIX USD/MXN"
2021-11-17,"SF43718",20.6912,"Tipo de cambio FIX USD/MXN"
2021-11-18,"SF43718",20.7628,"Tipo de cambio FIX USD/MXN"
2021-11-19,"SF43718",20.8283,"Tipo de cambio FIX USD/MXN"
2021-11-22,"SF43718",20.9632,"Tipo de cambio FIX USD/MXN"
2021-11-23,"SF43718",21.2107,"Tipo de cambio FIX USD/MXN"
2021-11-24,"SF43718",21.4357,"Tipo de cambio FIX USD/MXN"
2021-11-25,"SF43718",21.5462,"Tipo de cambio FIX USD/MXN"
2021-11-26,"SF43718",21.8185,"Tipo de cambio FIX USD/MXN"
2021-11-29,"SF43718",21.7333,"Tipo de cambio FIX USD/MXN"
2021-11-30,"SF43718",21.4453,"Tipo de cambio FIX USD/MXN"
2021-12-01,"SF43718",21.271,"Tipo de cambio FIX USD/MXN"
2021-12-02,"SF43718",21.3033,"Tipo de cambio FIX USD/MXN"
2021-12-03,"SF43718",21.4177,"Tipo de cambio FIX USD/MXN"
2021-12-06,"SF43718",21.2047,"Tipo de cambio FIX USD/MXN"
2021-12-07,"SF43718",21.0907,"Tipo de cambio FIX USD/MXN"
2021-12-08,"SF43718",20.933,"Tipo de cambio FIX USD/MXN"
2021-12-09,"SF43718",21.0328,"Tipo de cambio FIX USD/MXN"
2021-12-10,"SF43718",20.8922,"Tipo de cambio FIX USD/MXN"
2021-12-13,"SF43718",20.9383,"Tipo de cambio FIX USD/MXN"
2021-12-14,"SF43718",21.165,"Tipo de cambio FIX USD/MXN"
2021-12-15,"SF43718",21.2393,"Tipo de cambio FIX USD/MXN"
2021-12-16,"SF43718",20.9238,"Tipo de cambio FIX USD/MXN"
2021-12-17,"SF43718",20.7337,"Tipo de cambio FIX USD/MXN"
2021-12-20,"SF43718",20.7363,"Tipo de cambio FIX USD/MXN"
2021-12-21,"SF43718",20.7823,"Tipo de cambio FIX USD/MXN"
2021-12-22,"SF43718",20.7527,"Tipo de cambio FIX USD/MXN"
2021-12-23,"SF43718",20.6582,"Tipo de cambio FIX USD/MXN"
2021-12-24,"SF43718",20.6112,"Tipo de cambio FIX USD/MXN"
2021-12-27,"SF43718",20.6828,"Tipo de cambio FIX USD/MXN"
2021-12-28,"SF43718",20.577,"Tipo de cambio FIX USD/MXN"
2021-12-29,"SF43718",20.5835,"Tipo de cambio FIX USD/MXN"
2021-12-30,"SF43718",20.5157,"Tipo de cambio FIX USD/MXN"
2021-12-31,"SF43718",20.4672,"Tipo de cambio FIX USD/MXN"
2022-01-03,"SF43718",20.589,"Tipo de cambio FIX USD/MXN"
2022-01-04,"SF43718",20.4742,"Tipo de cambio FIX USD/MXN"
2022-01-05,"SF43718",20.3977,"Tipo de cambio FIX USD/MXN"
2022-01-06,"SF43718",20.4588,"Tipo de cambio FIX USD/MXN"
2022-01-07,"SF43718",20.4237,"Tipo de cambio FIX USD/MXN"
2022-01-10,"SF43718",20.4453,"Tipo de cambio FIX USD/MXN"
2022-01-11,"SF43718",20.3785,"Tipo de cambio FIX USD/MXN"
2022-01-12,"SF43718",20.366,"Tipo de cambio FIX USD/MXN"
2022-01-13,"SF43718",20.3607,"Tipo de cambio FIX USD/MXN"
2022-01-14,"SF43718",20.3118,"Tipo de cambio FIX USD/MXN"
2022-01-17,"SF43718",20.3002,"Tipo de cambio FIX USD/MXN"
2022-01-18,"SF43718",20.403,"Tipo de cambio FIX USD/MXN"
2022-01-19,"SF43718",20.46,"Tipo de cambio FIX USD/MXN"
2022-01-20,"SF43718",20.4507,"Tipo de cambio FIX USD/MXN"
2022-01-21,"SF43718",20.4598,"Tipo de cambio FIX USD/MXN"
2022-01-24,"SF43718",20.6308,"Tipo de cambio FIX USD/MXN"
2022-01-25,"SF43718",20.6683,"Tipo de cambio FIX USD/MXN"
2022-01-26,"SF43718",20.6415,"Tipo de cambio FIX USD/MXN"
2022-01-27,"SF43718",20.7383,"Tipo de cambio FIX USD/MXN"
2022-01-28,"SF43718",20.8597,"Tipo de cambio FIX USD/MXN"
2022-01-31,"SF43718",20.6352,"Tipo de cambio FIX USD/MXN"
2022-02-01,"SF43718",20.58,"Tipo de cambio FIX USD/MXN"
2022-02-02,"SF43718",20.6003,"Tipo de cambio FIX USD/MXN"
2022-02-03,"SF43718",20.5562,"Tipo de cambio FIX USD/MXN"
2022-02-04,"SF43718",20.7325,"Tipo de cambio FIX USD/MXN"
2022-02-08,"SF43718",20.6413,"Tipo de cambio FIX USD/MXN"
2022-02-09,"SF43718",20.5008,"Tipo de cambio FIX USD/MXN"
2022-02-10,"SF43718",20.4148,"Tipo de cambio FIX USD/MXN"
2022-02-11,"SF43718",20.4188,"Tipo de cambio FIX USD/MXN"
2022-02-14,"SF43718",20.411,"Tipo de cambio FIX USD/MXN"
2022-02-15,"SF43718",20.3992,"Tipo de cambio FIX USD/MXN"
2022-02-16,"SF43718",20.3335,"Tipo de cambio FIX USD/MXN"
2022-02-17,"SF43718",20.2978,"Tipo de cambio FIX USD/MXN"
2022-02-18,"SF43718",20.3063,"Tipo de cambio FIX USD/MXN"
2022-02-21,"SF43718",20.2825,"Tipo de cambio FIX USD/MXN"
2022-02-22,"SF43718",20.2977,"Tipo de cambio FIX USD/MXN"
2022-02-23,"SF43718",20.2435,"Tipo de cambio FIX USD/MXN"
2022-02-24,"SF43718",20.6525,"Tipo de cambio FIX USD/MXN"
2022-02-25,"SF43718",20.4465,"Tipo de cambio FIX USD/MXN"
2022-02-28,"SF43718",20.4257,"Tipo de cambio FIX USD/MXN"
2022-03-01,"SF43718",20.5272,"Tipo de cambio FIX USD/MXN"
2022-03-02,"SF43718",20.7193,"Tipo de cambio FIX USD/MXN"
2022-03-03,"SF43718",20.7033,"Tipo de cambio FIX USD/MXN"
2022-03-04,"SF43718",20.9262,"Tipo de cambio FIX USD/MXN"
2022-03-07,"SF43718",21.1947,"Tipo de cambio FIX USD/MXN"
2022-03-08,"SF43718",21.3775,"Tipo de cambio FIX USD/MXN"
2022-03-09,"SF43718",20.9677,"Tipo de cambio FIX USD/MXN"
2022-03-10,"SF43718",20.9743,"Tipo de cambio FIX USD/MXN"
2022-03-11,"SF43718",20.9695,"Tipo de cambio FIX USD/MXN"
2022-03-14,"SF43718",20.8908,"Tipo de cambio FIX USD/MXN"
2022-03-15,"SF43718",20.8743,"Tipo de cambio FIX USD/MXN"
2022-03-16,"SF43718",20.7035,"Tipo de cambio FIX USD/MXN"
2022-03-17,"SF43718",20.5585,"Tipo de cambio FIX USD/MXN"
2022-03-18,"SF43718",20.4145,"Tipo de cambio FIX USD/MXN"
2022-03-22,"SF43718",20.2782,"Tipo de cambio FIX USD/MXN"
2022-03-23,"SF43718",20.18,"Tipo de cambio FIX USD/MXN"
2022-03-24,"SF43718",20.1313,"Tipo de cambio FIX USD/MXN"
2022-03-25,"SF43718",19.9577,"Tipo de cambio FIX USD/MXN"
2022-03-28,"SF43718",20.1195,"Tipo de cambio FIX USD/MXN"
2022-03-29,"SF43718",19.9942,"Tipo de cambio FIX USD/MXN"
2022-03-30,"SF43718",19.8632,"Tipo de cambio FIX USD/MXN"
2022-03-31,"SF43718",19.9112,"Tipo de cambio FIX USD/MXN"
2022-04-01,"SF43718",19.8432,"Tipo de cambio FIX USD/MXN"
2022-04-04,"SF43718",19.7443,"Tipo de cambio FIX USD/MXN"
2022-04-05,"SF43718",19.9012,"Tipo de cambio FIX USD/MXN"
2022-04-06,"SF43718",20.0665,"Tipo de cambio FIX USD/MXN"
2022-04-07,"SF43718",20.1605,"Tipo de cambio FIX USD/MXN"
2022-04-08,"SF43718",20.12,"Tipo de cambio FIX USD/MXN"
2022-04-11,"SF43718",20.0093,"Tipo de cambio FIX USD/MXN"
2022-04-12,"SF43718",19.8407,"Tipo de cambio FIX USD/MXN"
2022-04-13,"SF43718",19.7967,"Tipo de cambio FIX USD/MXN"
2022-04-18,"SF43718",19.9377,"Tipo de cambio FIX USD/MXN"
2022-04-19,"SF43718",20.0447,"Tipo de cambio FIX USD/MXN"
2022-04-20,"SF43718",20.0383,"Tipo de cambio FIX USD/MXN"
2022-04-21,"SF43718",20.1802,"Tipo de cambio FIX USD/MXN"
2022-04-22,"SF43718",20.3183,"Tipo de cambio FIX USD/MXN"
2022-04-25,"SF43718",20.2992,"Tipo de cambio FIX USD/MXN"
2022-04-26,"SF43718",20.356,"Tipo de cambio FIX USD/MXN"
2022-04-27,"SF43718",20.4707,"Tipo de cambio FIX USD/MXN"
2022-04-28,"SF43718",20.567,"Tipo de cambio FIX USD/MXN"
2022-04-29,"SF43718",20.3728,"Tipo de cambio FIX USD/MXN"
2022-05-02,"SF43718",20.4075,"Tipo de cambio FIX USD/MXN"
2022-05-03,"SF43718",20.335,"Tipo de cambio FIX USD/MXN"
2022-05-04,"SF43718",20.2535,"Tipo de cambio FIX USD/MXN"
2022-05-05,"SF43718",20.2218,"Tipo de cambio FIX USD/MXN"
2022-05-06,"SF43718",20.1085,"Tipo de cambio FIX USD/MXN"
2022-05-09,"SF43718",20.3172,"Tipo de cambio FIX USD/MXN"
2022-05-10,"SF43718",20.372,"Tipo de cambio FIX USD/MXN"
2022-05-11,"SF43718",20.2592,"Tipo de cambio FIX USD/MXN"
2022-05-12,"SF43718",20.32,"Tipo de cambio FIX USD/MXN"
2022-05-13,"SF43718",20.1443,"Tipo de cambio FIX USD/MXN"
2022-05-16,"SF43718",20.0782,"Tipo de cambio FIX USD/MXN"
2022-05-17,"SF43718",19.9637,"Tipo de cambio FIX USD/MXN"
2022-05-18,"SF43718",19.9663,"Tipo de cambio FIX USD/MXN"
2022-05-19,"SF43718",19.9267,"Tipo de cambio FIX USD/MXN"
2022-05-20,"SF43718",19.8657,"Tipo de cambio FIX USD/MXN"
2022-05-23,"SF43718",19.8282,"Tipo de cambio FIX USD/MXN"
2022-05-24,"SF43718",19.887,"Tipo de cambio FIX USD/MXN"
2022-05-25,"SF43718",19.8377,"Tipo de cambio FIX USD/MXN"
2022-05-26,"SF43718",19.7933,"Tipo de cambio FIX USD/MXN"
2022-05-27,"SF43718",19.5965,"Tipo de cambio FIX USD/MXN"
2022-05-30,"SF43718",19.4953,"Tipo de cambio FIX USD/MXN"
2022-05-31,"SF43718",19.694,"Tipo de cambio FIX USD/MXN"
2022-06-01,"SF43718",19.7388,"Tipo de cambio FIX USD/MXN"
2022-06-02,"SF43718",19.5585,"Tipo de cambio FIX USD/MXN"
2022-06-03,"SF43718",19.5742,"Tipo de cambio FIX USD/MXN"
2022-06-06,"SF43718",19.5547,"Tipo de cambio FIX USD/MXN"
2022-06-07,"SF43718",19.5998,"Tipo de cambio FIX USD/MXN"
2022-06-08,"SF43718",19.59,"Tipo de cambio FIX USD/MXN"
2022-06-09,"SF43718",19.6128,"Tipo de cambio FIX USD/MXN"
2022-06-10,"SF43718",19.9297,"Tipo de cambio FIX USD/MXN"
2022-06-13,"SF43718",20.4527,"Tipo de cambio FIX USD/MXN"
2022-06-14,"SF43718",20.6583,"Tipo de cambio FIX USD/MXN"
2022-06-15,"SF43718",20.6675,"Tipo de cambio FIX USD/MXN"
2022-06-16,"SF43718",20.5728,"Tipo de cambio FIX USD/MXN"
2022-06-17,"SF43718",20.476,"Tipo de cambio FIX USD/MXN"
2022-06-20,"SF43718",20.2442,"Tipo de cambio FIX USD/MXN"
2022-06-21,"SF43718",20.1963,"Tipo de cambio FIX USD/MXN"
2022-06-22,"SF43718",20.0465,"Tipo de cambio FIX USD/MXN"
2022-06-23,"SF43718",20.0365,"Tipo de cambio FIX USD/MXN"
2022-06-24,"SF43718",19.8707,"Tipo de cambio FIX USD/MXN"
2022-06-27,"SF43718",19.8797,"Tipo de cambio FIX USD/MXN"
2022-06-28,"SF43718",19.9847,"Tipo de cambio FIX USD/MXN"
2022-06-29,"SF43718",20.1443,"Tipo de cambio FIX USD/MXN"
2022-06-30,"SF43718",20.1335,"Tipo de cambio FIX USD/MXN"
2022-07-01,"SF43718",20.3817,"Tipo de cambio FIX USD/MXN"
2022-07-04,"SF43718",20.2877,"Tipo de cambio FIX USD/MXN"
2022-07-05,"SF43718",20.5598,"Tipo de cambio FIX USD/MXN"
2022-07-06,"SF43718",20.7228,"Tipo de cambio FIX USD/MXN"
2022-07-07,"SF43718",20.6022,"Tipo de cambio FIX USD/MXN"
2022-07-08,"SF43718",20.4423,"Tipo de cambio FIX USD/MXN"
2022-07-11,"SF43718",20.7473,"Tipo de cambio FIX USD/MXN"
2022-07-12,"SF43718",20.7882,"Tipo de cambio FIX USD/MXN"
2022-07-13,"SF43718",20.7613,"Tipo de cambio FIX USD/MXN"
2022-07-14,"SF43718",20.9415,"Tipo de cambio FIX USD/MXN"
2022-07-15,"SF43718",20.611,"Tipo de cambio FIX USD/MXN"
2022-07-18,"SF43718",20.3957,"Tipo de cambio FIX USD/MXN"
2022-07-19,"SF43718",20.4407,"Tipo de cambio FIX USD/MXN"
2022-07-20,"SF43718",20.4913,"Tipo de cambio FIX USD/MXN"
2022-07-21,"SF43718",20.6562,"Tipo de cambio FIX USD/MXN"
2022-07-22,"SF43718",20.515,"Tipo de cambio FIX USD/MXN"
2022-07-25,"SF43718",20.4652,"Tipo de cambio FIX USD/MXN"
2022-07-26,"SF43718",20.433,"Tipo de cambio FIX USD/MXN"
2022-07-27,"SF43718",20.512,"Tipo de cambio FIX USD/MXN"
2022-07-28,"SF43718",20.3778,"Tipo de cambio FIX USD/MXN"
2022-07-29,"SF43718",20.3485,"Tipo de cambio FIX USD/MXN"
2022-08-01,"SF43718",20.2633,"Tipo de cambio FIX USD/MXN"
2022-08-02,"SF43718",20.5152,"Tipo de cambio FIX USD/MXN"
2022-08-03,"SF43718",20.6305,"Tipo de cambio FIX USD/MXN"
2022-08-04,"SF43718",20.3358,"Tipo de cambio FIX USD/MXN"
2022-08-05,"SF43718",20.401,"Tipo de cambio FIX USD/MXN"
2022-08-08,"SF43718",20.2789,"Tipo de cambio FIX USD/MXN"
2022-08-09,"SF43718",20.2715,"Tipo de cambio FIX USD/MXN"
2022-08-10,"SF43718",19.9562,"Tipo de cambio FIX USD/MXN"
2022-08-11,"SF43718",19.9595,"Tipo de cambio FIX USD/MXN"
2022-08-12,"SF43718",19.874,"Tipo de cambio FIX USD/MXN"
2022-08-15,"SF43718",19.8618,"Tipo de cambio FIX USD/MXN"
2022-08-16,"SF43718",19.9303,"Tipo de cambio FIX USD/MXN"
2022-08-17,"SF43718",20.0387,"Tipo de cambio FIX USD/MXN"
2022-08-18,"SF43718",20.0835,"Tipo de cambio FIX USD/MXN"
2022-08-19,"SF43718",20.1957,"Tipo de cambio FIX USD/MXN"
2022-08-22,"SF43718",20.1598,"Tipo de cambio FIX USD/MXN"
2022-08-23,"SF43718",19.9982,"Tipo de cambio FIX USD/MXN"
2022-08-24,"SF43718",19.9198,"Tipo de cambio FIX USD/MXN"
2022-08-25,"SF43718",19.9437,"Tipo de cambio FIX USD/MXN"
2022-08-26,"SF43718",19.9268,"Tipo de cambio FIX USD/MXN"
2022-08-29,"SF43718",19.9945,"Tipo de cambio FIX USD/MXN"
2022-08-30,"SF43718",20.1465,"Tipo de cambio FIX USD/MXN"
2022-08-31,"SF43718",20.0962,"Tipo de cambio FIX USD/MXN"
2022-09-01,"SF43718",20.2473,"Tipo de cambio FIX USD/MXN"
2022-09-02,"SF43718",19.9753,"Tipo de cambio FIX USD/MXN"
2022-09-05,"SF43718",19.962,"Tipo de cambio FIX USD/MXN"
2022-09-06,"SF43718",20.138,"Tipo de cambio FIX USD/MXN"
2022-09-07,"SF43718",20.0297,"Tipo de cambio FIX USD/MXN"
2022-09-08,"SF43718",20.0203,"Tipo de cambio FIX USD/MXN"
2022-09-09,"SF43718",19.9027,"Tipo de cambio FIX USD/MXN"
2022-09-12,"SF43718",19.7957,"Tipo de cambio FIX USD/MXN"
2022-09-13,"SF43718",20.055,"Tipo de cambio FIX USD/MXN"
2022-09-14,"SF43718",19.9768,"Tipo de cambio FIX USD/MXN"
2022-09-15,"SF43718",20.0525,"Tipo de cambio FIX USD/MXN"
2022-09-19,"SF43718",19.9943,"Tipo de cambio FIX USD/MXN"
2022-09-20,"SF43718",20,"Tipo de cambio FIX USD/MXN"
2022-09-21,"SF43718",20.0027,"Tipo de cambio FIX USD/MXN"
2022-09-22,"SF43718",19.9608,"Tipo de cambio FIX USD/MXN"
2022-09-23,"SF43718",20.1627,"Tipo de cambio FIX USD/MXN"
2022-09-26,"SF43718",20.3517,"Tipo de cambio FIX USD/MXN"
2022-09-27,"SF43718",20.357,"Tipo de cambio FIX USD/MXN"
2022-09-28,"SF43718",20.3058,"Tipo de cambio FIX USD/MXN"
2022-09-29,"SF43718",20.1927,"Tipo de cambio FIX USD/MXN"
2022-09-30,"SF43718",20.0925,"Tipo de cambio FIX USD/MXN"
2022-10-03,"SF43718",20.0008,"Tipo de cambio FIX USD/MXN"
2022-10-04,"SF43718",19.9698,"Tipo de cambio FIX USD/MXN"
2022-10-05,"SF43718",20.1267,"Tipo de cambio FIX USD/MXN"
2022-10-06,"SF43718",20.1087,"Tipo de cambio FIX USD/MXN"
2022-10-07,"SF43718",20.0502,"Tipo de cambio FIX USD/MXN"
2022-10-10,"SF43718",19.9752,"Tipo de cambio FIX USD/MXN"
2022-10-11,"SF43718",19.9652,"Tipo de cambio FIX USD/MXN"
2022-10-12,"SF43718",20.0352,"Tipo de cambio FIX USD/MXN"
2022-10-13,"SF43718",20.0398,"Tipo de cambio FIX USD/MXN"
2022-10-14,"SF43718",20.0838,"Tipo de cambio FIX USD/MXN"
2022-10-17,"SF43718",19.9913,"Tipo de cambio FIX USD/MXN"
2022-10-18,"SF43718",20.0207,"Tipo de cambio FIX USD/MXN"
2022-10-19,"SF43718",20.1272,"Tipo de cambio FIX USD/MXN"
2022-10-20,"SF43718",20.0448,"Tipo de cambio FIX USD/MXN"
2022-10-21,"SF43718",19.9647,"Tipo de cambio FIX USD/MXN"
2022-10-24,"SF43718",19.9535,"Tipo de cambio FIX USD/MXN"
2022-10-25,"SF43718",19.8712,"Tipo de cambio FIX USD/MXN"
2022-10-26,"SF43718",19.8553,"Tipo de cambio FIX USD/MXN"
2022-10-27,"SF43718",19.8365,"Tipo de cambio FIX USD/MXN"
2022-10-28,"SF43718",19.8303,"Tipo de cambio FIX USD/MXN"
2022-10-31,"SF43718",19.8245,"Tipo de cambio FIX USD/MXN"
2022-11-01,"SF43718",19.7463,"Tipo de cambio FIX USD/MXN"
2022-11-03,"SF43718",19.6673,"Tipo de cambio FIX USD/MXN"
2022-11-04,"SF43718",19.5202,"Tipo de cambio FIX USD/MXN"
2022-11-07,"SF43718",19.4647,"Tipo de cambio FIX USD/MXN"
2022-11-08,"SF43718",19.4775,"Tipo de cambio FIX USD/MXN"
2022-11-09,"SF43718",19.5887,"Tipo de cambio FIX USD/MXN"
2022-11-10,"SF43718",19.394,"Tipo de cambio FIX USD/MXN"
2022-11-11,"SF43718",19.5353,"Tipo de cambio FIX USD/MXN"
2022-11-14,"SF43718",19.4015,"Tipo de cambio FIX USD/MXN"
2022-11-15,"SF43718",19.3818,"Tipo de cambio FIX USD/MXN"
2022-11-16,"SF43718",19.3137,"Tipo de cambio FIX USD/MXN"
2022-11-17,"SF43718",19.4333,"Tipo de cambio FIX USD/MXN"
2022-11-18,"SF43718",19.493,"Tipo de cambio FIX USD/MXN"
2022-11-22,"SF43718",19.4667,"Tipo de cambio FIX USD/MXN"
2022-11-23,"SF43718",19.3683,"Tipo de cambio FIX USD/MXN"
2022-11-24,"SF43718",19.3692,"Tipo de cambio FIX USD/MXN"
2022-11-25,"SF43718",19.3393,"Tipo de cambio FIX USD/MXN"
2022-11-28,"SF43718",19.325,"Tipo de cambio FIX USD/MXN"
2022-11-29,"SF43718",19.216,"Tipo de cambio FIX USD/MXN"
2022-11-30,"SF43718",19.3965,"Tipo de cambio FIX USD/MXN"
2022-12-01,"SF43718",19.1433,"Tipo de cambio FIX USD/MXN"
2022-12-02,"SF43718",19.3422,"Tipo de cambio FIX USD/MXN"
2022-12-05,"SF43718",19.7567,"Tipo de cambio FIX USD/MXN"
2022-12-06,"SF43718",19.803,"Tipo de cambio FIX USD/MXN"
2022-12-07,"SF43718",19.6977,"Tipo de cambio FIX USD/MXN"
2022-12-08,"SF43718",19.6732,"Tipo de cambio FIX USD/MXN"
2022-12-09,"SF43718",19.8192,"Tipo de cambio FIX USD/MXN"
2022-12-13,"SF43718",19.6458,"Tipo de cambio FIX USD/MXN"
2022-12-14,"SF43718",19.6955,"Tipo de cambio FIX USD/MXN"
2022-12-15,"SF43718",19.7963,"Tipo de cambio FIX USD/MXN"
2022-12-16,"SF43718",19.7932,"Tipo de cambio FIX USD/MXN"
2022-12-19,"SF43718",19.7557,"Tipo de cambio FIX USD/MXN"
2022-12-20,"SF43718",19.7482,"Tipo de cambio FIX USD/MXN"
2022-12-21,"SF43718",19.6932,"Tipo de cambio FIX USD/MXN"
2022-12-22,"SF43718",19.574,"Tipo de cambio FIX USD/MXN"
2022-12-23,"SF43718",19.4287,"Tipo de cambio FIX USD/MXN"
2022-12-26,"SF43718",19.3983,"Tipo de cambio FIX USD/MXN"
2022-12-27,"SF43718",19.4407,"Tipo de cambio FIX USD/MXN"
2022-12-28,"SF43718",19.4143,"Tipo de cambio FIX USD/MXN"
2022-12-29,"SF43718",19.3615,"Tipo de cambio FIX USD/MXN"
2022-12-30,"SF43718",19.4715,"Tipo de cambio FIX USD/MXN"
2023-01-02,"SF43718",19.4883,"Tipo de cambio FIX USD/MXN"
2023-01-03,"SF43718",19.422,"Tipo de cambio FIX USD/MXN"
2023-01-04,"SF43718",19.3568,"Tipo de cambio FIX USD/MXN"
2023-01-05,"SF43718",19.3672,"Tipo de cambio FIX USD/MXN"
2023-01-06,"SF43718",19.1753,"Tipo de cambio FIX USD/MXN"
2023-01-09,"SF43718",19.1648,"Tipo de cambio FIX USD/MXN"
2023-01-10,"SF43718",19.1108,"Tipo de cambio FIX USD/MXN"
2023-01-11,"SF43718",19.026,"Tipo de cambio FIX USD/MXN"
2023-01-12,"SF43718",18.8735,"Tipo de cambio FIX USD/MXN"
2023-01-13,"SF43718",18.7922,"Tipo de cambio FIX USD/MXN"
2023-01-16,"SF43718",18.7913,"Tipo de cambio FIX USD/MXN"
2023-01-17,"SF43718",18.7493,"Tipo de cambio FIX USD/MXN"
2023-01-18,"SF43718",18.7493,"Tipo de cambio FIX USD/MXN"
2023-01-19,"SF43718",19.0327,"Tipo de cambio FIX USD/MXN"
2023-01-20,"SF43718",18.9257,"Tipo de cambio FIX USD/MXN"
2023-01-23,"SF43718",18.8267,"Tipo de cambio FIX USD/MXN"
2023-01-24,"SF43718",18.8318,"Tipo de cambio FIX USD/MXN"
2023-01-25,"SF43718",18.82,"Tipo de cambio FIX USD/MXN"
2023-01-26,"SF43718",18.8355,"Tipo de cambio FIX USD/MXN"
2023-01-27,"SF43718",18.7872,"Tipo de cambio FIX USD/MXN"
2023-01-30,"SF43718",18.7793,"Tipo de cambio FIX USD/MXN"
2023-01-31,"SF43718",18.7937,"Tipo de cambio FIX USD/MXN"
2023-02-01,"SF43718",18.739,"Tipo de cambio FIX USD/MXN"
2023-02-02,"SF43718",18.6232,"Tipo de cambio FIX USD/MXN"
2023-02-03,"SF43718",18.8895,"Tipo de cambio FIX USD/MXN"
2023-02-07,"SF43718",19.0517,"Tipo de cambio FIX USD/MXN"
2023-02-08,"SF43718",18.9435,"Tipo de cambio FIX USD/MXN"
2023-02-09,"SF43718",18.9543,"Tipo de cambio FIX USD/MXN"
2023-02-10,"SF43718",18.6893,"Tipo de cambio FIX USD/MXN"
2023-02-13,"SF43718",18.6327,"Tipo de cambio FIX USD/MXN"
2023-02-14,"SF43718",18.5383,"Tipo de cambio FIX USD/MXN"
2023-02-15,"SF43718",18.6428,"Tipo de cambio FIX USD/MXN"
2023-02-16,"SF43718",18.5497,"Tipo de cambio FIX USD/MXN"
2023-02-17,"SF43718",18.4142,"Tipo de cambio FIX USD/MXN"
2023-02-20,"SF43718",18.397,"Tipo de cambio FIX USD/MXN"
2023-02-21,"SF43718",18.3938,"Tipo de cambio FIX USD/MXN"
2023-02-22,"SF43718",18.3483,"Tipo de cambio FIX USD/MXN"
2023-02-23,"SF43718",18.4107,"Tipo de cambio FIX USD/MXN"
2023-02-24,"SF43718",18.4023,"Tipo de cambio FIX USD/MXN"
2023-02-27,"SF43718",18.4077,"Tipo de cambio FIX USD/MXN"
2023-02-28,"SF43718",18.3448,"Tipo de cambio FIX USD/MXN"
2023-03-01,"SF43718",18.17,"Tipo de cambio FIX USD/MXN"
2023-03-02,"SF43718",18.126,"Tipo de cambio FIX USD/MXN"
2023-03-03,"SF43718",18.0123,"Tipo de cambio FIX USD/MXN"
2023-03-06,"SF43718",18.0122,"Tipo de cambio FIX USD/MXN"
2023-03-07,"SF43718",18.1155,"Tipo de cambio FIX USD/MXN"
2023-03-08,"SF43718",17.9662,"Tipo de cambio FIX USD/MXN"
2023-03-09,"SF43718",18.0577,"Tipo de cambio FIX USD/MXN"
2023-03-10,"SF43718",18.4083,"Tipo de cambio FIX USD/MXN"
2023-03-13,"SF43718",18.8302,"Tipo de cambio FIX USD/MXN"
2023-03-14,"SF43718",18.6427,"Tipo de cambio FIX USD/MXN"
2023-03-15,"SF43718",18.9972,"Tipo de cambio FIX USD/MXN"
2023-03-16,"SF43718",18.9095,"Tipo de cambio FIX USD/MXN"
2023-03-17,"SF43718",18.8977,"Tipo de cambio FIX USD/MXN"
2023-03-21,"SF43718",18.6755,"Tipo de cambio FIX USD/MXN"
2023-03-22,"SF43718",18.5437,"Tipo de cambio FIX USD/MXN"
2023-03-23,"SF43718",18.4902,"Tipo de cambio FIX USD/MXN"
2023-03-24,"SF43718",18.5178,"Tipo de cambio FIX USD/MXN"
2023-03-27,"SF43718",18.383,"Tipo de cambio FIX USD/MXN"
2023-03-28,"SF43718",18.2523,"Tipo de cambio FIX USD/MXN"
2023-03-29,"SF43718",18.1052,"Tipo de cambio FIX USD/MXN"
2023-03-30,"SF43718",18.0932,"Tipo de cambio FIX USD/MXN"
2023-03-31,"SF43718",18.0415,"Tipo de cambio FIX USD/MXN"
2023-04-03,"SF43718",18.107,"Tipo de cambio FIX USD/MXN"
2023-04-04,"SF43718",18.1185,"Tipo de cambio FIX USD/MXN"
2023-04-05,"SF43718",18.3323,"Tipo de cambio FIX USD/MXN"
2023-04-10,"SF43718",18.1765,"Tipo de cambio FIX USD/MXN"
2023-04-11,"SF43718",18.187,"Tipo de cambio FIX USD/MXN"
2023-04-12,"SF43718",18.066,"Tipo de cambio FIX USD/MXN"
2023-04-13,"SF43718",18.0152,"Tipo de cambio FIX USD/MXN"
2023-04-14,"SF43718",18.0638,"Tipo de cambio FIX USD/MXN"
2023-04-17,"SF43718",18.0868,"Tipo de cambio FIX USD/MXN"
2023-04-18,"SF43718",18.063,"Tipo de cambio FIX USD/MXN"
2023-04-19,"SF43718",18.0448,"Tipo de cambio FIX USD/MXN"
2023-04-20,"SF43718",18.009,"Tipo de cambio FIX USD/MXN"
2023-04-21,"SF43718",17.9988,"Tipo de cambio FIX USD/MXN"
2023-04-24,"SF43718",18.0082,"Tipo de cambio FIX USD/MXN"
2023-04-25,"SF43718",18.0892,"Tipo de cambio FIX USD/MXN"
2023-04-26,"SF43718",18.103,"Tipo de cambio FIX USD/MXN"
2023-04-27,"SF43718",18.0723,"Tipo de cambio FIX USD/MXN"
2023-04-28,"SF43718",17.9975,"Tipo de cambio FIX USD/MXN"
2023-05-02,"SF43718",18.0325,"Tipo de cambio FIX USD/MXN"
2023-05-03,"SF43718",17.906,"Tipo de cambio FIX USD/MXN"
2023-05-04,"SF43718",17.9575,"Tipo de cambio FIX USD/MXN"
2023-05-05,"SF43718",17.7863,"Tipo de cambio FIX USD/MXN"
2023-05-08,"SF43718",17.8213,"Tipo de cambio FIX USD/MXN"
2023-05-09,"SF43718",17.7608,"Tipo de cambio FIX USD/MXN"
2023-05-10,"SF43718",17.5845,"Tipo de cambio FIX USD/MXN"
2023-05-11,"SF43718",17.6287,"Tipo de cambio FIX USD/MXN"
2023-05-12,"SF43718",17.6142,"Tipo de cambio FIX USD/MXN"
2023-05-15,"SF43718",17.538,"Tipo de cambio FIX USD/MXN"
2023-05-16,"SF43718",17.4672,"Tipo de cambio FIX USD/MXN"
2023-05-17,"SF43718",17.5872,"Tipo de cambio FIX USD/MXN"
2023-05-18,"SF43718",17.7342,"Tipo de cambio FIX USD/MXN"
2023-05-19,"SF43718",17.693,"Tipo de cambio FIX USD/MXN"
2023-05-22,"SF43718",17.868,"Tipo de cambio FIX USD/MXN"
2023-05-23,"SF43718",17.9687,"Tipo de cambio FIX USD/MXN"
2023-05-24,"SF43718",17.8195,"Tipo de cambio FIX USD/MXN"
2023-05-25,"SF43718",17.8252,"Tipo de cambio FIX USD/MXN"
2023-05-26,"SF43718",17.6723,"Tipo de cambio FIX USD/MXN"
2023-05-29,"SF43718",17.5605,"Tipo de cambio FIX USD/MXN"
2023-05-30,"SF43718",17.6532,"Tipo de cambio FIX USD/MXN"
2023-05-31,"SF43718",17.7418,"Tipo de cambio FIX USD/MXN"
2023-06-01,"SF43718",17.5673,"Tipo de cambio FIX USD/MXN"
2023-06-02,"SF43718",17.5063,"Tipo de cambio FIX USD/MXN"
2023-06-05,"SF43718",17.4732,"Tipo de cambio FIX USD/MXN"
2023-06-06,"SF43718",17.4192,"Tipo de cambio FIX USD/MXN"
2023-06-07,"SF43718",17.3608,"Tipo de cambio FIX USD/MXN"
2023-06-08,"SF43718",17.4085,"Tipo de cambio FIX USD/MXN"
2023-06-09,"SF43718",17.284,"Tipo de cambio FIX USD/MXN"
2023-06-12,"SF43718",17.312,"Tipo de cambio FIX USD/MXN"
2023-06-13,"SF43718",17.2185,"Tipo de cambio FIX USD/MXN"
2023-06-14,"SF43718",17.1247,"Tipo de cambio FIX USD/MXN"
2023-06-15,"SF43718",17.1762,"Tipo de cambio FIX USD/MXN"
2023-06-16,"SF43718",17.0792,"Tipo de cambio FIX USD/MXN"
2023-06-19,"SF43718",17.0945,"Tipo de cambio FIX USD/MXN"
2023-06-20,"SF43718",17.2043,"Tipo de cambio FIX USD/MXN"
2023-06-21,"SF43718",17.1547,"Tipo de cambio FIX USD/MXN"
2023-06-22,"SF43718",17.1713,"Tipo de cambio FIX USD/MXN"
2023-06-23,"SF43718",17.1795,"Tipo de cambio FIX USD/MXN"
2023-06-26,"SF43718",17.1445,"Tipo de cambio FIX USD/MXN"
2023-06-27,"SF43718",17.1013,"Tipo de cambio FIX USD/MXN"
2023-06-28,"SF43718",17.072,"Tipo de cambio FIX USD/MXN"
2023-06-29,"SF43718",17.1187,"Tipo de cambio FIX USD/MXN"
2023-06-30,"SF43718",17.1358,"Tipo de cambio FIX USD/MXN"
2023-07-03,"SF43718",17.0517,"Tipo de cambio FIX USD/MXN"
2023-07-04,"SF43718",17.026,"Tipo de cambio FIX USD/MXN"
2023-07-05,"SF43718",17.004,"Tipo de cambio FIX USD/MXN"
2023-07-06,"SF43718",17.2825,"Tipo de cambio FIX USD/MXN"
2023-07-07,"SF43718",17.1012,"Tipo de cambio FIX USD/MXN"
2023-07-10,"SF43718",17.0605,"Tipo de cambio FIX USD/MXN"
2023-07-11,"SF43718",17.0783,"Tipo de cambio FIX USD/MXN"
2023-07-12,"SF43718",16.8537,"Tipo de cambio FIX USD/MXN"
2023-07-13,"SF43718",16.8905,"Tipo de cambio FIX USD/MXN"
2023-07-14,"SF43718",16.7892,"Tipo de cambio FIX USD/MXN"
2023-07-17,"SF43718",16.7858,"Tipo de cambio FIX USD/MXN"
2023-07-18,"SF43718",16.748,"Tipo de cambio FIX USD/MXN"
2023-07-19,"SF43718",16.7667,"Tipo de cambio FIX USD/MXN"
2023-07-20,"SF43718",16.846,"Tipo de cambio FIX USD/MXN"
2023-07-21,"SF43718",16.9393,"Tipo de cambio FIX USD/MXN"
2023-07-24,"SF43718",16.8367,"Tipo de cambio FIX USD/MXN"
2023-07-25,"SF43718",16.9075,"Tipo de cambio FIX USD/MXN"
2023-07-26,"SF43718",16.8825,"Tipo de cambio FIX USD/MXN"
2023-07-27,"SF43718",16.7338,"Tipo de cambio FIX USD/MXN"
2023-07-28,"SF43718",16.6895,"Tipo de cambio FIX USD/MXN"
2023-07-31,"SF43718",16.7303,"Tipo de cambio FIX USD/MXN"
2023-08-01,"SF43718",16.8533,"Tipo de cambio FIX USD/MXN"
2023-08-02,"SF43718",17.0193,"Tipo de cambio FIX USD/MXN"
2023-08-03,"SF43718",17.2892,"Tipo de cambio FIX USD/MXN"
2023-08-04,"SF43718",17.0555,"Tipo de cambio FIX USD/MXN"
2023-08-07,"SF43718",17.0608,"Tipo de cambio FIX USD/MXN"
2023-08-08,"SF43718",17.1122,"Tipo de cambio FIX USD/MXN"
2023-08-09,"SF43718",17.0767,"Tipo de cambio FIX USD/MXN"
2023-08-10,"SF43718",16.9548,"Tipo de cambio FIX USD/MXN"
2023-08-11,"SF43718",17.0045,"Tipo de cambio FIX USD/MXN"
2023-08-14,"SF43718",17.0672,"Tipo de cambio FIX USD/MXN"
2023-08-15,"SF43718",17.1388,"Tipo de cambio FIX USD/MXN"
2023-08-16,"SF43718",17.0768,"Tipo de cambio FIX USD/MXN"
2023-08-17,"SF43718",17.1225,"Tipo de cambio FIX USD/MXN"
2023-08-18,"SF43718",17.0477,"Tipo de cambio FIX USD/MXN"
2023-08-21,"SF43718",17.0202,"Tipo de cambio FIX USD/MXN"
2023-08-22,"SF43718",16.9267,"Tipo de cambio FIX USD/MXN"
2023-08-23,"SF43718",16.8077,"Tipo de cambio FIX USD/MXN"
2023-08-24,"SF43718",16.809,"Tipo de cambio FIX USD/MXN"
2023-08-25,"SF43718",16.7718,"Tipo de cambio FIX USD/MXN"
2023-08-28,"SF43718",16.7432,"Tipo de cambio FIX USD/MXN"
2023-08-29,"SF43718",16.8402,"Tipo de cambio FIX USD/MXN"
2023-08-30,"SF43718",16.7477,"Tipo de cambio FIX USD/MXN"
2023-08-31,"SF43718",16.917,"Tipo de cambio FIX USD/MXN"
2023-09-01,"SF43718",17.1113,"Tipo de cambio FIX USD/MXN"
2023-09-04,"SF43718",17.175,"Tipo de cambio FIX USD/MXN"
2023-09-05,"SF43718",17.3492,"Tipo de cambio FIX USD/MXN"
2023-09-06,"SF43718",17.5805,"Tipo de cambio FIX USD/MXN"
2023-09-07,"SF43718",17.5543,"Tipo de cambio FIX USD/MXN"
2023-09-08,"SF43718",17.5767,"Tipo de cambio FIX USD/MXN"
2023-09-11,"SF43718",17.3813,"Tipo de cambio FIX USD/MXN"
2023-09-12,"SF43718",17.2553,"Tipo de cambio FIX USD/MXN"
2023-09-13,"SF43718",17.1235,"Tipo de cambio FIX USD/MXN"
2023-09-14,"SF43718",17.1042,"Tipo de cambio FIX USD/MXN"
2023-09-15,"SF43718",17.0807,"Tipo de cambio FIX USD/MXN"
2023-09-18,"SF43718",17.1307,"Tipo de cambio FIX USD/MXN"
2023-09-19,"SF43718",17.0805,"Tipo de cambio FIX USD/MXN"
2023-09-20,"SF43718",17.024,"Tipo de cambio FIX USD/MXN"
2023-09-21,"SF43718",17.1675,"Tipo de cambio FIX USD/MXN"
2023-09-22,"SF43718",17.1568,"Tipo de cambio FIX USD/MXN"
2023-09-25,"SF43718",17.3733,"Tipo de cambio FIX USD/MXN"
2023-09-26,"SF43718",17.4758,"Tipo de cambio FIX USD/MXN"
2023-09-27,"SF43718",17.7287,"Tipo de cambio FIX USD/MXN"
2023-09-28,"SF43718",17.6195,"Tipo de cambio FIX USD/MXN"
2023-09-29,"SF43718",17.4127,"Tipo de cambio FIX USD/MXN"
2023-10-02,"SF43718",17.592,"Tipo de cambio FIX USD/MXN"
2023-10-03,"SF43718",17.9025,"Tipo de cambio FIX USD/MXN"
2023-10-04,"SF43718",18.017,"Tipo de cambio FIX USD/MXN"
2023-10-05,"SF43718",18.2407,"Tipo de cambio FIX USD/MXN"
2023-10-06,"SF43718",18.1837,"Tipo de cambio FIX USD/MXN"
2023-10-09,"SF43718",18.3482,"Tipo de cambio FIX USD/MXN"
2023-10-10,"SF43718",17.9917,"Tipo de cambio FIX USD/MXN"
2023-10-11,"SF43718",17.842,"Tipo de cambio FIX USD/MXN"
2023-10-12,"SF43718",17.9132,"Tipo de cambio FIX USD/MXN"
2023-10-13,"SF43718",18.0362,"Tipo de cambio FIX USD/MXN"
2023-10-16,"SF43718",17.9568,"Tipo de cambio FIX USD/MXN"
2023-10-17,"SF43718",17.9097,"Tipo de cambio FIX USD/MXN"
2023-10-18,"SF43718",18.244,"Tipo de cambio FIX USD/MXN"
2023-10-19,"SF43718",18.2873,"Tipo de cambio FIX USD/MXN"
2023-10-20,"SF43718",18.2343,"Tipo de cambio FIX USD/MXN"
2023-10-23,"SF43718",18.1218,"Tipo de cambio FIX USD/MXN"
2023-10-24,"SF43718",18.2842,"Tipo de cambio FIX USD/MXN"
2023-10-25,"SF43718",18.3122,"Tipo de cambio FIX USD/MXN"
2023-10-26,"SF43718",18.2178,"Tipo de cambio FIX USD/MXN"
2023-10-27,"SF43718",18.0752,"Tipo de cambio FIX USD/MXN"
2023-10-30,"SF43718",18.064,"Tipo de cambio FIX USD/MXN"
2023-10-31,"SF43718",18.0368,"Tipo de cambio FIX USD/MXN"
2023-11-01,"SF43718",17.9305,"Tipo de cambio FIX USD/MXN"
2023-11-03,"SF43718",17.4117,"Tipo de cambio FIX USD/MXN"
2023-11-06,"SF43718",17.5308,"Tipo de cambio FIX USD/MXN"
2023-11-07,"SF43718",17.5097,"Tipo de cambio FIX USD/MXN"
2023-11-08,"SF43718",17.5017,"Tipo de cambio FIX USD/MXN"
2023-11-09,"SF43718",17.4888,"Tipo de cambio FIX USD/MXN"
2023-11-10,"SF43718",17.748,"Tipo de cambio FIX USD/MXN"
2023-11-13,"SF43718",17.6138,"Tipo de cambio FIX USD/MXN"
2023-11-14,"SF43718",17.3917,"Tipo de cambio FIX USD/MXN"
2023-11-15,"SF43718",17.3387,"Tipo de cambio FIX USD/MXN"
2023-11-16,"SF43718",17.2708,"Tipo de cambio FIX USD/MXN"
2023-11-17,"SF43718",17.2175,"Tipo de cambio FIX USD/MXN"
2023-11-21,"SF43718",17.2102,"Tipo de cambio FIX USD/MXN"
2023-11-22,"SF43718",17.2133,"Tipo de cambio FIX USD/MXN"
2023-11-23,"SF43718",17.1787,"Tipo de cambio FIX USD/MXN"
2023-11-24,"SF43718",17.1268,"Tipo de cambio FIX USD/MXN"
2023-11-27,"SF43718",17.1555,"Tipo de cambio FIX USD/MXN"
2023-11-28,"SF43718",17.1357,"Tipo de cambio FIX USD/MXN"
2023-11-29,"SF43718",17.187,"Tipo de cambio FIX USD/MXN"
2023-11-30,"SF43718",17.373,"Tipo de cambio FIX USD/MXN"
2023-12-01,"SF43718",17.2143,"Tipo de cambio FIX USD/MXN"
2023-12-04,"SF43718",17.406,"Tipo de cambio FIX USD/MXN"
2023-12-05,"SF43718",17.4215,"Tipo de cambio FIX USD/MXN"
2023-12-06,"SF43718",17.2685,"Tipo de cambio FIX USD/MXN"
2023-12-07,"SF43718",17.4197,"Tipo de cambio FIX USD/MXN"
2023-12-08,"SF43718",17.3688,"Tipo de cambio FIX USD/MXN"
2023-12-11,"SF43718",17.447,"Tipo de cambio FIX USD/MXN"
2023-12-13,"SF43718",17.398,"Tipo de cambio FIX USD/MXN"
2023-12-14,"SF43718",17.299,"Tipo de cambio FIX USD/MXN"
2023-12-15,"SF43718",17.1908,"Tipo de cambio FIX USD/MXN"
2023-12-18,"SF43718",17.2277,"Tipo de cambio FIX USD/MXN"
2023-12-19,"SF43718",17.0652,"Tipo de cambio FIX USD/MXN"
2023-12-20,"SF43718",17.0673,"Tipo de cambio FIX USD/MXN"
2023-12-21,"SF43718",17.059,"Tipo de cambio FIX USD/MXN"
2023-12-22,"SF43718",16.9738,"Tipo de cambio FIX USD/MXN"
2023-12-26,"SF43718",16.9727,"Tipo de cambio FIX USD/MXN"
2023-12-27,"SF43718",16.922,"Tipo de cambio FIX USD/MXN"
2023-12-28,"SF43718",16.8935,"Tipo de cambio FIX USD/MXN"
2023-12-29,"SF43718",16.919,"Tipo de cambio FIX USD/MXN"
2024-01-02,"SF43718",17.0297,"Tipo de cambio FIX USD/MXN"
2024-01-03,"SF43718",17.0492,"Tipo de cambio FIX USD/MXN"
2024-01-04,"SF43718",17.0458,"Tipo de cambio FIX USD/MXN"
2024-01-05,"SF43718",16.8987,"Tipo de cambio FIX USD/MXN"
2024-01-08,"SF43718",16.8133,"Tipo de cambio FIX USD/MXN"
2024-01-09,"SF43718",16.9347,"Tipo de cambio FIX USD/MXN"
2024-01-10,"SF43718",16.9912,"Tipo de cambio FIX USD/MXN"
2024-01-11,"SF43718",16.9898,"Tipo de cambio FIX USD/MXN"
2024-01-12,"SF43718",16.858,"Tipo de cambio FIX USD/MXN"
2024-01-15,"SF43718",16.8983,"Tipo de cambio FIX USD/MXN"
2024-01-16,"SF43718",17.1598,"Tipo de cambio FIX USD/MXN"
2024-01-17,"SF43718",17.2957,"Tipo de cambio FIX USD/MXN"
2024-01-18,"SF43718",17.1995,"Tipo de cambio FIX USD/MXN"
2024-01-19,"SF43718",17.1325,"Tipo de cambio FIX USD/MXN"
2024-01-22,"SF43718",17.1125,"Tipo de cambio FIX USD/MXN"
2024-01-23,"SF43718",17.352,"Tipo de cambio FIX USD/MXN"
2024-01-24,"SF43718",17.1673,"Tipo de cambio FIX USD/MXN"
2024-01-25,"SF43718",17.2375,"Tipo de cambio FIX USD/MXN"
2024-01-26,"SF43718",17.1657,"Tipo de cambio FIX USD/MXN"
2024-01-29,"SF43718",17.2333,"Tipo de cambio FIX USD/MXN"
2024-01-30,"SF43718",17.1932,"Tipo de cambio FIX USD/MXN"
2024-01-31,"SF43718",17.1633,"Tipo de cambio FIX USD/MXN"
2024-02-01,"SF43718",17.1335,"Tipo de cambio FIX USD/MXN"
2024-02-02,"SF43718",17.1447,"Tipo de cambio FIX USD/MXN"
2024-02-06,"SF43718",17.0357,"Tipo de cambio FIX USD/MXN"
2024-02-07,"SF43718",17.0398,"Tipo de cambio FIX USD/MXN"
2024-02-08,"SF43718",17.1023,"Tipo de cambio FIX USD/MXN"
2024-02-09,"SF43718",17.0855,"Tipo de cambio FIX USD/MXN"
2024-02-12,"SF43718",17.068,"Tipo de cambio FIX USD/MXN"
2024-02-13,"SF43718",17.1982,"Tipo de cambio FIX USD/MXN"
2024-02-14,"SF43718",17.1105,"Tipo de cambio FIX USD/MXN"
2024-02-15,"SF43718",17.068,"Tipo de cambio FIX USD/MXN"
2024-02-16,"SF43718",17.0602,"Tipo de cambio FIX USD/MXN"
2024-02-19,"SF43718",17.05,"Tipo de cambio FIX USD/MXN"
2024-02-20,"SF43718",17.0458,"Tipo de cambio FIX USD/MXN"
2024-02-21,"SF43718",17.0603,"Tipo de cambio FIX USD/MXN"
2024-02-22,"SF43718",17.121,"Tipo de cambio FIX USD/MXN"
2024-02-23,"SF43718",17.126,"Tipo de cambio FIX USD/MXN"
2024-02-26,"SF43718",17.126,"Tipo de cambio FIX USD/MXN"
2024-02-27,"SF43718",17.0605,"Tipo de cambio FIX USD/MXN"
2024-02-28,"SF43718",17.0962,"Tipo de cambio FIX USD/MXN"
2024-02-29,"SF43718",17.0633,"Tipo de cambio FIX USD/MXN"
2024-03-01,"SF43718",17.0217,"Tipo de cambio FIX USD/MXN"
2024-03-04,"SF43718",16.9828,"Tipo de cambio FIX USD/MXN"
2024-03-05,"SF43718",16.9257,"Tipo de cambio FIX USD/MXN"
2024-03-06,"SF43718",16.8728,"Tipo de cambio FIX USD/MXN"
2024-03-07,"SF43718",16.877,"Tipo de cambio FIX USD/MXN"
2024-03-08,"SF43718",16.7985,"Tipo de cambio FIX USD/MXN"
2024-03-11,"SF43718",16.8083,"Tipo de cambio FIX USD/MXN"
2024-03-12,"SF43718",16.8272,"Tipo de cambio FIX USD/MXN"
2024-03-13,"SF43718",16.7127,"Tipo de cambio FIX USD/MXN"
2024-03-14,"SF43718",16.692,"Tipo de cambio FIX USD/MXN"
2024-03-15,"SF43718",16.71,"Tipo de cambio FIX USD/MXN"
2024-03-19,"SF43718",16.8523,"Tipo de cambio FIX USD/MXN"
2024-03-20,"SF43718",16.759,"Tipo de cambio FIX USD/MXN"
2024-03-21,"SF43718",16.762,"Tipo de cambio FIX USD/MXN"
2024-03-22,"SF43718",16.7367,"Tipo de cambio FIX USD/MXN"
2024-03-25,"SF43718",16.7032,"Tipo de cambio FIX USD/MXN"
2024-03-26,"SF43718",16.678,"Tipo de cambio FIX USD/MXN"
2024-03-27,"SF43718",16.5323,"Tipo de cambio FIX USD/MXN"
2024-04-01,"SF43718",16.6578,"Tipo de cambio FIX USD/MXN"
2024-04-02,"SF43718",16.5673,"Tipo de cambio FIX USD/MXN"
2024-04-03,"SF43718",16.5415,"Tipo de cambio FIX USD/MXN"
2024-04-04,"SF43718",16.5173,"Tipo de cambio FIX USD/MXN"
2024-04-05,"SF43718",16.4758,"Tipo de cambio FIX USD/MXN"
2024-04-08,"SF43718",16.3357,"Tipo de cambio FIX USD/MXN"
2024-04-09,"SF43718",16.3932,"Tipo de cambio FIX USD/MXN"
2024-04-10,"SF43718",16.4883,"Tipo de cambio FIX USD/MXN"
2024-04-11,"SF43718",16.4583,"Tipo de cambio FIX USD/MXN"
2024-04-12,"SF43718",16.6693,"Tipo de cambio FIX USD/MXN"
2024-04-15,"SF43718",16.6815,"Tipo de cambio FIX USD/MXN"
2024-04-16,"SF43718",17.0252,"Tipo de cambio FIX USD/MXN"
2024-04-17,"SF43718",16.9948,"Tipo de cambio FIX USD/MXN"
2024-04-18,"SF43718",17.1145,"Tipo de cambio FIX USD/MXN"
2024-04-19,"SF43718",17.212,"Tipo de cambio FIX USD/MXN"
2024-04-22,"SF43718",17.1243,"Tipo de cambio FIX USD/MXN"
2024-04-23,"SF43718",16.9995,"Tipo de cambio FIX USD/MXN"
2024-04-24,"SF43718",17.1098,"Tipo de cambio FIX USD/MXN"
2024-04-25,"SF43718",17.1883,"Tipo de cambio FIX USD/MXN"
2024-04-26,"SF43718",17.1552,"Tipo de cambio FIX USD/MXN"
2024-04-29,"SF43718",17.0243,"Tipo de cambio FIX USD/MXN"
2024-04-30,"SF43718",17.0958,"Tipo de cambio FIX USD/MXN"
2024-05-02,"SF43718",16.9393,"Tipo de cambio FIX USD/MXN"
2024-05-03,"SF43718",17.0042,"Tipo de cambio FIX USD/MXN"
2024-05-06,"SF43718",16.8947,"Tipo de cambio FIX USD/MXN"
2024-05-07,"SF43718",16.9083,"Tipo de cambio FIX USD/MXN"
2024-05-08,"SF43718",16.9087,"Tipo de cambio FIX USD/MXN"
2024-05-09,"SF43718",16.866,"Tipo de cambio FIX USD/MXN"
2024-05-10,"SF43718",16.769,"Tipo de cambio FIX USD/MXN"
2024-05-13,"SF43718",16.8072,"Tipo de cambio FIX USD/MXN"
2024-05-14,"SF43718",16.846,"Tipo de cambio FIX USD/MXN"
2024-05-15,"SF43718",16.6782,"Tipo de cambio FIX USD/MXN"
2024-05-16,"SF43718",16.6893,"Tipo de cambio FIX USD/MXN"
2024-05-17,"SF43718",16.6217,"Tipo de cambio FIX USD/MXN"
2024-05-20,"SF43718",16.5668,"Tipo de cambio FIX USD/MXN"
2024-05-21,"SF43718",16.6138,"Tipo de cambio FIX USD/MXN"
2024-05-22,"SF43718",16.6405,"Tipo de cambio FIX USD/MXN"
2024-05-23,"SF43718",16.6945,"Tipo de cambio FIX USD/MXN"
2024-05-24,"SF43718",16.7023,"Tipo de cambio FIX USD/MXN"
2024-05-27,"SF43718",16.6568,"Tipo de cambio FIX USD/MXN"
2024-05-28,"SF43718",16.7457,"Tipo de cambio FIX USD/MXN"
2024-05-29,"SF43718",16.95,"Tipo de cambio FIX USD/MXN"
2024-05-30,"SF43718",16.9377,"Tipo de cambio FIX USD/MXN"
2024-05-31,"SF43718",17.0177,"Tipo de cambio FIX USD/MXN"
2024-06-03,"SF43718",17.6338,"Tipo de cambio FIX USD/MXN"
2024-06-04,"SF43718",17.8607,"Tipo de cambio FIX USD/MXN"
2024-06-05,"SF43718",17.5592,"Tipo de cambio FIX USD/MXN"
2024-06-06,"SF43718",17.5335,"Tipo de cambio FIX USD/MXN"
2024-06-07,"SF43718",18.2622,"Tipo de cambio FIX USD/MXN"
2024-06-10,"SF43718",18.3848,"Tipo de cambio FIX USD/MXN"
2024-06-11,"SF43718",18.4457,"Tipo de cambio FIX USD/MXN"
2024-06-12,"SF43718",18.7832,"Tipo de cambio FIX USD/MXN"
2024-06-13,"SF43718",18.5385,"Tipo de cambio FIX USD/MXN"
2024-06-14,"SF43718",18.4512,"Tipo de cambio FIX USD/MXN"
2024-06-17,"SF43718",18.5248,"Tipo de cambio FIX USD/MXN"
2024-06-18,"SF43718",18.4128,"Tipo de cambio FIX USD/MXN"
2024-06-19,"SF43718",18.423,"Tipo de cambio FIX USD/MXN"
2024-06-20,"SF43718",18.4027,"Tipo de cambio FIX USD/MXN"
2024-06-21,"SF43718",18.1848,"Tipo de cambio FIX USD/MXN"
2024-06-24,"SF43718",17.9627,"Tipo de cambio FIX USD/MXN"
2024-06-25,"SF43718",18.1372,"Tipo de cambio FIX USD/MXN"
2024-06-26,"SF43718",18.2215,"Tipo de cambio FIX USD/MXN"
2024-06-27,"SF43718",18.3773,"Tipo de cambio FIX USD/MXN"
2024-06-28,"SF43718",18.2478,"Tipo de cambio FIX USD/MXN"
2024-07-01,"SF43718",18.3897,"Tipo de cambio FIX USD/MXN"
2024-07-02,"SF43718",18.2485,"Tipo de cambio FIX USD/MXN"
2024-07-03,"SF43718",18.1355,"Tipo de cambio FIX USD/MXN"
2024-07-04,"SF43718",18.0958,"Tipo de cambio FIX USD/MXN"
2024-07-05,"SF43718",18.0977,"Tipo de cambio FIX USD/MXN"
2024-07-08,"SF43718",18.0095,"Tipo de cambio FIX USD/MXN"
2024-07-09,"SF43718",17.9428,"Tipo de cambio FIX USD/MXN"
2024-07-10,"SF43718",17.8288,"Tipo de cambio FIX USD/MXN"
2024-07-11,"SF43718",17.8192,"Tipo de cambio FIX USD/MXN"
2024-07-12,"SF43718",17.6502,"Tipo de cambio FIX USD/MXN"
2024-07-15,"SF43718",17.7837,"Tipo de cambio FIX USD/MXN"
2024-07-16,"SF43718",17.6795,"Tipo de cambio FIX USD/MXN"
2024-07-17,"SF43718",17.7438,"Tipo de cambio FIX USD/MXN"
2024-07-18,"SF43718",17.8907,"Tipo de cambio FIX USD/MXN"
2024-07-19,"SF43718",17.997,"Tipo de cambio FIX USD/MXN"
2024-07-22,"SF43718",17.9107,"Tipo de cambio FIX USD/MXN"
2024-07-23,"SF43718",18.0987,"Tipo de cambio FIX USD/MXN"
2024-07-24,"SF43718",18.3458,"Tipo de cambio FIX USD/MXN"
2024-07-25,"SF43718",18.385,"Tipo de cambio FIX USD/MXN"
2024-07-26,"SF43718",18.4475,"Tipo de cambio FIX USD/MXN"
2024-07-29,"SF43718",18.6818,"Tipo de cambio FIX USD/MXN"
2024-07-30,"SF43718",18.79,"Tipo de cambio FIX USD/MXN"
2024-07-31,"SF43718",18.597,"Tipo de cambio FIX USD/MXN"
2024-08-01,"SF43718",18.706,"Tipo de cambio FIX USD/MXN"
2024-08-02,"SF43718",19.0442,"Tipo de cambio FIX USD/MXN"
2024-08-05,"SF43718",19.3905,"Tipo de cambio FIX USD/MXN"
2024-08-06,"SF43718",19.33,"Tipo de cambio FIX USD/MXN"
2024-08-07,"SF43718",19.189,"Tipo de cambio FIX USD/MXN"
2024-08-08,"SF43718",19.09,"Tipo de cambio FIX USD/MXN"
2024-08-09,"SF43718",18.8368,"Tipo de cambio FIX USD/MXN"
2024-08-12,"SF43718",19.032,"Tipo de cambio FIX USD/MXN"
2024-08-13,"SF43718",19.0387,"Tipo de cambio FIX USD/MXN"
2024-08-14,"SF43718",18.8478,"Tipo de cambio FIX USD/MXN"
2024-08-15,"SF43718",18.6513,"Tipo de cambio FIX USD/MXN"
2024-08-16,"SF43718",18.6228,"Tipo de cambio FIX USD/MXN"
2024-08-19,"SF43718",18.7357,"Tipo de cambio FIX USD/MXN"
2024-08-20,"SF43718",18.9448,"Tipo de cambio FIX USD/MXN"
2024-08-21,"SF43718",19.2535,"Tipo de cambio FIX USD/MXN"
2024-08-22,"SF43718",19.4235,"Tipo de cambio FIX USD/MXN"
2024-08-23,"SF43718",19.0708,"Tipo de cambio FIX USD/MXN"
2024-08-26,"SF43718",19.382,"Tipo de cambio FIX USD/MXN"
2024-08-27,"SF43718",19.6692,"Tipo de cambio FIX USD/MXN"
2024-08-28,"SF43718",19.6037,"Tipo de cambio FIX USD/MXN"
2024-08-29,"SF43718",19.8168,"Tipo de cambio FIX USD/MXN"
2024-08-30,"SF43718",19.6535,"Tipo de cambio FIX USD/MXN"
2024-09-02,"SF43718",19.798,"Tipo de cambio FIX USD/MXN"
2024-09-03,"SF43718",19.8335,"Tipo de cambio FIX USD/MXN"
2024-09-04,"SF43718",19.846,"Tipo de cambio FIX USD/MXN"
2024-09-05,"SF43718",20.0028,"Tipo de cambio FIX USD/MXN"
2024-09-06,"SF43718",20.0172,"Tipo de cambio FIX USD/MXN"
2024-09-09,"SF43718",19.8798,"Tipo de cambio FIX USD/MXN"
2024-09-10,"SF43718",20.0583,"Tipo de cambio FIX USD/MXN"
2024-09-11,"SF43718",19.839,"Tipo de cambio FIX USD/MXN"
2024-09-12,"SF43718",19.5887,"Tipo de cambio FIX USD/MXN"
2024-09-13,"SF43718",19.2483,"Tipo de cambio FIX USD/MXN"
2024-09-17,"SF43718",19.267,"Tipo de cambio FIX USD/MXN"
2024-09-18,"SF43718",19.3033,"Tipo de cambio FIX USD/MXN"
2024-09-19,"SF43718",19.2773,"Tipo de cambio FIX USD/MXN"
2024-09-20,"SF43718",19.3725,"Tipo de cambio FIX USD/MXN"
2024-09-23,"SF43718",19.415,"Tipo de cambio FIX USD/MXN"
2024-09-24,"SF43718",19.3562,"Tipo de cambio FIX USD/MXN"
2024-09-25,"SF43718",19.587,"Tipo de cambio FIX USD/MXN"
2024-09-26,"SF43718",19.629,"Tipo de cambio FIX USD/MXN"
2024-09-27,"SF43718",19.6697,"Tipo de cambio FIX USD/MXN"
2024-09-30,"SF43718",19.644,"Tipo de cambio FIX USD/MXN"
2024-10-02,"SF43718",19.3885,"Tipo de cambio FIX USD/MXN"
2024-10-03,"SF43718",19.4678,"Tipo de cambio FIX USD/MXN"
2024-10-04,"SF43718",19.2127,"Tipo de cambio FIX USD/MXN"
2024-10-07,"SF43718",19.3388,"Tipo de cambio FIX USD/MXN"
2024-10-08,"SF43718",19.3532,"Tipo de cambio FIX USD/MXN"
2024-10-09,"SF43718",19.4175,"Tipo de cambio FIX USD/MXN"
2024-10-10,"SF43718",19.5113,"Tipo de cambio FIX USD/MXN"
2024-10-11,"SF43718",19.3983,"Tipo de cambio FIX USD/MXN"
2024-10-14,"SF43718",19.342,"Tipo de cambio FIX USD/MXN"
2024-10-15,"SF43718",19.62,"Tipo de cambio FIX USD/MXN"
2024-10-16,"SF43718",19.8925,"Tipo de cambio FIX USD/MXN"
2024-10-17,"SF43718",19.9313,"Tipo de cambio FIX USD/MXN"
2024-10-18,"SF43718",19.8325,"Tipo de cambio FIX USD/MXN"
2024-10-21,"SF43718",20.0075,"Tipo de cambio FIX USD/MXN"
2024-10-22,"SF43718",19.8985,"Tipo de cambio FIX USD/MXN"
2024-10-23,"SF43718",19.9338,"Tipo de cambio FIX USD/MXN"
2024-10-24,"SF43718",19.8385,"Tipo de cambio FIX USD/MXN"
2024-10-25,"SF43718",19.9303,"Tipo de cambio FIX USD/MXN"
2024-10-28,"SF43718",20.0007,"Tipo de cambio FIX USD/MXN"
2024-10-29,"SF43718",20.0208,"Tipo de cambio FIX USD/MXN"
2024-10-30,"SF43718",20.1617,"Tipo de cambio FIX USD/MXN"
2024-10-31,"SF43718",20.0378,"Tipo de cambio FIX USD/MXN"
2024-11-01,"SF43718",20.0908,"Tipo de cambio FIX USD/MXN"
2024-11-04,"SF43718",20.0367,"Tipo de cambio FIX USD/MXN"
2024-11-05,"SF43718",20.2695,"Tipo de cambio FIX USD/MXN"
2024-11-06,"SF43718",20.3093,"Tipo de cambio FIX USD/MXN"
2024-11-07,"SF43718",19.8277,"Tipo de cambio FIX USD/MXN"
2024-11-08,"SF43718",20.1332,"Tipo de cambio FIX USD/MXN"
2024-11-11,"SF43718",20.4502,"Tipo de cambio FIX USD/MXN"
2024-11-12,"SF43718",20.5693,"Tipo de cambio FIX USD/MXN"
2024-11-13,"SF43718",20.6025,"Tipo de cambio FIX USD/MXN"
2024-11-14,"SF43718",20.494,"Tipo de cambio FIX USD/MXN"
2024-11-15,"SF43718",20.3887,"Tipo de cambio FIX USD/MXN"
2024-11-19,"SF43718",20.1848,"Tipo de cambio FIX USD/MXN"
2024-11-20,"SF43718",20.2903,"Tipo de cambio FIX USD/MXN"
2024-11-21,"SF43718",20.3775,"Tipo de cambio FIX USD/MXN"
2024-11-22,"SF43718",20.4872,"Tipo de cambio FIX USD/MXN"
2024-11-25,"SF43718",20.2993,"Tipo de cambio FIX USD/MXN"
2024-11-26,"SF43718",20.7185,"Tipo de cambio FIX USD/MXN"
2024-11-27,"SF43718",20.6418,"Tipo de cambio FIX USD/MXN"
2024-11-28,"SF43718",20.4173,"Tipo de cambio FIX USD/MXN"
2024-11-29,"SF43718",20.3212,"Tipo de cambio FIX USD/MXN"
2024-12-02,"SF43718",20.4357,"Tipo de cambio FIX USD/MXN"
2024-12-03,"SF43718",20.3233,"Tipo de cambio FIX USD/MXN"
2024-12-04,"SF43718",20.283,"Tipo de cambio FIX USD/MXN"
2024-12-05,"SF43718",20.1963,"Tipo de cambio FIX USD/MXN"
2024-12-06,"SF43718",20.2275,"Tipo de cambio FIX USD/MXN"
2024-12-09,"SF43718",20.1547,"Tipo de cambio FIX USD/MXN"
2024-12-10,"SF43718",20.2485,"Tipo de cambio FIX USD/MXN"
2024-12-11,"SF43718",20.1647,"Tipo de cambio FIX USD/MXN"
2024-12-13,"SF43718",20.142,"Tipo de cambio FIX USD/MXN"
2024-12-16,"SF43718",20.1448,"Tipo de cambio FIX USD/MXN"
2024-12-17,"SF43718",20.2363,"Tipo de cambio FIX USD/MXN"
2024-12-18,"SF43718",20.1395,"Tipo de cambio FIX USD/MXN"
2024-12-19,"SF43718",20.4402,"Tipo de cambio FIX USD/MXN"
2024-12-20,"SF43718",20.1035,"Tipo de cambio FIX USD/MXN"
2024-12-23,"SF43718",20.1948,"Tipo de cambio FIX USD/MXN"
2024-12-24,"SF43718",20.1558,"Tipo de cambio FIX USD/MXN"
2024-12-26,"SF43718",20.1657,"Tipo de cambio FIX USD/MXN"
2024-12-27,"SF43718",20.2683,"Tipo de cambio FIX USD/MXN"
2024-12-30,"SF43718",20.5103,"Tipo de cambio FIX USD/MXN"
2024-12-31,"SF43718",20.7862,"Tipo de cambio FIX USD/MXN"
2025-01-02,"SF43718",20.6917,"Tipo de cambio FIX USD/MXN"
2025-01-03,"SF43718",20.6708,"Tipo de cambio FIX USD/MXN"
2025-01-06,"SF43718",20.3195,"Tipo de cambio FIX USD/MXN"
2025-01-07,"SF43718",20.344,"Tipo de cambio FIX USD/MXN"
2025-01-08,"SF43718",20.3823,"Tipo de cambio FIX USD/MXN"
2025-01-09,"SF43718",20.4742,"Tipo de cambio FIX USD/MXN"
2025-01-10,"SF43718",20.7045,"Tipo de cambio FIX USD/MXN"
2025-01-13,"SF43718",20.8012,"Tipo de cambio FIX USD/MXN"
2025-01-14,"SF43718",20.482,"Tipo de cambio FIX USD/MXN"
2025-01-15,"SF43718",20.4875,"Tipo de cambio FIX USD/MXN"
2025-01-16,"SF43718",20.7732,"Tipo de cambio FIX USD/MXN"
2025-01-17,"SF43718",20.718,"Tipo de cambio FIX USD/MXN"
2025-01-20,"SF43718",20.543,"Tipo de cambio FIX USD/MXN"
2025-01-21,"SF43718",20.6358,"Tipo de cambio FIX USD/MXN"
2025-01-22,"SF43718",20.5397,"Tipo de cambio FIX USD/MXN"
2025-01-23,"SF43718",20.3943,"Tipo de cambio FIX USD/MXN"
2025-01-24,"SF43718",20.2255,"Tipo de cambio FIX USD/MXN"
2025-01-27,"SF43718",20.7002,"Tipo de cambio FIX USD/MXN"
2025-01-28,"SF43718",20.5668,"Tipo de cambio FIX USD/MXN"
2025-01-29,"SF43718",20.5677,"Tipo de cambio FIX USD/MXN"
2025-01-30,"SF43718",20.4497,"Tipo de cambio FIX USD/MXN"
2025-01-31,"SF43718",20.6068,"Tipo de cambio FIX USD/MXN"
2025-02-04,"SF43718",20.4268,"Tipo de cambio FIX USD/MXN"
2025-02-05,"SF43718",20.6363,"Tipo de cambio FIX USD/MXN"
2025-02-06,"SF43718",20.5125,"Tipo de cambio FIX USD/MXN"
2025-02-07,"SF43718",20.5512,"Tipo de cambio FIX USD/MXN"
2025-02-10,"SF43718",20.6693,"Tipo de cambio FIX USD/MXN"
2025-02-11,"SF43718",20.568,"Tipo de cambio FIX USD/MXN"
2025-02-12,"SF43718",20.4917,"Tipo de cambio FIX USD/MXN"
2025-02-13,"SF43718",20.4978,"Tipo de cambio FIX USD/MXN"
2025-02-14,"SF43718",20.3082,"Tipo de cambio FIX USD/MXN"
2025-02-17,"SF43718",20.283,"Tipo de cambio FIX USD/MXN"
2025-02-18,"SF43718",20.2617,"Tipo de cambio FIX USD/MXN"
2025-02-19,"SF43718",20.4208,"Tipo de cambio FIX USD/MXN"
2025-02-20,"SF43718",20.3733,"Tipo de cambio FIX USD/MXN"
2025-02-21,"SF43718",20.3448,"Tipo de cambio FIX USD/MXN"
2025-02-24,"SF43718",20.464,"Tipo de cambio FIX USD/MXN"
2025-02-25,"SF43718",20.4683,"Tipo de cambio FIX USD/MXN"
2025-02-26,"SF43718",20.4277,"Tipo de cambio FIX USD/MXN"
2025-02-27,"SF43718",20.4722,"Tipo de cambio FIX USD/MXN"
2025-02-28,"SF43718",20.508,"Tipo de cambio FIX USD/MXN"
2025-03-03,"SF43718",20.4333,"Tipo de cambio FIX USD/MXN"
2025-03-04,"SF43718",20.8518,"Tipo de cambio FIX USD/MXN"
2025-03-05,"SF43718",20.3893,"Tipo de cambio FIX USD/MXN"
2025-03-06,"SF43718",20.2777,"Tipo de cambio FIX USD/MXN"
2025-03-07,"SF43718",20.283,"Tipo de cambio FIX USD/MXN"
2025-03-10,"SF43718",20.2922,"Tipo de cambio FIX USD/MXN"
2025-03-11,"SF43718",20.3388,"Tipo de cambio FIX USD/MXN"
2025-03-12,"SF43718",20.1828,"Tipo de cambio FIX USD/MXN"
2025-03-13,"SF43718",20.0848,"Tipo de cambio FIX USD/MXN"
2025-03-14,"SF43718",19.8693,"Tipo de cambio FIX USD/MXN"
2025-03-18,"SF43718",19.9845,"Tipo de cambio FIX USD/MXN"
2025-03-19,"SF43718",20.0553,"Tipo de cambio FIX USD/MXN"
2025-03-20,"SF43718",20.1345,"Tipo de cambio FIX USD/MXN"
2025-03-21,"SF43718",20.2163,"Tipo de cambio FIX USD/MXN"
2025-03-24,"SF43718",20.1123,"Tipo de cambio FIX USD/MXN"
2025-03-25,"SF43718",20.0762,"Tipo de cambio FIX USD/MXN"
2025-03-26,"SF43718",20.0963,"Tipo de cambio FIX USD/MXN"
2025-03-27,"SF43718",20.3182,"Tipo de cambio FIX USD/MXN"
2025-03-28,"SF43718",20.4003,"Tipo de cambio FIX USD/MXN"
2025-03-31,"SF43718",20.438,"Tipo de cambio FIX USD/MXN"
2025-04-01,"SF43718",20.3587,"Tipo de cambio FIX USD/MXN"
2025-04-02,"SF43718",20.4568,"Tipo de cambio FIX USD/MXN"
2025-04-03,"SF43718",19.9708,"Tipo de cambio FIX USD/MXN"
2025-04-04,"SF43718",20.501,"Tipo de cambio FIX USD/MXN"
2025-04-07,"SF43718",20.6947,"Tipo de cambio FIX USD/MXN"
2025-04-08,"SF43718",20.6867,"Tipo de cambio FIX USD/MXN"
2025-04-09,"SF43718",20.7653,"Tipo de cambio FIX USD/MXN"
2025-04-10,"SF43718",20.492,"Tipo de cambio FIX USD/MXN"
2025-04-11,"SF43718",20.3363,"Tipo de cambio FIX USD/MXN"
2025-04-14,"SF43718",20.1025,"Tipo de cambio FIX USD/MXN"
2025-04-15,"SF43718",20.0213,"Tipo de cambio FIX USD/MXN"
2025-04-16,"SF43718",19.9737,"Tipo de cambio FIX USD/MXN"
2025-04-21,"SF43718",19.6718,"Tipo de cambio FIX USD/MXN"
2025-04-22,"SF43718",19.5688,"Tipo de cambio FIX USD/MXN"
2025-04-23,"SF43718",19.6278,"Tipo de cambio FIX USD/MXN"
2025-04-24,"SF43718",19.5825,"Tipo de cambio FIX USD/MXN"
2025-04-25,"SF43718",19.5478,"Tipo de cambio FIX USD/MXN"
2025-04-28,"SF43718",19.5723,"Tipo de cambio FIX USD/MXN"
2025-04-29,"SF43718",19.5868,"Tipo de cambio FIX USD/MXN"
2025-04-30,"SF43718",19.6095,"Tipo de cambio FIX USD/MXN"
2025-05-02,"SF43718",19.657,"Tipo de cambio FIX USD/MXN"
2025-05-05,"SF43718",19.6365,"Tipo de cambio FIX USD/MXN"
2025-05-06,"SF43718",19.6785,"Tipo de cambio FIX USD/MXN"
2025-05-07,"SF43718",19.588,"Tipo de cambio FIX USD/MXN"
2025-05-08,"SF43718",19.5642,"Tipo de cambio FIX USD/MXN"
2025-05-09,"SF43718",19.4912,"Tipo de cambio FIX USD/MXN"
2025-05-12,"SF43718",19.6162,"Tipo de cambio FIX USD/MXN"
2025-05-13,"SF43718",19.4373,"Tipo de cambio FIX USD/MXN"
2025-05-14,"SF43718",19.363,"Tipo de cambio FIX USD/MXN"
2025-05-15,"SF43718",19.478,"Tipo de cambio FIX USD/MXN"
2025-05-16,"SF43718",19.5147,"Tipo de cambio FIX USD/MXN"
2025-05-19,"SF43718",19.3723,"Tipo de cambio FIX USD/MXN"
2025-05-20,"SF43718",19.2648,"Tipo de cambio FIX USD/MXN"
2025-05-21,"SF43718",19.3198,"Tipo de cambio FIX USD/MXN"
2025-05-22,"SF43718",19.3227,"Tipo de cambio FIX USD/MXN"
2025-05-23,"SF43718",19.2748,"Tipo de cambio FIX USD/MXN"
2025-05-26,"SF43718",19.2188,"Tipo de cambio FIX USD/MXN"
2025-05-27,"SF43718",19.2338,"Tipo de cambio FIX USD/MXN"
2025-05-28,"SF43718",19.4,"Tipo de cambio FIX USD/MXN"
2025-05-29,"SF43718",19.328,"Tipo de cambio FIX USD/MXN"
2025-05-30,"SF43718",19.3858,"Tipo de cambio FIX USD/MXN"
2025-06-02,"SF43718",19.2338,"Tipo de cambio FIX USD/MXN"
2025-06-03,"SF43718",19.2638,"Tipo de cambio FIX USD/MXN"
2025-06-04,"SF43718",19.1932,"Tipo de cambio FIX USD/MXN"
2025-06-05,"SF43718",19.17,"Tipo de cambio FIX USD/MXN"
2025-06-06,"SF43718",19.1317,"Tipo de cambio FIX USD/MXN"
2025-06-09,"SF43718",19.0595,"Tipo de cambio FIX USD/MXN"
2025-06-10,"SF43718",19.0518,"Tipo de cambio FIX USD/MXN"
2025-06-11,"SF43718",18.879,"Tipo de cambio FIX USD/MXN"
2025-06-12,"SF43718",18.9068,"Tipo de cambio FIX USD/MXN"
2025-06-13,"SF43718",18.9302,"Tipo de cambio FIX USD/MXN"
2025-06-16,"SF43718",18.9083,"Tipo de cambio FIX USD/MXN"
2025-06-17,"SF43718",18.9872,"Tipo de cambio FIX USD/MXN"
2025-06-18,"SF43718",19.0047,"Tipo de cambio FIX USD/MXN"
2025-06-19,"SF43718",19.0898,"Tipo de cambio FIX USD/MXN"
2025-06-20,"SF43718",19.1458,"Tipo de cambio FIX USD/MXN"
2025-06-23,"SF43718",19.1527,"Tipo de cambio FIX USD/MXN"
2025-06-24,"SF43718",19.0267,"Tipo de cambio FIX USD/MXN"
2025-06-25,"SF43718",18.9203,"Tipo de cambio FIX USD/MXN"
2025-06-26,"SF43718",18.8928,"Tipo de cambio FIX USD/MXN"
2025-06-27,"SF43718",18.8483,"Tipo de cambio FIX USD/MXN"
2025-06-30,"SF43718",18.8332,"Tipo de cambio FIX USD/MXN"
2025-07-01,"SF43718",18.765,"Tipo de cambio FIX USD/MXN"
2025-07-02,"SF43718",18.754,"Tipo de cambio FIX USD/MXN"
2025-07-03,"SF43718",18.6652,"Tipo de cambio FIX USD/MXN"
2025-07-04,"SF43718",18.6327,"Tipo de cambio FIX USD/MXN"
2025-07-07,"SF43718",18.6698,"Tipo de cambio FIX USD/MXN"
2025-07-08,"SF43718",18.714,"Tipo de cambio FIX USD/MXN"
2025-07-09,"SF43718",18.5733,"Tipo de cambio FIX USD/MXN"
2025-07-10,"SF43718",18.6267,"Tipo de cambio FIX USD/MXN"
2025-07-11,"SF43718",18.6595,"Tipo de cambio FIX USD/MXN"
2025-07-14,"SF43718",18.751,"Tipo de cambio FIX USD/MXN"
2025-07-15,"SF43718",18.8397,"Tipo de cambio FIX USD/MXN"
2025-07-16,"SF43718",18.7178,"Tipo de cambio FIX USD/MXN"
2025-07-17,"SF43718",18.7685,"Tipo de cambio FIX USD/MXN"
2025-07-18,"SF43718",18.72,"Tipo de cambio FIX USD/MXN"
2025-07-21,"SF43718",18.6455,"Tipo de cambio FIX USD/MXN"
2025-07-22,"SF43718",18.6212,"Tipo de cambio FIX USD/MXN"
2025-07-23,"SF43718",18.5735,"Tipo de cambio FIX USD/MXN"
2025-07-24,"SF43718",18.5538,"Tipo de cambio FIX USD/MXN"
2025-07-25,"SF43718",18.557,"Tipo de cambio FIX USD/MXN"
2025-07-28,"SF43718",18.7267,"Tipo de cambio FIX USD/MXN"
2025-07-29,"SF43718",18.7642,"Tipo de cambio FIX USD/MXN"
2025-07-30,"SF43718",18.796,"Tipo de cambio FIX USD/MXN"
2025-07-31,"SF43718",18.7963,"Tipo de cambio FIX USD/MXN"
2025-08-01,"SF43718",18.916,"Tipo de cambio FIX USD/MXN"
2025-08-04,"SF43718",18.8783,"Tipo de cambio FIX USD/MXN"
2025-08-05,"SF43718",18.762,"Tipo de cambio FIX USD/MXN"
2025-08-06,"SF43718",18.6192,"Tipo de cambio FIX USD/MXN"
2025-08-07,"SF43718",18.6765,"Tipo de cambio FIX USD/MXN"
2025-08-08,"SF43718",18.5518,"Tipo de cambio FIX USD/MXN"
2025-08-11,"SF43718",18.6683,"Tipo de cambio FIX USD/MXN"
2025-08-12,"SF43718",18.5657,"Tipo de cambio FIX USD/MXN"
2025-08-13,"SF43718",18.6353,"Tipo de cambio FIX USD/MXN"
2025-08-14,"SF43718",18.8137,"Tipo de cambio FIX USD/MXN"
2025-08-15,"SF43718",18.7295,"Tipo de cambio FIX USD/MXN"
2025-08-18,"SF43718",18.784,"Tipo de cambio FIX USD/MXN"
2025-08-19,"SF43718",18.7982,"Tipo de cambio FIX USD/MXN"
2025-08-20,"SF43718",18.7572,"Tipo de cambio FIX USD/MXN"
2025-08-21,"SF43718",18.7737,"Tipo de cambio FIX USD/MXN"
2025-08-22,"SF43718",18.595,"Tipo de cambio FIX USD/MXN"
2025-08-25,"SF43718",18.6368,"Tipo de cambio FIX USD/MXN"
2025-08-26,"SF43718",18.6843,"Tipo de cambio FIX USD/MXN"
2025-08-27,"SF43718",18.6912,"Tipo de cambio FIX USD/MXN"
2025-08-28,"SF43718",18.6522,"Tipo de cambio FIX USD/MXN"
2025-08-29,"SF43718",18.644,"Tipo de cambio FIX USD/MXN"
2025-09-01,"SF43718",18.646,"Tipo de cambio FIX USD/MXN"
2025-09-02,"SF43718",18.7072,"Tipo de cambio FIX USD/MXN"
2025-09-03,"SF43718",18.6873,"Tipo de cambio FIX USD/MXN"
2025-09-04,"SF43718",18.7577,"Tipo de cambio FIX USD/MXN"
2025-09-05,"SF43718",18.6792,"Tipo de cambio FIX USD/MXN"
2025-09-08,"SF43718",18.655,"Tipo de cambio FIX USD/MXN"
2025-09-09,"SF43718",18.6353,"Tipo de cambio FIX USD/MXN"
2025-09-10,"SF43718",18.592,"Tipo de cambio FIX USD/MXN"
2025-09-11,"SF43718",18.5287,"Tipo de cambio FIX USD/MXN"
2025-09-12,"SF43718",18.4757,"Tipo de cambio FIX USD/MXN"
2025-09-15,"SF43718",18.3635,"Tipo de cambio FIX USD/MXN"
2025-09-17,"SF43718",18.3257,"Tipo de cambio FIX USD/MXN"
2025-09-18,"SF43718",18.361,"Tipo de cambio FIX USD/MXN"
2025-09-19,"SF43718",18.3892,"Tipo de cambio FIX USD/MXN"
2025-09-22,"SF43718",18.4082,"Tipo de cambio FIX USD/MXN"
2025-09-23,"SF43718",18.3232,"Tipo de cambio FIX USD/MXN"
2025-09-24,"SF43718",18.4312,"Tipo de cambio FIX USD/MXN"
2025-09-25,"SF43718",18.4457,"Tipo de cambio FIX USD/MXN"
2025-09-26,"SF43718",18.3825,"Tipo de cambio FIX USD/MXN"
2025-09-29,"SF43718",18.3507,"Tipo de cambio FIX USD/MXN"
2025-09-30,"SF43718",18.3342,"Tipo de cambio FIX USD/MXN"
2025-10-01,"SF43718",18.3477,"Tipo de cambio FIX USD/MXN"
2025-10-02,"SF43718",18.4843,"Tipo de cambio FIX USD/MXN"
2025-10-03,"SF43718",18.3902,"Tipo de cambio FIX USD/MXN"
2025-10-06,"SF43718",18.3528,"Tipo de cambio FIX USD/MXN"
2025-10-07,"SF43718",18.3762,"Tipo de cambio FIX USD/MXN"
2025-10-08,"SF43718",18.3477,"Tipo de cambio FIX USD/MXN"
2025-10-09,"SF43718",18.383,"Tipo de cambio FIX USD/MXN"
2025-10-10,"SF43718",18.5567,"Tipo de cambio FIX USD/MXN"
2025-10-13,"SF43718",18.44,"Tipo de cambio FIX USD/MXN"
2025-10-14,"SF43718",18.522,"Tipo de cambio FIX USD/MXN"
2025-10-15,"SF43718",18.4808,"Tipo de cambio FIX USD/MXN"
2025-10-16,"SF43718",18.4108,"Tipo de cambio FIX USD/MXN"
2025-10-17,"SF43718",18.407,"Tipo de cambio FIX USD/MXN"
2025-10-20,"SF43718",18.4032,"Tipo de cambio FIX USD/MXN"
2025-10-21,"SF43718",18.4252,"Tipo de cambio FIX USD/MXN"
2025-10-22,"SF43718",18.4333,"Tipo de cambio FIX USD/MXN"
2025-10-23,"SF43718",18.4033,"Tipo de cambio FIX USD/MXN"
2025-10-24,"SF43718",18.3948,"Tipo de cambio FIX USD/MXN"
2025-10-27,"SF43718",18.3892,"Tipo de cambio FIX USD/MXN"
2025-10-28,"SF43718",18.4145,"Tipo de cambio FIX USD/MXN"
2025-10-29,"SF43718",18.4072,"Tipo de cambio FIX USD/MXN"
2025-10-30,"SF43718",18.538,"Tipo de cambio FIX USD/MXN"
2025-10-31,"SF43718",18.5725,"Tipo de cambio FIX USD/MXN"
2025-11-03,"SF43718",18.4835,"Tipo de cambio FIX USD/MXN"
2025-11-04,"SF43718",18.6133,"Tipo de cambio FIX USD/MXN"
2025-11-05,"SF43718",18.5947,"Tipo de cambio FIX USD/MXN"
2025-11-06,"SF43718",18.6233,"Tipo de cambio FIX USD/MXN"
2025-11-07,"SF43718",18.5,"Tipo de cambio FIX USD/MXN"
2025-11-10,"SF43718",18.3922,"Tipo de cambio FIX USD/MXN"
2025-11-11,"SF43718",18.3333,"Tipo de cambio FIX USD/MXN"
2025-11-12,"SF43718",18.2982,"Tipo de cambio FIX USD/MXN"
2025-11-13,"SF43718",18.2805,"Tipo de cambio FIX USD/MXN"
2025-11-14,"SF43718",18.3262,"Tipo de cambio FIX USD/MXN"
2025-11-18,"SF43718",18.3728,"Tipo de cambio FIX USD/MXN"
2025-11-19,"SF43718",18.341,"Tipo de cambio FIX USD/MXN"
2025-11-20,"SF43718",18.355,"Tipo de cambio FIX USD/MXN"
2025-11-21,"SF43718",18.4965,"Tipo de cambio FIX USD/MXN"
2025-11-24,"SF43718",18.4997,"Tipo de cambio FIX USD/MXN"
2025-11-25,"SF43718",18.4308,"Tipo de cambio FIX USD/MXN"
2025-11-26,"SF43718",18.356,"Tipo de cambio FIX USD/MXN"
2025-11-27,"SF43718",18.3467,"Tipo de cambio FIX USD/MXN"
2025-11-28,"SF43718",18.3075,"Tipo de cambio FIX USD/MXN"
2025-12-01,"SF43718",18.2757,"Tipo de cambio FIX USD/MXN"
2025-12-02,"SF43718",18.291,"Tipo de cambio FIX USD/MXN"
2025-12-03,"SF43718",18.2642,"Tipo de cambio FIX USD/MXN"
2025-12-04,"SF43718",18.2293,"Tipo de cambio FIX USD/MXN"
2025-12-05,"SF43718",18.186,"Tipo de cambio FIX USD/MXN"
2025-12-08,"SF43718",18.2367,"Tipo de cambio FIX USD/MXN"
2025-12-09,"SF43718",18.194,"Tipo de cambio FIX USD/MXN"
2025-12-10,"SF43718",18.2085,"Tipo de cambio FIX USD/MXN"
2025-12-11,"SF43718",18.0543,"Tipo de cambio FIX USD/MXN"
2025-12-15,"SF43718",17.9925,"Tipo de cambio FIX USD/MXN"
2025-12-16,"SF43718",17.9525,"Tipo de cambio FIX USD/MXN"
2025-12-17,"SF43718",18.02,"Tipo de cambio FIX USD/MXN"
2025-12-18,"SF43718",17.9792,"Tipo de cambio FIX USD/MXN"
2025-12-19,"SF43718",18.0065,"Tipo de cambio FIX USD/MXN"
2025-12-22,"SF43718",17.9785,"Tipo de cambio FIX USD/MXN"
2025-12-23,"SF43718",17.9332,"Tipo de cambio FIX USD/MXN"
2025-12-24,"SF43718",17.9248,"Tipo de cambio FIX USD/MXN"
2025-12-26,"SF43718",17.9042,"Tipo de cambio FIX USD/MXN"
2025-12-29,"SF43718",17.9667,"Tipo de cambio FIX USD/MXN"
2025-12-30,"SF43718",17.9528,"Tipo de cambio FIX USD/MXN"
2025-12-31,"SF43718",18.0012,"Tipo de cambio FIX USD/MXN"
2026-01-02,"SF43718",17.8803,"Tipo de cambio FIX USD/MXN"
2026-01-05,"SF43718",17.8905,"Tipo de cambio FIX USD/MXN"
2026-01-06,"SF43718",17.9697,"Tipo de cambio FIX USD/MXN"
2026-01-07,"SF43718",17.9587,"Tipo de cambio FIX USD/MXN"
2026-01-08,"SF43718",17.9807,"Tipo de cambio FIX USD/MXN"
2026-01-09,"SF43718",17.9842,"Tipo de cambio FIX USD/MXN"
2026-01-12,"SF43718",17.9075,"Tipo de cambio FIX USD/MXN"
2026-01-13,"SF43718",17.854,"Tipo de cambio FIX USD/MXN"
2026-01-14,"SF43718",17.8167,"Tipo de cambio FIX USD/MXN"
2026-01-15,"SF43718",17.6897,"Tipo de cambio FIX USD/MXN"
2026-01-16,"SF43718",17.6867,"Tipo de cambio FIX USD/MXN"
2026-01-19,"SF43718",17.599,"Tipo de cambio FIX USD/MXN"
2026-01-20,"SF43718",17.6008,"Tipo de cambio FIX USD/MXN"
2026-01-21,"SF43718",17.452,"Tipo de cambio FIX USD/MXN"
2026-01-22,"SF43718",17.4828,"Tipo de cambio FIX USD/MXN"
2026-01-23,"SF43718",17.4545,"Tipo de cambio FIX USD/MXN"
2026-01-26,"SF43718",17.283,"Tipo de cambio FIX USD/MXN"
2026-01-27,"SF43718",17.2357,"Tipo de cambio FIX USD/MXN"
2026-01-28,"SF43718",17.2322,"Tipo de cambio FIX USD/MXN"
2026-01-29,"SF43718",17.2532,"Tipo de cambio FIX USD/MXN"
2026-01-30,"SF43718",17.331,"Tipo de cambio FIX USD/MXN"
2026-02-03,"SF43718",17.235,"Tipo de cambio FIX USD/MXN"
2026-02-04,"SF43718",17.2925,"Tipo de cambio FIX USD/MXN"
2026-02-05,"SF43718",17.407,"Tipo de cambio FIX USD/MXN"
2026-02-06,"SF43718",17.2988,"Tipo de cambio FIX USD/MXN"
2026-02-09,"SF43718",17.1907,"Tipo de cambio FIX USD/MXN"
2026-02-10,"SF43718",17.2315,"Tipo de cambio FIX USD/MXN"
2026-02-11,"SF43718",17.2155,"Tipo de cambio FIX USD/MXN"
2026-02-12,"SF43718",17.2,"Tipo de cambio FIX USD/MXN"
2026-02-13,"SF43718",17.1798,"Tipo de cambio FIX USD/MXN"
2026-02-16,"SF43718",17.1723,"Tipo de cambio FIX USD/MXN"
2026-02-17,"SF43718",17.1753,"Tipo de cambio FIX USD/MXN"
2026-02-18,"SF43718",17.1392,"Tipo de cambio FIX USD/MXN"
2026-02-19,"SF43718",17.27,"Tipo de cambio FIX USD/MXN"
2026-02-20,"SF43718",17.1722,"Tipo de cambio FIX USD/MXN"
2026-02-23,"SF43718",17.2162,"Tipo de cambio FIX USD/MXN"
2026-02-24,"SF43718",17.191,"Tipo de cambio FIX USD/MXN"
2026-02-25,"SF43718",17.17,"Tipo de cambio FIX USD/MXN"
2026-02-26,"SF43718",17.2563,"Tipo de cambio FIX USD/MXN"
2026-02-27,"SF43718",17.2193,"Tipo de cambio FIX USD/MXN"
2026-03-02,"SF43718",17.3485,"Tipo de cambio FIX USD/MXN"
2026-03-03,"SF43718",17.7228,"Tipo de cambio FIX USD/MXN"
2026-03-04,"SF43718",17.5445,"Tipo de cambio FIX USD/MXN"
2026-03-05,"SF43718",17.677,"Tipo de cambio FIX USD/MXN"
2026-03-06,"SF43718",17.7962,"Tipo de cambio FIX USD/MXN"
2026-03-09,"SF43718",17.7687,"Tipo de cambio FIX USD/MXN"
2026-03-10,"SF43718",17.5037,"Tipo de cambio FIX USD/MXN"
2026-03-11,"SF43718",17.6543,"Tipo de cambio FIX USD/MXN"
2026-03-12,"SF43718",17.8368,"Tipo de cambio FIX USD/MXN"
2026-03-13,"SF43718",17.9218,"Tipo de cambio FIX USD/MXN"
2026-03-17,"SF43718",17.6922,"Tipo de cambio FIX USD/MXN"
2026-03-18,"SF43718",17.669,"Tipo de cambio FIX USD/MXN"
2026-03-19,"SF43718",17.8117,"Tipo de cambio FIX USD/MXN"
2026-03-20,"SF43718",17.8998,"Tipo de cambio FIX USD/MXN"
2026-03-23,"SF43718",17.778,"Tipo de cambio FIX USD/MXN"
2026-03-24,"SF43718",17.8047,"Tipo de cambio FIX USD/MXN"
2026-03-25,"SF43718",17.7548,"Tipo de cambio FIX USD/MXN"
2026-03-26,"SF43718",17.7957,"Tipo de cambio FIX USD/MXN"
2026-03-27,"SF43718",18.0667,"Tipo de cambio FIX USD/MXN"
2026-03-30,"SF43718",18.1033,"Tipo de cambio FIX USD/MXN"
2026-03-31,"SF43718",18.0033,"Tipo de cambio FIX USD/MXN"
2026-04-01,"SF43718",17.8117,"Tipo de cambio FIX USD/MXN"
2026-04-06,"SF43718",17.7932,"Tipo de cambio FIX USD/MXN"
2026-04-07,"SF43718",17.758,"Tipo de cambio FIX USD/MXN"
2026-04-08,"SF43718",17.4157,"Tipo de cambio FIX USD/MXN"
2026-04-09,"SF43718",17.3593,"Tipo de cambio FIX USD/MXN"
2026-04-10,"SF43718",17.3033,"Tipo de cambio FIX USD/MXN"
2026-04-13,"SF43718",17.347,"Tipo de cambio FIX USD/MXN"
2026-04-14,"SF43718",17.2688,"Tipo de cambio FIX USD/MXN"
2026-04-15,"SF43718",17.2623,"Tipo de cambio FIX USD/MXN"
2026-04-16,"SF43718",17.2723,"Tipo de cambio FIX USD/MXN"
2026-04-17,"SF43718",17.2447,"Tipo de cambio FIX USD/MXN"
2026-04-20,"SF43718",17.32,"Tipo de cambio FIX USD/MXN"
2026-04-21,"SF43718",17.3323,"Tipo de cambio FIX USD/MXN"
2026-04-22,"SF43718",17.3287,"Tipo de cambio FIX USD/MXN"
2026-04-23,"SF43718",17.3587,"Tipo de cambio FIX USD/MXN"
2026-04-24,"SF43718",17.4052,"Tipo de cambio FIX USD/MXN"
2026-04-27,"SF43718",17.3838,"Tipo de cambio FIX USD/MXN"
2026-04-28,"SF43718",17.403,"Tipo de cambio FIX USD/MXN"
2026-04-29,"SF43718",17.4948,"Tipo de cambio FIX USD/MXN"
2026-04-30,"SF43718",17.5118,"Tipo de cambio FIX USD/MXN"
2026-05-04,"SF43718",17.5157,"Tipo de cambio FIX USD/MXN"
2026-05-05,"SF43718",17.3752,"Tipo de cambio FIX USD/MXN"
2026-05-06,"SF43718",17.253,"Tipo de cambio FIX USD/MXN"
2026-05-07,"SF43718",17.24,"Tipo de cambio FIX USD/MXN"
2026-05-08,"SF43718",17.2105,"Tipo de cambio FIX USD/MXN"
2026-05-11,"SF43718",17.1908,"Tipo de cambio FIX USD/MXN"
2026-05-12,"SF43718",17.252,"Tipo de cambio FIX USD/MXN"
2026-05-13,"SF43718",17.1878,"Tipo de cambio FIX USD/MXN"
2026-05-14,"SF43718",17.213,"Tipo de cambio FIX USD/MXN"
2026-05-15,"SF43718",17.3477,"Tipo de cambio FIX USD/MXN"
2026-05-18,"SF43718",17.2928,"Tipo de cambio FIX USD/MXN"
2026-05-19,"SF43718",17.3968,"Tipo de cambio FIX USD/MXN"
2026-05-20,"SF43718",17.2938,"Tipo de cambio FIX USD/MXN"
2026-05-21,"SF43718",17.3305,"Tipo de cambio FIX USD/MXN"
2026-05-22,"SF43718",17.3213,"Tipo de cambio FIX USD/MXN"
2026-05-25,"SF43718",17.272,"Tipo de cambio FIX USD/MXN"
2026-05-26,"SF43718",17.3232,"Tipo de cambio FIX USD/MXN"
2026-05-27,"SF43718",17.3793,"Tipo de cambio FIX USD/MXN"
2026-05-28,"SF43718",17.3213,"Tipo de cambio FIX USD/MXN"
2026-05-29,"SF43718",17.3505,"Tipo de cambio FIX USD/MXN"
2026-06-01,"SF43718",17.378,"Tipo de cambio FIX USD/MXN"
2026-06-02,"SF43718",17.2945,"Tipo de cambio FIX USD/MXN"
2026-06-03,"SF43718",17.3328,"Tipo de cambio FIX USD/MXN"
2026-06-04,"SF43718",17.2888,"Tipo de cambio FIX USD/MXN"
2026-06-05,"SF43718",17.4755,"Tipo de cambio FIX USD/MXN"
2026-06-08,"SF43718",17.4453,"Tipo de cambio FIX USD/MXN"
2026-06-09,"SF43718",17.4312,"Tipo de cambio FIX USD/MXN"
2026-06-10,"SF43718",17.3898,"Tipo de cambio FIX USD/MXN"
2026-06-11,"SF43718",17.3833,"Tipo de cambio FIX USD/MXN"
2026-06-12,"SF43718",17.2067,"Tipo de cambio FIX USD/MXN"
2026-06-15,"SF43718",17.2008,"Tipo de cambio FIX USD/MXN"
2026-06-16,"SF43718",17.2023,"Tipo de cambio FIX USD/MXN"
2026-06-17,"SF43718",17.1892,"Tipo de cambio FIX USD/MXN"
2026-06-18,"SF43718",17.3688,"Tipo de cambio FIX USD/MXN"
2026-06-19,"SF43718",17.3247,"Tipo de cambio FIX USD/MXN"
2026-06-22,"SF43718",17.348,"Tipo de cambio FIX USD/MXN"
2026-06-23,"SF43718",17.5505,"Tipo de cambio FIX USD/MXN"
2026-06-24,"SF43718",17.6213,"Tipo de cambio FIX USD/MXN"
2026-06-25,"SF43718",17.526,"Tipo de cambio FIX USD/MXN"
2026-06-26,"SF43718",17.47,"Tipo de cambio FIX USD/MXN"
2026-06-29,"SF43718",17.5053,"Tipo de cambio FIX USD/MXN"
2026-06-30,"SF43718",17.4693,"Tipo de cambio FIX USD/MXN"
2026-07-01,"SF43718",17.5368,"Tipo de cambio FIX USD/MXN"
2026-07-02,"SF43718",17.4725,"Tipo de cambio FIX USD/MXN"
2026-07-03,"SF43718",17.4758,"Tipo de cambio FIX USD/MXN"
2026-07-06,"SF43718",17.4342,"Tipo de cambio FIX USD/MXN"
2026-07-07,"SF43718",17.4958,"Tipo de cambio FIX USD/MXN"
2026-07-08,"SF43718",17.5993,"Tipo de cambio FIX USD/MXN"
2026-07-09,"SF43718",17.535,"Tipo de cambio FIX USD/MXN"
2026-07-10,"SF43718",17.4842,"Tipo de cambio FIX USD/MXN"
2026-07-13,"SF43718",17.5023,"Tipo de cambio FIX USD/MXN"
2026-07-14,"SF43718",17.4278,"Tipo de cambio FIX USD/MXN"
2026-07-15,"SF43718",17.391,"Tipo de cambio FIX USD/MXN"
2026-07-16,"SF43718",17.4418,"Tipo de cambio FIX USD/MXN"
2026-07-17,"SF43718",17.5242,"Tipo de cambio FIX USD/MXN"
2026-07-20,"SF43718",17.4315,"Tipo de cambio FIX USD/MXN"
2026-07-21,"SF43718",17.3975,"Tipo de cambio FIX USD/MXN"
2026-07-22,"SF43718",17.3973,"Tipo de cambio FIX USD/MXN"
2026-07-23,"SF43718",17.513,"Tipo de cambio FIX USD/MXN"
2026-07-24,"SF43718",17.4635,"Tipo de cambio FIX USD/MXN"
2026-07-27,"SF43718",17.444,"Tipo de cambio FIX USD/MXN"
2026-07-28,"SF43718",17.4312,"Tipo de cambio FIX USD/MXN"
2026-07-29,"SF43718",17.5133,"Tipo de cambio FIX USD/MXN"
2026-07-30,"SF43718",17.3562,"Tipo de cambio FIX USD/MXN"
2026-07-31,"SF43718",17.3288,"Tipo de cambio FIX USD/MXN"
2026-08-03,"SF43718",17.3317,"Tipo de cambio FIX USD/MXN"
2026-08-04,"SF43718",17.2717,"Tipo de cambio FIX USD/MXN"
2026-08-05,"SF43718",17.2317,"Tipo de cambio FIX USD/MXN"
2026-08-06,"SF43718",17.2195,"Tipo de cambio FIX USD/MXN"
2026-08-07,"SF43718",17.1387,"Tipo de cambio FIX USD/MXN"
2026-08-10,"SF43718",17.1408,"Tipo de cambio FIX USD/MXN"
2026-08-11,"SF43718",17.1092,"Tipo de cambio FIX USD/MXN"
2026-08-12,"SF43718",17.0627,"Tipo de cambio FIX USD/MXN"
2026-08-13,"SF43718",17.053,"Tipo de cambio FIX USD/MXN"
2026-08-14,"SF43718",17.0218,"Tipo de cambio FIX USD/MXN"
2026-08-17,"SF43718",17.0245,"Tipo de cambio FIX USD/MXN"
2026-08-18,"SF43718",17.0638,"Tipo de cambio FIX USD/MXN"
2026-08-19,"SF43718",16.9593,"Tipo de cambio FIX USD/MXN"
2026-08-20,"SF43718",16.9583,"Tipo de cambio FIX USD/MXN"
2026-08-21,"SF43718",16.9018,"Tipo de cambio FIX USD/MXN"
2026-08-24,"SF43718",16.9647,"Tipo de cambio FIX USD/MXN"
